Serial,Name,Voter No,Father's Name,Mother's Name,Address,Ward,Gender
০০০১,মোছাম্মৎ হোসনে আরা বেগম,১৫০২৯৫১০০০০১,মরহুম আবুল হোসেন,ফরিদা আক্তার,"হাবিব উল্যাাহ মীর বাড়ী, উত্তর বগাচতর, বগাচতর, সীতাকুন্ড, চট্টগ্রাম",১,Female
০০০২,মোছাম্মৎ মমতাজ বেগম,১৫০২৯৫১০০০০২,মরহুম মোখলেছুর রহমান,হাজেরা খাতুন,"হাবিব উল্যাাহ মীর বাড়ী, উত্তর বগাচতর, বগাচতর, সীতাকুন্ড, চট্টগ্রাম",১,Female
০০০৩,মোছাম্মৎ হোসনে আরা বেগম,১৫০২৯৫১০০০০৩,মরহুম শফিউল আলম,মরহুমা রহিমা খাতুন,"হাবিব উল্যাাহ মীর বাড়ী, উত্তর বগাচতর, বগাচতর, সীতাকুন্ড, চট্টগ্রাম",১,Female
০০০৪,শিরিনা আক্তার,১৫০২৯৫১০০০০৬,গনি আহমেদ,লূৎফুন্নেসা,"হাবিব উল্যাাহ মীর বাড়ী, উত্তর বগাচতর, বগাচতর, সীতাকুন্ড, চট্টগ্রাম",১,Female
০০০৫,সাফিয়া আক্তার,১৫০২৯৫১০০০১০,মরহুম কামাল উদ্দিন ভূঁইয়া,রেহেনা বেগম,"হাবিব উল্যাাহ মীর বাড়ী, উত্তর বগাচতর, বগাচতর, সীতাকুন্ড, চট্টগ্রাম",১,Female
০০০৬,রুমা আক্তার,১৫০২৯৫১০০০১২,মোঃ নূরের ছাপা,ফরিদা বেগম,"হাবিব উল্যাাহ মীর বাড়ী, উত্তর বগাচতর, বগাচতর, সীতাকুন্ড, চট্টগ্রাম",১,Female
০০০৭,জোসনা আক্তার,১৫০২৯৫১০০০১৬,নূরুল মোস্তফা,জাহেদা বেগম,"হাবিবউল্যাাহ মীর বাড়ী, উত্তর বগাচতর, বগাচতর, সীতাকুন্ড, চট্টগ্রাম",১,Female
০০০৮,জাহেদা আক্তার,১৫০২৯৫১০০০১৭,নূরুল আলম,ফিরোজা বেগম,"হাবিব উল্যাাহ মীর বাড়ী, উত্তর বগাচতর, বগাচতর, সীতাকুন্ড, চট্টগ্রাম",১,Female
০০০৯,নাহিদা ইয়াছমিন পান্না,১৫০২৯৫১০০০১৯,তমিজুল ইসলাম,মনোয়ারা বেগম,"হাবিবউল্যাাহ মীর বাড়ী, উত্তর বগাচতর, বগাচতর, সীতাকুন্ড, চট্টগ্রাম",১,Female
০০১০,অজিবা খাতুন,১৫০২৯৫১০০০২১,ছদিক খাতুন,ছায়রা খাতুন,"হাবিবউল্যাাহ মীর বাড়ী, উত্তর বগাচতর, বগাচতর, সীতাকুন্ড, চট্টগ্রাম",১,Female
০০১১,আনোয়ারা বেগম,১৫০২৯৫১০০০২৭,হাজী বশির আহম্মদ,ফরিদা ইয়াসমিন,"হাবিব উল্যাাহ মীর বাড়ী, উত্তর বগাচতর, বগাচতর, সীতাকুন্ড, চট্টগ্রাম",১,Female
০০১২,রাজধন বেগম,১৫০২৯৫১০০০২৮,মরহুম মনির আহম্মদ,মরহুমা জরিদা খাতুন,"হাবিব উল্যাাহ মীর বাড়ী, উত্তর বগাচতর, বগাচতর, সীতাকুন্ড, চট্টগ্রাম",১,Female
০০১৩,রাহেলা আক্তার,১৫০২৯৫১০০০২৯,মোক্তার আহম্মদ,মাহমুদা খাতুন,"হাবিব উল্যাাহ মীর বাড়ী, উত্তর বগাচতর, বগাচতর, সীতাকুন্ড, চট্টগ্রাম",১,Female
০০১৪,কোহিনূর বেগম,১৫০২৯৫১০০০৩০,আব্দুল গফুর,দেলোয়ারা বেগম,"হাবিবউল্যাাহ মীর বাড়ী, উত্তর বগাচতর, বগাচতর, সীতাকুন্ড, চট্টগ্রাম",১,Female
০০১৫,নূরজাহান বেগম,১৫০২৯৫১০০০৩১,মোঃ গোলাম রসুল,বিবি মরিয়ম,"হাবিবউল্যাাহ মীর বাড়ী, উত্তর বগাচতর, বগাচতর, সীতাকুন্ড, চট্টগ্রাম১চূড়ান্ত ভোটার তালিকাজেলা:চট্টগ্রামউপজেলা:সীতাকুন্ডইউনিয়ন:সৈয়দপুরডাকঘর:কমর আলীভোটার এলাকার কোড: ০২৯৫ভোটার এলাকার নাম: উত্তর বগাচতর",১,Female
০০১৬,মনোয়ারা বেগম,১৫০২৯৫১০০০৩২,তাজুল ইসলাম,হালিমা বেগম,"হাবিবউল্যা্যাহ মীর বাড়ী, উত্তর বগাচতর, বগাচতর, সীতাকুন্ড, চট্টগ্রাম",১,Female
০০১৭,জাহানারা বেগম,১৫০২৯৫১০০০৩৬,হাবিবুর রহমান,ফাতেমা খাতুন,"হাজী গোলাম নূর মাস্টার বাড়ী, উত্তর বগাচতর, বগাচতর, সীতাকুন্ড, চট্টগ্রাম",১,Female
০০১৮,রোজিনা আক্তার,১৫০২৯৫১০০০৩৭,মফিজুর রহমান,নূরজাহান বেগম,"হাজী গোলাম নূর মাস্টার বাড়ী, উত্তর বগাচতর, বগাচতর, সীতাকুন্ড, চট্টগ্রাম",১,Female
০০১৯,রোকসানা আক্তার,১৫০২৯৫১০০০৪০,মরহুম নূরুল আলম,রোকেয়া বেগম,"হাজী গোলাম নূর মাস্টার বাড়ী, উত্তর বগাচতর, বগাচতর, সীতাকুন্ড, চট্টগ্রাম",১,Female
০০২০,জেবুন নাহার,১৫০২৯৫১০০০৪১,আবুল বশর,নূরজাহান বেগম,"হাজী গোলাম নূর মাস্টার বাড়ী, উত্তর বগাচতর, বগাচতর, সীতাকুন্ড, চট্টগ্রাম",১,Female
০০২১,নূরজাহান বেগম,১৫০২৯৫১০০০৪২,মোঃ সালামত উল্যাাহ,ছৈয়দা খাতুন,"হাজী গোলাম নূর মাস্টার বাড়ী, উত্তর বগাচতর, বগাচতর, সীতাকুন্ড, চট্টগ্রাম",১,Female
০০২২,কামরুন নাহার,১৫০২৯৫১০০০৪৩,আবুল বশর,নূর জাহান বেগম,"হাজী গোলাম নূর মাস্টার বাড়ী, উত্তর বগাচতর, বগাচতর, সীতাকুন্ড, চট্টগ্রাম",১,Female
০০২৩,রোকেয়া বেগম,১৫০২৯৫১০০০৪৬,ছৈয়দুল হক,আফিয়া বেগম,"হাজী গোলাম নূর মাস্টার বাড়ী, উত্তর বগাচতর, বগাচতর, সীতাকুন্ড, চট্টগ্রাম",১,Female
০০২৪,রহিমা আক্তার,১৫০২৯৫১০০০৪৭,নূরুল ইসলাম,আছিয়া বেগম,"হাজী গোলাম নূর মাস্টার বাড়ী, উত্তর বগাচতর, বগাচতর, সীতাকুন্ড, চট্টগ্রাম",১,Female
০০২৫,রোজিনা আক্তার,১৫০২৯৫১০০০৪৯,আবুল খায়ের,রাবেয়া বসরী,"হাজী গোলাম নূর মাস্টারের বাড়ী, উত্তর বগাচতর, বগাচতর, সীতাকুন্ড, চট্টগ্রাম",১,Female
০০২৬,ছলিমা বেগম,১৫০২৯৫১০০০৫৪,মজিবুল হক ভূঁইয়া,মমতাজ বেগম,"হাজী গোলাম নূর মাারের বাড়ি, উত্তর বগাচতর, বগাচতর, সীতাকুন্ড, চট্টগ্রাম",১,Female
০০২৭,বদরুন নাহার,১৫০২৯৫১০০০৫৭,শেখ হাফেজ আহম্মদ মাস্টার,মাহমুদা বেগম,"হাজী গোলাম নূর মাস্টার বাড়ী, উত্তর বগাচতর, বগাচতর, সীতাকুন্ড, চট্টগ্রাম",১,Female
০০২৮,জাহেদা আক্তার,১৫০২৯৫১০০০৫৯,বদরুদ্দোজা,হোসনে আরা বেগম,"হাজী গোলাম নূর মাার বাড়ি, উত্তর বগাচতর, বগাচতর, সীতাকুন্ড, চট্টগ্রাম",১,Female
০০২৯,বিবি ছায়রা,১৫০২৯৫১০০০৬২,মোঃ শফিউল্যাাহ,সামিছুন নাহার,"হাজী গোলাম নূর মাস্টার বাড়ী, উত্তর বগাচতর, বগাচতর, সীতাকুন্ড, চট্টগ্রাম",১,Female
০০৩০,শেখ সারমিন আক্তার,১৫০২৯৫১০০০৬৪,আবুল হুদা,বদরুন নাহার বকুল,"হাজি গোলাম নূর মাস্টার বাড়ী, উত্তর বগাচতর, বগাচতর, সীতাকুন্ড, চট্টগ্রাম",১,Female
০০৩১,ফামিনা নূশরাত,১৫০২৯৫১০০০৬৫,ছৈয়দল হক,আয়েশা বেগম,"হাজী গোলাম নূর মাস্টার বাড়ী, উত্তর বগাচতর, বগাচতর, সীতাকুন্ড, চট্টগ্রাম",১,Female
০০৩২,পারুল আক্তার,১৫০২৯৫১০০০৬৬,আব্দুল আওয়াল,সাহেদা বেগম,"হাজি গোলাম নূর মাস্টারের বাড়ী, উত্তর বগাচতর, বগাচতর, সীতাকুন্ড, চট্টগ্রাম",১,Female
০০৩৩,আইরিন সুলতানা,১৫০২৯৫১০০০৬৭,আব্দুল আওয়াল,সাহেদা বেগম,"হাজী গোলাম নূর মাস্টার বাডী, উত্তর বগাচতর, বগাচতর, সীতাকুন্ড, চট্টগ্রাম২চূড়ান্ত ভোটার তালিকাজেলা:চট্টগ্রামউপজেলা:সীতাকুন্ডইউনিয়ন:সৈয়দপুরডাকঘর:কমর আলীভোটার এলাকার কোড: ০২৯৫ভোটার এলাকার নাম: উত্তর বগাচতর",১,Female
০০৩৪,সাজেদা পারভিন,১৫০২৯৫১০০০৬৮,হাজী শামছুল হক,হোসসে আরা বেগম,"হাজী গোলাম নূর মাস্টার বাড়ী, উ: বগাচতর, উঃ বগাচতর, সীতাকুন্ড, চট্টগ্রাম",১,Female
০০৩৫,রওশন আরা পারভীন,১৫০২৯৫১০০০৭১,জয়নাল আবেদিন,সালেহা বেগম,"হাজি গোলাম নূর মাস্টারের বাড়ি, উত্তর বগাচতর, বগাচতর, সীতাকুন্ড, চট্টগ্রাম",১,Female
০০৩৬,চশমা আরা,১৫০২৯৫১০০০৭৪,বজলেছোয়ান,নূর খাতুন,"হাজী গোলাম নূর মাার বাড়ী, উত্তর বগাচতর, সীতাকুন্ড, চট্টগ্রাম",১,Female
০০৩৭,বিবি খাদিজা,১৫০২৯৫১০০০৭৫,মোঃ আমান উল্যাাহ,সালমা খাতুন,"হাজী গোলাম নূর মাারের বাড়ি, উত্তর বগাচতর, বগাচতর, সীতাকুন্ড, চট্টগ্রাম",১,Female
০০৩৮,সালেহা খাতুন,১৫০২৯৫১০০০৭৬,নজির আহম্মদ,আমেনা খাতুন,"হাজী গোলাম নূর মাস্টার বাড়ী, উত্তর বগাচতর, বগাচতর, সীতাকুন্ড, চট্টগ্রাম",১,Female
০০৩৯,আকলিমা বেগম,১৫০২৯৫১০০০৭৯,মুজিবুর রহমান,মেহেরুননেসা,"উজির আলী ফকির বাড়ী, উত্তর বগাচতর, বগাচতর, সীতাকুন্ড, চট্টগ্রাম",১,Female
০০৪০,রিয়াজ উন নূর বেগম,১৫০২৯৫১০০০৮১,নূরুজ্জামান,ফিরোজা বেগম,"উজির আলী ফকির বাড়ী, উত্তর বগাচতর, বগাচতর, সীতাকুন্ড, চট্টগ্রাম",১,Female
০০৪১,নাছিমা আক্তার,১৫০২৯৫১০০০৮৩,জামাল হোসেন,রোকেয়া বেগম,"উজির আলী ফকির বাড়ী, উত্তর বগাচতর, বগাচতর, সীতাকুন্ড, চট্টগ্রাম",১,Female
০০৪২,ছালেহা বেগম,১৫০২৯৫১০০০৮৪,কবির আহম্মদ,বদিউন নেছা,"উজির আলী ফকির বাড়ী, উত্তর বগাচতর, বগাচতর, সীতাকুন্ড, চট্টগ্রাম",১,Female
০০৪৩,মাজেদা বেগম,১৫০২৯৫১০০০৮৬,মুকছুদ আহম্মদ,ছকিনা বেগম,"শাহ আলম মাস্টার বাড়ী, উত্তর বগাচতর, বগাচতর, সীতাকুন্ড, চট্টগ্রাম",১,Female
০০৪৪,রেহানা আক্তার,১৫০২৯৫১০০০৮৮,ফকির আহম্মদ,আছবা খাতুন,"শাহ আলম মাস্টার বাড়ী, উত্তর বগাচতর, বগাচতর, সীতাকুন্ড, চট্টগ্রাম",১,Female
০০৪৫,আসমা আরা বেগম,১৫০২৯৫১০০০৮৯,রৌশনের জামান,বেগম শাফিয়া,"শাহ আলম মাস্টার বাড়ী, উত্তর বগাচতর, বগাচতর, সীতাকুন্ড, চট্টগ্রাম",১,Female
০০৪৬,সাজেদা আক্তার,১৫০২৯৫১০০০৯১,তাজুল ইসলাম,দেলাজপুর বেগম,"শাহ আলম মাস্টার বাড়ী, উত্তর বগাচতর, বগাচতর, সীতাকুন্ড, চট্টগ্রাম",১,Female
০০৪৭,রোকেয়া বেগম,১৫০২৯৫১০০০৯২,আব্দুল মোতালেব,বিবি লছুমা,"শাহ আলম মাস্টার বাড়ী, উত্তর বগাচতর, বগাচতর, সীতাকুন্ড, চট্টগ্রাম",১,Female
০০৪৮,ছকিনা খাতুন,১৫০২৯৫১০০০৯৩,কানূ মিয়া,মাহমুদা খাতুন,"শাহ আলম মাস্টার বাড়ী, উত্তর বগাচতর, বগাচতর, সীতাকুন্ড, চট্টগ্রাম",১,Female
০০৪৯,শাহনাজ বেগম,১৫০২৯৫১০০০৯৪,মোহাম্মদ সফিউল আলম,জেবুন্নাহার,"শাহ আলম মাস্টার বাড়ী, উত্তর বগাচতর, বগাচতর, সীতাকুন্ড, চট্টগ্রাম",১,Female
০০৫০,রোকেয়া বেগম,১৫০২৯৫১০০০৯৫,সিরাজুল ইসলাম,হাসান বানূ,"শাহ আলম মাস্টার বাড়ী, উত্তর বগাচতর, বগাবচতর, সীতাকুন্ড, চট্টগ্রাম",১,Female
০০৫১,রহিমা বেগম,১৫০২৯৫১০০০৯৭,রকিউজ্জামান,আয়েশা সিদ্দিকী চৌধুরী,"সাম মাঝি বাড়ী, উত্তর বগাচতর, বগাচতর, সীতাকুন্ড, চট্টগ্রাম৩চূড়ান্ত ভোটার তালিকাজেলা:চট্টগ্রামউপজেলা:সীতাকুন্ডইউনিয়ন:সৈয়দপুরডাকঘর:কমর আলীভোটার এলাকার কোড: ০২৯৫ভোটার এলাকার নাম: উত্তর বগাচতর",১,Female
০০৫২,বিবি হাজেরা,১৫০২৯৫১০০০৯৮,রাজা মিয়া,হাসান বানূ,"সাম মাঝির বাড়ি, উত্তর বগাচতর, বগাচতর, সীতাকুন্ড, চট্টগ্রাম",১,Female
০০৫৩,সেলিনা আক্তার,১৫০২৯৫১০০০৯৯,নূরুল হক,রইয়চা খাতুন,"সাম মাঝি বাড়ী, উত্তর বগাচতর, বগাচতর, সীতাকুন্ড, চট্টগ্রাম",১,Female
০০৫৪,মনোয়ারা,১৫০২৯৫১০০১০০,নূর ইসলাম,সুফিযা খাতুন,"সাম মাঝি বাড়ী, উত্তর বগাচতর, বগাচতর, সীতাকুন্ড, চট্টগ্রাম",১,Female
০০৫৫,জাহানারা বেগম,১৫০২৯৫১০০১০১,সুলতান আহম্মদ,আবেদা খাতুন,"সাম মাঝি বাড়ী, উত্তর বগাচতর, বগাচতর, সীতাকুন্ড, চট্টগ্রাম",১,Female
০০৫৬,শাহানা আক্তার,১৫০২৯৫১০০১০৫,তাজুল ইসলাম,মাজেদা খাতুন,"সাম মাঝি বাড়ী, উত্তর বগাচতর, বগাচতর, সীতাকুন্ড, চট্টগ্রাম",১,Female
০০৫৭,কহিনূর আক্তার,১৫০২৯৫১০০১০৬,খুরশিদ আলম,ফিরোজা বেগম,"সাম মাঝি বাড়ী, উত্তর বগাচতর, বগাচতর, সীতাকুন্ড, চট্টগ্রাম",১,Female
০০৫৮,আসমা আক্তার,১৫০২৯৫১০০১০৭,আলাউদ্দিন,শাহানা আক্তার,"শাহ আলম মাস্টার বাড়ী, উত্তর বগাচতর, বগাচতর, সীতাকুন্ড, চট্টগ্রাম",১,Female
০০৫৯,রোকেয়া বেগম,১৫০২৯৫১০০১০৮,নূরুল হুদা,রিজিয়া বেগম,"শাহ আলম মাস্টার বাড়ী, উত্তর বগাচতর, বগাচতর, সীতাকুন্ড, চট্টগ্রাম",১,Female
০০৬০,জরিনা বেগম,১৫০২৯৫১০০১১১,রহিম উল্যা্যাহ,মায়মুনা খাতুন,"সাম মাঝির বাড়ী, উত্তর বগাচতর, বগাচতর, সীতাকুন্ড, চট্টগ্রাম",১,Female
০০৬১,মনোয়ারা বেগম,১৫০২৯৫১০০১১২,ওবায়দুল হক,আনোয়ারা বেগম,"সাম মাঝি বাড়ী, উত্তর বগাচতর, বগাচতর, সীতাকুন্ড, চট্টগ্রাম",১,Female
০০৬২,তাহমিনা আক্তার,১৫০২৯৫১০০১১৫,বদিউজ্জামান,রহিমা বেগম,"সামমাঝি বাড়ী, উত্তর বগাচতর, বগাচতর, সীতাকুন্ড, চট্টগ্রাম",১,Female
০০৬৩,আয়েশা খাতুন,১৫০২৯৫১০০১১৭,বজলুর রহমান,নূর খাতুন,"সাম মাঝির বাড়ী, উত্তর বগাচতর, বগাচতর, সীতাকুন্ড, চট্টগ্রাম",১,Female
০০৬৪,মুক্তা আক্তার,১৫০২৯৫১০০১১৮,আব্দুল্যাাহ শিকদার,লতিফুন্নেসা,"সাম মাঝি বাড়ী, উত্তর বগাচতর, বগাচতর, সীতাকুন্ড, চট্টগ্রাম",১,Female
০০৬৫,জোসনা বেগম,১৫০২৯৫১০০১২০,আব্দুল আহাদ,ফিরোজা বেগম,"সাম মাঝি বাড়ী, উত্তর বগাচতর, বগাচতর, সীতাকুন্ড, চট্টগ্রাম",১,Female
০০৬৬,এস এম শেফালী হুদা,১৫০২৯৫১০০১২৬,সৈয়দ সেকান্দার আলী মাস্টার,রিজিয়া বেগম,"সাম মাঝির বাড়ী, উত্তর বগাচতর, বগাচতর, সীতাকুন্ড, চট্টগ্রাম",১,Female
০০৬৭,রাশেদা আক্তার,১৫০২৯৫১০০১২৯,নাজির আহম্মদ,হাফেজা খাতুন,"দেলোয়ার মিস্ত্রী বাড়ী, উত্তর বগাচতর, বগাচতর, সীতাকুন্ড, চট্টগ্রাম",১,Female
০০৬৮,জাহেদা আক্তার,১৫০২৯৫১০০১৩১,জয়নাল আবেদিন,নূরুন্নাহার,"সাম মাঝি বাড়ী, উত্তর বগাচতর, বগাচতর, সীতাকুন্ড, চট্টগ্রাম",১,Female
০০৬৯,ছেমনা আফরোজ,১৫০২৯৫১০০১৩৩,সামছুল হক,আছাবা খাতুন,"সাম মাঝির বাড়ী, উত্তর বগাচতর, বগাচতর, সীতাকুন্ড, চট্টগ্রাম৪চূড়ান্ত ভোটার তালিকাজেলা:চট্টগ্রামউপজেলা:সীতাকুন্ডইউনিয়ন:সৈয়দপুরডাকঘর:কমর আলীভোটার এলাকার কোড: ০২৯৫ভোটার এলাকার নাম: উত্তর বগাচতর",১,Female
০০৭০,সবুরা খাতুন,১৫০২৯৫১০০১৩৫,হাবিব উল্যা্যা,রাবেয়া খাতুন,"আমান উল্যাাহ মুহুরী বাড়ী, উত্তর বগাচতর, বগাচতর, সীতাকুন্ড, চট্টগ্রাম",১,Female
০০৭১,হোসনে আরা,১৫০২৯৫১০০১৩৬,আবুল হাসেম,সবুরা খাতুন,"আমান উল্যাাহ মুহুরী বাড়ি, উত্তর বগাচতর, বগাচতর, সীতাকুন্ড, চট্টগ্রাম",১,Female
০০৭২,রিজিয়া বেগম,১৫০২৯৫১০০১৪০,মরহুম চোখধন,সখিনা বেগম,"শা আলম মাস্টার বাড়ী, উ: বগাচতর, বগাচতর, সীতাকুন্ড, চট্টগ্রাম",১,Female
০০৭৩,শাহানা আক্তার রুবি,১৫০২৯৫১০০১৪১,নূরুল আবছার,লায়লা বেগম,"আমানউল্যাাহ মুহুরী বাড়ী, উত্তর বগাচতর, বগাচতর, সীতাকুন্ড, চট্টগ্রাম",১,Female
০০৭৪,মনোয়ারা বেগম,১৫০২৯৫১০০১৪২,নূর ইসলাম,শামসুন নাহার,"আমান উল্যাাহ মুহুরী বাড়ী, উত্তর বগাচতর, বগাচতর, সীতাকুন্ড, চট্টগ্রাম",১,Female
০০৭৫,রুমা আক্তার,১৫০২৯৫১০০১৪৫,মোঃ আবুল হোসেন,মোস্তফা বেগম,"আমান উল্যাাহ মুহুরী বাড়ী, উ: বগাচতর, বগাচতর, সীতাকুন্ড, চট্টগ্রাম",১,Female
০০৭৬,নূরুনাহার রুমা,১৫০২৯৫১০০১৪৬,নূরুল ইসলাম,আছিয়া খাতুন,"আমান উল্যাাহ মুহুরী বাড়ী, উত্তর বগাচতর, বগাচতর, সীতাকুন্ড, চট্টগ্রাম",১,Female
০০৭৭,সুফিয়ান আক্তার,১৫০২৯৫১০০১৪৮,আইয়ুব আলী,আনোয়ারা বেগম,"আমান উল্যাাহ মুহরী বাড়ী, উত্তর বগাচতর, বগাচতর, সীতাকুন্ড, চট্টগ্রাম",১,Female
০০৭৮,মেরিনা আক্তার,১৫০২৯৫১০০১৪৯,নূরুল আবছার,চশমা আরা বেগম,"আমান উল্যাাহ মুহুরী বাড়ী, উত্তর বগাচতর, বগাচতর, সীতাকুন্ড, চট্টগ্রাম",১,Female
০০৭৯,বেবি আক্তার,১৫০২৯৫১০০১৫৯,নূরুল হক,নূর বানূ,"দেলোয়ার মিস্ত্রী বাড়ী, উত্তর বগাচতর, বগাচতর, সীতাকুন্ড, চট্টগ্রাম",১,Female
০০৮০,রোকেয়া বেগম,১৫০২৯৫১০০১৬১,জামাল উল্যাা,সখিনা খাতুন,"দেলোয়ার মিস্ত্রী বাড়ী, উত্তর বগাচতর, বগাচতর, সীতাকুন্ড, চট্টগ্রাম",১,Female
০০৮১,জোসনা বেগম,১৫০২৯৫১০০১৬৭,ছেরাজুল হক,বালি খাতুন,"আমান উল্যাাহ মুহুরী বাড়ী, উত্তর বগাচতর, বগাচতর, সীতাকুন্ড, চট্টগ্রাম",১,Female
০০৮২,ছকিনা বেগম,১৫০২৯৫১০০১৬৮,নূর ইসলাম,ছেমনা বেগম,"আমান উল্যাাহ মুহুরী বাড়ী, উত্তর বগাচতর, বগাচতর, সীতাকুন্ড, চট্টগ্রাম",১,Female
০০৮৩,জোসনা বেগম,১৫০২৯৫১০০১৬৯,হোসনূজ্জামান,সরুজ্জান,"আমান উল্যাাহ মহুরী বাড়ী, উত্তর বগচতর, বগচতর, সীতাকুন্ড, চট্টগ্রাম",১,Female
০০৮৪,মমতাজ বেগম,১৫০২৯৫১০০১৭১,ছৈয়দুল হক,মাহফুজ বেগম,"আমান উল্যাাহ মুহুরী বাড়ী, উত্তর বগাচতর, বগাচতর, সীতাকুন্ড, চট্টগ্রাম",১,Female
০০৮৫,চেমন আরা,১৫০২৯৫১০০১৮২,জামাল উদ্দীন,ওহিদা বেগম,"আমান উল্যাাহ মহুরী বাড়ী, উঃ বগাচতর, বগাচতর, সীতাকুন্ড, চট্টগ্রাম",১,Female
০০৮৬,রুমি বেগম,১৫০২৯৫১০০১৮৩,শামছুল হক,হোসনে আরা,"আমান উল্যাাহ মুহুরী বাড়ি, উত্তর বগাচতর, বগাচতর, সীতাকুন্ড, চট্টগ্রাম",১,Female
০০৮৭,মনোয়ারা বেগম,১৫০২৯৫১০০১৮৬,সালামত উল্যাাহ,ছকিনা বেগম,"আমান উল্যাা মুহুরী বাড়ী, উত্তর বগাচতর, বগাচতর, সীতাকুন্ড, চট্টগ্রাম৫চূড়ান্ত ভোটার তালিকাজেলা:চট্টগ্রামউপজেলা:সীতাকুন্ডইউনিয়ন:সৈয়দপুরডাকঘর:কমর আলীভোটার এলাকার কোড: ০২৯৫ভোটার এলাকার নাম: উত্তর বগাচতর",১,Female
০০৮৮,মোছাঃ শিরিন আক্তার,১৫০২৯৫১০০১৯১,মোঃ নূরুল ইসলাম,ছকিনা খাতুন,"রফিকুজ্জামান মাস্টার বাড়ী, উত্তর বগাচতর, বগাচতর, সীতাকুন্ড, চট্টগ্রাম",১,Female
০০৮৯,তাফুরা আক্তার,১৫০২৯৫১০০১৯২,গিয়াস উদ্দিন,ওহিদুন নেসা,"রফিকুজ্জামান মাস্টার বাড়ী, উত্তর বগাচতর, বগাচতর, সীতাকুন্ড, চট্টগ্রাম",১,Female
০০৯০,জাহানারা বেগম,১৫০২৯৫১০০১৯৩,মাওলানা বশির উল্যা্যা,খুরশেদ জাহান,"রফিকুজ্জামান মাস্টার বাড়ী, উত্তর বগাচতর, বগাচতর, সীতাকুন্ড, চট্টগ্রাম",১,Female
০০৯১,জোা বেগম,১৫০২৯৫১০০১৯৪,আমিনূল হক,শাহার বানূ,"রফিকুজ্জামান মাস্টারবাড়ি, উত্তর বগাচতর, বগাচতর, সীতাকুন্ড, চট্টগ্রাম",১,Female
০০৯২,খায়রুন্নেসা,১৫০২৯৫১০০১৯৬,জানে আলম,আছিয়া খাতুন,"রফিকুজ্জামান মাস্টার বাড়ী, উত্তর বগাচতর, বগাচতর, সীতাকুন্ড, চট্টগ্রাম",১,Female
০০৯৩,আইনূন নাহার নূপুর,১৫০২৯৫১০০১৯৮,নূরুল ইসলাম,সবুরা খাতুন,"রফিকুজ্জামান মাস্টার বাড়ি, উত্তর বগাচতর, বগাচতর, সীতাকুন্ড, চট্টগ্রাম",১,Female
০০৯৪,লায়লা বেগম,১৫০২৯৫১০০২০২,ফকির আহম্মদ,বেল বাহার,"রফিকুজ্জামান মাস্টার বাড়ী, উত্তর বগাচতর, বগাচতর, সীতাকুন্ড, চট্টগ্রাম",১,Female
০০৯৫,তানিয়া আক্তার,১৫০২৯৫১০০২০৩,আবুল কালাম,লায়লা বেগম,"রফিকুজ্জামান মাস্টার বাড়ী, উত্তর বগাচতর, বগাচতর, সীতাকুন্ড, চট্টগ্রাম",১,Female
০০৯৬,রাশেদা আক্তার,১৫০২৯৫১০০২০৪,ফয়েজ আহম্মদ,শামসুন নাহার,"রফিকুজ্জামান মাস্টার বাড়ী, উওর বগাচতর, বগাচতর, সীতাকুন্ড, চট্টগ্রাম",১,Female
০০৯৭,নাছিমা আক্তার,১৫০২৯৫১০০২০৫,হোসেনূজ্জামান,ছেমনা আফরোজ,"রফিকুজ্জামান মাস্টার বাড়ি, উত্তর বগাচতর, বগাচতর, সীতাকুন্ড, চট্টগ্রাম",১,Female
০০৯৮,সালমা আক্তার,১৫০২৯৫১০০২০৭,আবুল কাসেম ভূঁইয়া,জাহানারা বেগম,"রফিউজ্জামান মাস্টার বাড়ী, উত্তর বগাচতর, বগাচতর, সীতাকুন্ড, চট্টগ্রাম",১,Female
০০৯৯,আয়েশা বেগম,১৫০২৯৫১০০২০৯,ছেরাজুল ইসলাম,দেল আফরোজ বেগম,"রফিকুজ্জামান মাস্টার বাড়ী, উত্তর বগাচতর, বগাচতর, সীতাকুন্ড, চট্টগ্রাম",১,Female
০১০০,মোছাম্মৎ শিরিনা আক্তার,১৫০২৯৫১০০২৩২,আলী আহম্মদ,মালেক চান্দােন্নেসা,"সেকান্দার ভূঞা বাড়ী, উত্তর বগাচতর, বগাচতর, সীতাকুন্ড, চট্টগ্রাম",১,Female
০১০১,ফিরোজা বেগম,১৫০২৯৫১০০২৪১,ওবায়দুল হক,ওয়াজ খাতুন,"হাজী গোলাম নূর মাস্টার বাড়ী, উত্তর বগাচতর, বগাচতর, সীতাকুন্ড, চট্টগ্রাম",১,Female
০১০২,ইয়াসমিন আক্তার,১৫০২৯৫১০০২৪২,মাস্টার নূরুল আবছার,মোছাম্মৎ বজনেওয়ারা বেগম,"হাজী গোলাম নূর মাস্টার বাড়ী, উত্তর বগাচতর, বগাচতর, সীতাকুন্ড, চট্টগ্রাম",১,Female
০১০৩,মাসুদা আক্তার,১৫০২৯৫১০০২৪৩,আব্দুল হাদী,সুফিয়া বেগম,"হাজী গোলাম নূর মাস্টার বাড়ী, উত্তর বগাচতর, বগাচতর, সীতাকুন্ড, চট্টগ্রাম",১,Female
০১০৪,বিবি আয়শা,১৫০২৯৫১০০২৪৪,মাহবুবুর রহমান,মাজেদা খাতুন,"হাজী গোলাম নূর মাস্টার বাড়ী, উত্তর বগাচতর, বগাচতর, সীতাকুন্ড, চট্টগ্রাম",১,Female
০১০৫,মাসুদা আক্তার,১৫০২৯৫১০০২৪৭,ফজলুল হক,সালেহা বেগম,"শাহ আলম মাস্টার বাড়ী, উত্তর বগাচতর, বগাচতর, সীতাকুন্ড, চট্টগ্রাম৬চূড়ান্ত ভোটার তালিকাজেলা:চট্টগ্রামউপজেলা:সীতাকুন্ডইউনিয়ন:সৈয়দপুরডাকঘর:কমর আলীভোটার এলাকার কোড: ০২৯৫ভোটার এলাকার নাম: উত্তর বগাচতর",১,Female
০১০৬,সুরজাহান বেগম,১৫০২৯৫১০০২৫৮,মোহাম্মদ আলী,রাশনা বেগম,"শাহ আলম মাস্টার বাড়ী, উত্তর বগাচতর, বগাচতর, সীতাকুন্ড, চট্টগ্রাম",১,Female
০১০৭,সাফিয়া খাতুন,১৫০২৯৫১০০২৬২,এবাদুর রহমান,রইয়ছা খাতুন,"আমান উল্যাাহ মুহুরী বাড়ী, উত্তর বগাচতর, বগাচতর, সীতাকুন্ড, চট্টগ্রাম",১,Female
০১০৮,ফরিদা বেগম,১৫০২৯৫১০০২৬৫,তাজুল ইসলাম,রাবেয়া খাতুন,"হাবিবউল্যাাহ মীর বাড়ী, উত্তর বগাচতর, বগাচতর, সীতাকুন্ড, চট্টগ্রাম",১,Female
০১০৯,সাজেদা আক্তার,১৫০২৯৫১০০২৬৬,আবুল কালাম,ফরিদা বেগম,"হাবিব উল্যাাহ মীর বাড়ী, উত্তর বগাচতর, বগাচতর, সীতাকুন্ড, চট্টগ্রাম",১,Female
০১১০,মাবিয়া খাতুন,১৫০২৯৫১০০২৬৭,হেদু মিয়া,আমেনা খাতুন,"হাবিবউল্যাাহ মীর বাড়ী, উত্তর বগাচতর, বগাচতর, সীতাকুন্ড, চট্টগ্রাম",১,Female
০১১১,হাসনা বেগম,১৫০২৯৫১০০২৬৮,আহম্মদ ছোবহান,ছেমনা আফরোজ,"হাবিব উল্যাাহ মীর বাড়ী, উত্তর বগাচতর, বগাচতর, সীতাকুন্ড, চট্টগ্রাম",১,Female
০১১২,কাজল রেখা,১৫০২৯৫১০০২৭০,খোরশেদ আলম,অজিবা খাতুন,"হাবিবউল্যাাহ মীর বাড়ী, উত্তর বগাচতর, বগাচতর, সীতাকুন্ড, চট্টগ্রাম",১,Female
০১১৩,নিলুফা ইয়াসমিন,১৫০২৯৫১০০২৭১,খোরশেদ আলম,অজিবা খাতুন,"হাবিবউল্যাাহ মীর বাড়ী, উত্তর বগাচতর, বগাচতর, সীতাকুন্ড, চট্টগ্রাম",১,Female
০১১৪,আমেনা,১৫০২৯৫১০০২৮৭,আব্দুল হক,বালি খাতুন,"কালা মিয়া মাঝির বাড়ী, উত্তর বগাচতর, বগাচতর, সীতাকুন্ড, চট্টগ্রাম",১,Female
০১১৫,ফেরদৌস আরা বেগম,১৫০২৯৫১০০২৮৯,আবুল বশর,হাছিনা বেগম,"শাহ আলম মাস্টার বাড়ী, উত্তর বগাচতর, বগাচতর, সীতাকুন্ড, চট্টগ্রাম",১,Female
০১১৬,নাজমা হুদা বৃস্টি,১৫০২৯৫১০০২৯১,সরদার সুলতান আহমেদ,সালমা বেগম,"সাম মাঝির বাড়ী, উত্তর বগাচতর, বগাচতর, সীতাকুন্ড, চট্টগ্রাম",১,Female
০১১৭,আলেয়া,১৫০২৯৫১০০২৯৫,শাহাদাত,ফিরোজা বেগম,"জমাদার বাড়ী, উত্তর বগাচতর, বগাচতর, সীতাকুন্ড, চট্টগ্রাম",১,Female
০১১৮,রোকছানা আক্তার,১৫০২৯৫১০০২৯৬,নূ◌্র জামান,ছকিনা বেগম,"নূর আহেমদ সারেং বাড়ী, উত্তর বগাচতর, বগাচতর, সীতাকুন্ড, চট্টগ্রাম",১,Female
০১১৯,নূপুর জলদাস,১৫০২৯৫১০০২৯৭,নারায়ন জলদাস,বিনোদবালা জলদাস,"যাদব চক্রবর্তীর বাড়ী, উত্তর বগাচতর, বগাচতর, সীতাকুন্ড, চট্টগ্রাম",১,Female
০১২০,কাঞন বালা জলদাস,১৫০২৯৫১০০২৯৯,নীল কমল জলদাস,পারুলবালা জলদাস,"ঠাকুর বাড়ী, উত্তর বগাচতর, বগাচতর, সীতাকুন্ড, চট্টগ্রাম",১,Female
০১২১,কনিকা চক্রবর্তী,১৫০২৯৫১০০৩১২,নিসুতী রন চক্রবর্তী,দিপালী রানী চক্রবর্তী,"ঠাকুর বাড়ী, উত্তর বগাচতর, বগাচতর, সীতাকুন্ড, চট্টগ্রাম",১,Female
০১২২,রিতা রানী চক্রবর্তী,১৫০২৯৫১০০৩১৪,দেবন্দ্র চক্রবর্তী,যুকী রানী চক্রবর্তী,"ঠাকুর বাড়ি, উত্তর বগাচতর, বগাচতর, সীতাকুন্ড, চট্টগ্রাম",১,Female
০১২৩,কাজল বালা,১৫০২৯৫১০০৩১৫,মন রন,বিচিত্র,"ঠাকুর বাড়ী, উত্তর বগাচতর, বগাচতর, সীতাকুন্ড, চট্টগ্রাম৭চূড়ান্ত ভোটার তালিকাজেলা:চট্টগ্রামউপজেলা:সীতাকুন্ডইউনিয়ন:সৈয়দপুরডাকঘর:কমর আলীভোটার এলাকার কোড: ০২৯৫ভোটার এলাকার নাম: উত্তর বগাচতর",১,Female
০১২৪,মনি বালা,১৫০২৯৫১০০৩১৬,সুগন্দ্র জলদাস,কন্ঠমালা,"ঠাকুর বাড়ী, উত্তর বগাচতর, বগাচতর, সীতাকুন্ড, চট্টগ্রাম",১,Female
০১২৫,শপালী জলদাস,১৫০২৯৫১০০৩১৮,নিতাই জল দাস,কানী,"ঠাকুর আলী, উত্তর বগাচতর, বগাচতর, সীতাকুন্ড, চট্টগ্রাম",১,Female
০১২৬,স্যা,১৫০২৯৫১০০৩১৯,যাত্রা,রেখা রানী,"মন লালের বাড়ী, উত্তর বগচতর, বগাচতর, সীতাকুন্ড, চট্টগ্রাম",১,Female
০১২৭,সবিতা রানী,১৫০২৯৫১০০৩২২,কাঙ্গাল জল দাস,রুনী রানী জলদাস,"মন লালের বাড়ী, উত্তর বগাচতর, বগাচতর, সীতাকুন্ড, চট্টগ্রাম",১,Female
০১২৮,রাসনা রানী,১৫০২৯৫১০০৩২৬,শ্রীীধাম,মনতুষী,"শ্রীী ধামের বাড়ী, উত্তর বগাচতর, বগাচতর, সীতাকুন্ড, চট্টগ্রাম",১,Female
০১২৯,আরতি বালা দাশ,১৫০২৯৫১০০৩২৭,বজন্দ্র চন্দ্র দাস,গীতা রাণী দাস,"রবি চন্দ্র জলদাসের বাড়ী, উত্তর বগাচতর, বগাচতর, সীতাকুন্ড, চট্টগ্রাম",১,Female
০১৩০,মায়া রানী,১৫০২৯৫১০০৩৩০,হিমুংসু চন্দ্র দাস,মমতা রানী,"রবি চন্দ্র জল দাসের বাড়ী, উত্তর বগাচতর, বগাচতর, সীতাকুন্ড, চট্টগ্রাম",১,Female
০১৩১,ননী বালা,১৫০২৯৫১০০৩৩১,রু মোহন,মুুরী বালা,"শ্রীী ধামের বাড়ী, উত্তর বগাচতর, বগাচতর, সীতাকুন্ড, চট্টগ্রাম",১,Female
০১৩২,নন্দা রাণী,১৫০২৯৫১০০৩৩৩,গোকর্িসর জলদাস,রাধা রাণী,"জলদাস পাড়া, উত্তর বগাচতর, বগাচতর, সীতাকুন্ড, চট্টগ্রাম",১,Female
০১৩৩,শোভা রাণী,১৫০২৯৫১০০৩৩৭,বি্যা,অনন্ত,"চুল্যাা বাপের বাড়ী, উত্তর বগাচতর, বগাচতর, সীতাকুন্ড, চট্টগ্রাম",১,Female
০১৩৪,ামলা,১৫০২৯৫১০০৩৩৮,হরে কৃষ্ণ,গেনদা,"চুল্যাা বাপের বাড়ী, উত্তর বগাচতর, বগাচতর, সীতাকুন্ড, চট্টগ্রাম",১,Female
০১৩৫,রুপী তারা,১৫০২৯৫১০০৩৩৯,নিরন,সতী,"চুল্যাা বাপের বাড়ী, উত্তর বগাচতর, বগাচতর, সীতাকুন্ড, চট্টগ্রাম",১,Female
০১৩৬,রুপনা,১৫০২৯৫১০০৩৪২,ধীরন্দ্র,মনবালা,"চুল্যাা বাপের বাড়ী, উত্তর বগাচতর, বগাচতর, সীতাকুন্ড, চট্টগ্রাম",১,Female
০১৩৭,পা রানী,১৫০২৯৫১০০৩৪৩,জয় চন্দ্র,লতুনি,"চুল্যাা বাপের বাড়ী, উত্তর বগাচতর, বগাচতর, সীতাকুন্ড, চট্টগ্রাম",১,Female
০১৩৮,বাানা রাণী,১৫০২৯৫১০০৩৪৪,ধেনূ রন,আরতি,"চু◌্ল্যাাবাপের বাড়ী, উত্তর বগাচতর, বগাচতর, সীতাকুন্ড, চট্টগ্রাম",১,Female
০১৩৯,চাতক বালা,১৫০২৯৫১০০৩৪৫,চন্দ্র ান্ত জল দাস,ামলা,"চুল্যাা বাপের বাড়ী, উত্তর বগাচতর, বগাচতর, সীতাকুন্ড, চট্টগ্রাম",১,Female
০১৪০,প্রেমবালা,১৫০২৯৫১০০৩৪৯,জয় হরি,অরুন বালা,"চুল্যাা বাপের বাড়ী, উত্তর বগাচতর, বগাচতর, সীতাকুন্ড, চট্টগ্রাম",১,Female
০১৪১,চারু বালা,১৫০২৯৫১০০৩৫০,বজহরি,মন বিলাসী,"চুল্যাা বাপের বাড়ী, উত্তর বগাচতর, বগাচতর, সীতাকুন্ড, চট্টগ্রাম৮চূড়ান্ত ভোটার তালিকাজেলা:চট্টগ্রামউপজেলা:সীতাকুন্ডইউনিয়ন:সৈয়দপুরডাকঘর:কমর আলীভোটার এলাকার কোড: ০২৯৫ভোটার এলাকার নাম: উত্তর বগাচতর",১,Female
০১৪২,সাধন বালা,১৫০২৯৫১০০৩৫১,নারায়ন,কনা,"চুল্যাা বাপের বাড়ী, উত্তর বগাচতর, বগাচতর, সীতাকুন্ড, চট্টগ্রাম",১,Female
০১৪৩,পরানী,১৫০২৯৫১০০৩৫২,ধর্মদাস,সখী বালা,"চুল্যাা বাপের বাড়ী, উত্তর বগাচতর, বগাচতর, সীতাকুন্ড, চট্টগ্রাম",১,Female
০১৪৪,ভাগ্যবতী,১৫০২৯৫১০০৩৫৫,বজেন্দ্র,গীতাবালা,"চুল্যাা বাপের বাড়ী, উত্তর বগাচতর, বগাচতর, সীতাকুন্ড, চট্টগ্রাম",১,Female
০১৪৫,রাসো বালা,১৫০২৯৫১০০৩৫৭,হারি হর,রুপশরি,"চুল্যাা বাপের বাড়ী, উত্তর বগাচতর, বগাচতর, সীতাকুন্ড, চট্টগ্রাম",১,Female
০১৪৬,নয়ন বালা,১৫০২৯৫১০০৩৫৮,হরে কৃষ্ণ,অবলা,"চুল্যাা বাপের বাড়ী, উত্তর বগাচতর, বগাচতর, সীতাকুন্ড, চট্টগ্রাম",১,Female
০১৪৭,কান বালা,১৫০২৯৫১০০৩৬০,বুটু,শামিত্রী,"চুল্যাা বাপের বাড়ী, উত্তর বগাচতর, বগাচতর, সীতাকুন্ড, চট্টগ্রাম",১,Female
০১৪৮,বিশাখা রাণী,১৫০২৯৫১০০৩৬১,সুধাংসু,মালতি,"চুল্যাা বাপের বাড়ী, উত্তর বগাচতর, বগাচতর, সীতাকুন্ড, চট্টগ্রাম",১,Female
০১৪৯,বিজলী বালা,১৫০২৯৫১০০৩৭০,ননী গোপাল,কিরণ বালা,"কালী কৃষ্ণ জলদাসের বাড়ী, উ: বগাচতর, বগাচতর, সীতাকুন্ড, চট্টগ্রাম",১,Female
০১৫০,ামল,১৫০২৯৫১০০৩৭১,ফকির চান,রাজরানী,"কালি কৃষ্ণ জলদাসের বাড়ী, উত্তর বগাচতর, বগাচতর, সীতাকুন্ড, চট্টগ্রাম",১,Female
০১৫১,বিষ্ণু,১৫০২৯৫১০০৩৭৪,অরমিত বি জল দাস,পাতলী বালা জল দাস,"কালী কৃষ্ণ জল দাসের বাড়ী, উত্তর বগাচতর, বগাচতর, সীতাকুন্ড, চট্টগ্রাম",১,Female
০১৫২,জোছনা,১৫০২৯৫১০০৩৭৭,কুমত হরি,শান্তি,"কালী কৃষ্ণ জলদাসের বাড়ী, উত্তর বগাচতর, বগাচতর, সীতাকুন্ড, চট্টগ্রাম",১,Female
০১৫৩,যুতি বালা,১৫০২৯৫১০০৩৭৯,বজেন্দ্র কুমার জলদাস,গীতা রানী,"কালী কৃষ্ণ জলদাসের বাড়ী, উ: বগাচতর, বগাচতর, সীতাকুন্ড, চট্টগ্রাম",১,Female
০১৫৪,বাসুন্তী রানী জলদাস,১৫০২৯৫১০০৩৮০,পেয়ারী মোহন জল দাস,কালোবাসী জল দাস,"কালী কৃষ্ণ জলদাসের বাঢ়ী, উত্তর বগাচতর, বগাচতর, সীতাকুন্ড, চট্টগ্রাম",১,Female
০১৫৫,রসো বালা,১৫০২৯৫১০০৩৮২,মাগন,হরি তারা,"কালী কৃষ্ণ জলদাসের বাড়ী, উত্তর বগাচতর, বগাচতর, সীতাকুন্ড, চট্টগ্রাম",১,Female
০১৫৬,সরতী,১৫০২৯৫১০০৩৮৩,নব হরি,মন মনী,"কালী কৃষ্ণ জলদাসের বাড়ী, উত্তর বগাচতর, বগাচতর, সীতাকুন্ড, চট্টগ্রাম০১৫৭. মাইগ্রেট হয়েছে",১,Female
০১৫৮,যমুনা,১৫০২৯৫১০০৩৮৬,রসমল জলদাস,নিরবালা,"কালী কৃষ্ণ জলদাসের বাড়ী, উত্তর বগাচতর, বগাচতর, সীতাকুন্ড, চট্টগ্রাম",১,Female
০১৫৯,লালমতি,১৫০২৯৫১০০৩৮৭,ধনরন,গঙ্গারাণী,"কালী কৃষ্ণজলদাসের বাড়ী, উত্তর বগাচতর, বগাচতর, সীতাকুন্ড, চট্টগ্রাম৯চূড়ান্ত ভোটার তালিকাজেলা:চট্টগ্রামউপজেলা:সীতাকুন্ডইউনিয়ন:সৈয়দপুরডাকঘর:কমর আলীভোটার এলাকার কোড: ০২৯৫ভোটার এলাকার নাম: উত্তর বগাচতর",১,Female
০১৬০,মহা রানী,১৫০২৯৫১০০৩৮৯,যোকৃষ্ণ,মঙ্গলী,"কালী কৃষ্ণ জল দাসের বাড়ী, উত্তর বগাচতর, বগাচতর, সীতাকুন্ড, চট্টগ্রাম",১,Female
০১৬১,মিলন বালা,১৫০২৯৫১০০৩৯২,উকুর মনি জলদাস,হর সুন্দারী,"কালী কৃষ্ণ জলদাসের বাড়ী, উত্তর বগাচতর, বগাচতর, সীতাকুন্ড, চট্টগ্রাম",১,Female
০১৬২,গঙ্গা রাণী,১৫০২৯৫১০০৩৯৩,হরে কৃষ্ণ,প্রতিকা,"কালী কৃষ্ণ জলদাসের বাড়ী, উত্তর বগাচতর, বগাচতর, সীতাকুন্ড, চট্টগ্রাম",১,Female
০১৬৩,নিপুর বালা,১৫০২৯৫১০০৩৯৬,হল ধর,ছিয়ন বালা,"কাঙ্গাল হরি বাড়ী, উত্তর বগাচতর, বগাচতর, সীতাকুন্ড, চট্টগ্রাম",১,Female
০১৬৪,ধনপতি,১৫০২৯৫১০০৪০৪,রাখাল,নিশিতারা,"অনন্ত কুমার জলদাসের বাড়ী, উত্তর বগাচতর, বগাচতর, সীতাকুন্ড, চট্টগ্রাম",১,Female
০১৬৫,বৃহতি,১৫০২৯৫১০০৪০৯,সুশীল চন্দ্র,কাজল বালা,"অনন্ত কুমার জল দাসের বাড়ী, উত্তর বগাচতর, বগাচতর, সীতাকুন্ড, চট্টগ্রাম",১,Female
০১৬৬,সীতা রানী,১৫০২৯৫১০০৪১০,অমল কৃষ্ণ,ধন বিলাসী,"অনন্ত কুমার জলদাসের বাড়ী, উত্তর বগাচতর, বগাচতর, সীতাকুন্ড, চট্টগ্রাম",১,Female
০১৬৭,শিব রানী,১৫০২৯৫১০০৪১৩,গোপাল,রাধাবালা,"অনন্ত কুমার জলদাসের বাড়ী, উত্তর বগাচতর, বগাচতর, সীতাকুন্ড, চট্টগ্রাম",১,Female
০১৬৮,চাা রাণী,১৫০২৯৫১০০৪১৪,যগীন্দ্র,ললিতা রাণী,"অনন্ত কুমার জলদাসের বাড়ী, উত্তর বগাচতর, বগাচতর, সীতাকুন্ড, চট্টগ্রাম",১,Female
০১৬৯,পাখি রানী,১৫০২৯৫১০০৪১৫,রাধা নাথ,বৃহতি,"চুল্যাা বাপের বাড়ী, উত্তর বগাচতর, বগাচতর, সীতাকুন্ড, চট্টগ্রাম",১,Female
০১৭০,সাধন বালা,১৫০২৯৫১০০৪২৩,েত্র মোহন,ননাই বালা,"অনন্ত কুমার জলদাসের বাড়ী, উ: বগাচতর, বগাচতর, সীতাকুন্ড, চট্টগ্রাম",১,Female
০১৭১,রবিবালা,১৫০২৯৫১০০৪২৫,মহে,ছোট্টনি,"অনন্ত কুমার জলদাসের বাড়ী, উত্তর বগাচতর, বগাচতর, সীতাকুন্ড, চট্টগ্রাম",১,Female
০১৭২,মনি বালা,১৫০২৯৫১০০৪২৭,জন মহন,সখী বালা,"অনন্ত কুমার জলদাসের বাড়ী, উত্তর বগাচতর, বগাচতর, সীতাকুন্ড, চট্টগ্রাম",১,Female
০১৭৩,নিপুর বালা,১৫০২৯৫১০০৪২৮,হরিলাল,কুনী,"অনন্ত কুমারজলদাসের বাড়ী, উ: বগাচতর, বগাচতর, সীতাকুন্ড, চট্টগ্রাম",১,Female
০১৭৪,স্যা রানী,১৫০২৯৫১০০৪৩২,রাধা কৃষ্ণ,রাধিকা,"অনন্ত কুমার জলদাসের বাড়ী, উত্তর বগাচতর, বগাচতর, সীতাকুন্ড, চট্টগ্রাম",১,Female
০১৭৫,ঔরা বতী,১৫০২৯৫১০০৪৩৩,যতিন্দ্র মহন জলদাস,স্যা রানী,"অনন্ত কুমার জরদাসের বাড়ী, উত্তর বগাচতর, বগাচতর, সীতাকুন্ড, চট্টগ্রাম",১,Female
০১৭৬,বি্যা রানী,১৫০২৯৫১০০৪৩৬,চন্দ্র কুমার,ঠাকুর রানী,"অনন্ত কুমার জলদাসের বাড়ী, উ: বগাচতর, বগাচতর, সীতাকুন্ড, চট্টগ্রাম",১,Female
০১৭৭,সুবাশী,১৫০২৯৫১০০৪৩৭,লাল মহন,কুমতি,"ঠাকুর বাড়ী, উত্তর বগাচতর, বগাচতর, সীতাকুন্ড, চট্টগ্রাম১০চূড়ান্ত ভোটার তালিকাজেলা:চট্টগ্রামউপজেলা:সীতাকুন্ডইউনিয়ন:সৈয়দপুরডাকঘর:কমর আলীভোটার এলাকার কোড: ০২৯৫ভোটার এলাকার নাম: উত্তর বগাচতর",১,Female
০১৭৮,রেনূ বালা,১৫০২৯৫১০০৪৪২,মনহারী,প্রমিলা,"কালী কৃষ্ণ জলদাসের বাড়ী, উত্তর বগাচতর, বগাচতর, সীতাকুন্ড, চট্টগ্রাম",১,Female
০১৭৯,তুলসী রানী,১৫০২৯৫১০০৪৪৭,দোয়ারী মহন,বিা রানী,"অনন্ত কুমার জলদাসের বাড়ী, উত্তর বগাচতর, বগাচতর, সীতাকুন্ড, চট্টগ্রাম",১,Female
০১৮০,দেবী রাণী,১৫০২৯৫১০০৪৫৩,জগদীশ,শ্রীী মতি,"অনন্ত কুমার জলদাসের বাড়ী, উত্তর বগাচতর, বগাচতর, সীতাকুন্ড, চট্টগ্রাম",১,Female
০১৮১,রানী বালা,১৫০২৯৫১০০৪৫৫,দেবন্দ্র,বেলক,"অনন্ত কুমার জলদাসের বাড়ী, উ: বগাচতর, বগাচতর, সীতাকুন্ড, চট্টগ্রাম",১,Female
০১৮২,বিটু রানী,১৫০২৯৫১০০৪৫৬,হরিৎ চন্দ্র,বিয়া রানী,"অনন্ত কুমার জলদাসের বাড়ী, উত্তর বগাচতর, বগাচতর, সীতাকুন্ড, চট্টগ্রাম",১,Female
০১৮৩,যুতিবালা,১৫০২৯৫১০০৪৫৮,নিবারন,তানোবালা,"অনন্ত কুমার জলদাসের বাড়ী, উত্তর বগাচতর, বগাচতর, সীতাকুন্ড, চট্টগ্রাম",১,Female
০১৮৪,নাসপতি,১৫০২৯৫১০০৪৫৯,রাধা নাথ,তুলষী রানী,"অনন্ত কুমার জল দাসের বাড়ী, উত্তর বগাচতর, বগাচতর, সীতাকুন্ড, চট্টগ্রাম",১,Female
০১৮৫,বি্যা রাণী,১৫০২৯৫১০০৪৬০,নগর ীপ,রেনূ বালা,"অনন্ত কুমার জলদাসের বাড়ী, উত্তর বগাচতর, বগাচতর, সীতাকুন্ড, চট্টগ্রাম",১,Female
০১৮৬,কুু রানী,১৫০২৯৫১০০৪৬২,শ্রীীধাম,উৎসা রানী,"অনন্ত কুমার জলদাসের বাড়ী, উত্তর বগাচতর, বগাচতর, সীতাকুন্ড, চট্টগ্রাম",১,Female
০১৮৭,দিপালী,১৫০২৯৫১০০৪৬৩,তিষ,ছবলা রানী,"অনন্ত কুমার জলদাসের বাড়ী, উ: বগাচতর, বগাচতর, সীতাকুন্ড, চট্টগ্রাম",১,Female
০১৮৮,সুজী রীতা,১৫০২৯৫১০০৪৬৪,ছিদ্দত,অনা,"অনন্ত কুমার জলদাসের বাড়ী, উত্তর বগাচতর, বগাচতর, সীতাকুন্ড, চট্টগ্রাম",১,Female
০১৮৯,নিহার বালা,১৫০২৯৫১০০৪৬৭,র্ণ কুমার,সুমতি বালা,"ঠাকুর বাড়ী, উত্তর বগাচতর, বগাচতর, সীতাকুন্ড, চট্টগ্রাম",১,Female
০১৯০,মিনূ বালা,১৫০২৯৫১০০৪৭৩,বাগলা চরণ,সুবাষ বালা,"অনন্ত কুমার জলদাসের বাড়ী, উত্তর বগাচতর, বগাচতর, সীতাকুন্ড, চট্টগ্রাম",১,Female
০১৯১,রাধা রানী,১৫০২৯৫১০০৪৭৪,হার কমল,চঁান তারা,"অনন্ত কুমার জল দাসের বাড়ী, উত্তর বগাচতর, বগাচতর, সীতাকুন্ড, চট্টগ্রাম",১,Female
০১৯২,ছন্দা রানী,১৫০২৯৫১০০৪৭৫,বলরাম,আলো রানী,"অনন্ত কুমার জল দাসের বাড়ী, উত্তর বগাচতর, বগাচতর, সীতাকুন্ড, চট্টগ্রাম",১,Female
০১৯৩,সবিতা,১৫০২৯৫১০০৪৭৬,হরিলাল,ছায়া রানী,"ঠাকুর বাড়ী, উ: বগাচতর, বগাচতর, সীতাকুন্ড, চট্টগ্রাম",১,Female
০১৯৪,রিনা,১৫০২৯৫১০০৪৭৭,বিম,মঞুবালা,"ঠাকুর বাড়ী, উত্তর বগাচতর, বগাচতর, সীতাকুন্ড, চট্টগ্রাম",১,Female
০১৯৫,কানন বালা,১৫০২৯৫১০০৪৭৮,দেবেন্দ্র,রাণী বালা,"ঠাকুর বাড়ী, উত্তর বগাচতর, বগাচতর, সীতাকুন্ড, চট্টগ্রাম১১চূড়ান্ত ভোটার তালিকাজেলা:চট্টগ্রামউপজেলা:সীতাকুন্ডইউনিয়ন:সৈয়দপুরডাকঘর:কমর আলীভোটার এলাকার কোড: ০২৯৫ভোটার এলাকার নাম: উত্তর বগাচতর",১,Female
০১৯৬,সীতা রানী,১৫০২৯৫১০০৪৮২,ললিত মহন,শোভা রানী,"অনন্ত কুমার জলদাসের বাড়ি, উত্তর বগাচতর, বগাচতর, সীতাকুন্ড, চট্টগ্রাম",১,Female
০১৯৭,কান,১৫০২৯৫১০০৪৮৩,তেজেন্দ্র,পু রানী,"অনন্ত কুমার জল দাসের বাড়ী, উত্তর বগাচতর, বগাচতর, সীতাকুন্ড, চট্টগ্রাম",১,Female
০১৯৮,কমলা,১৫০২৯৫১০০৪৮৪,মনলাল,পাতলি,"অনন্ত কুমার জলদাসের বাড়ী, উত্তর বগাচতর, বগাচতর, সীতাকুন্ড, চট্টগ্রাম",১,Female
০১৯৯,সরতী রাণী,১৫০২৯৫১০০৪৮৫,সত্যরন,অলকা,"অনন্ত কুমার জলদাসের বাড়ী, উত্তর বগাচতর, বগাচতর, সীতাকুন্ড, চট্টগ্রাম",১,Female
০২০০,শ্রীী মতি,১৫০২৯৫১০০৫০০,হিরলাল,বৃহতি,"অনন্ত কুমার জলদাসের বাড়ী, উত্তর বগাচতর, বগাচতর, সীতাকুন্ড, চট্টগ্রাম",১,Female
০২০১,নিপা চক্রবতী,১৫০২৯৫১০০৫০৩,তারাপদ চক্রবর্তী,কৃষ্ণা চক্রবর্তী,"ঠাকুর বাড়ী, উত্তর বগাচতর, বগাচতর, সীতাকুন্ড, চট্টগ্রাম",১,Female
০২০২,মনি বালা,১৫০২৯৫১০০৫০৫,ধন মহন,শতষী বালা,"কালী কৃষ্ণ জলদাসের বাড়ী, উত্তর বগাচতর, বগাচতর, সীতাকুন্ড, চট্টগ্রাম",১,Female
০২০৩,রবি বালা,১৫০২৯৫১০০৫১২,মহনন্দা,মাতাঙ্গঁা,"অনন্ত কুমার জল দাসের বাড়ী, উত্তর বগাচতর, বগাচতর, সীতাকুন্ড, চট্টগ্রাম",১,Female
০২০৪,সীতারাণী,১৫০২৯৫১০০৫১৩,নিপন্দ্র দাস,ফুলেরী,"অনন্ত জল দাসের বাড়ী, উত্তর বগাচতর, বগাচতর, সীতাকুন্ড, চট্টগ্রাম",১,Female
০২০৫,র্নলতা,১৫০২৯৫১০০৫১৬,গরকিস্তর,রাধারানী,"অনন্ত কুমার জলদাসের বাড়ী, উত্তর বগাচতর, বগাচতর, সীতাকুন্ড, চট্টগ্রাম",১,Female
০২০৬,সাবিত্রী,১৫০২৯৫১০০৫১৭,সত্যরন,উলা,"অনন্ত জলদাসের বাড়ী, উত্তর বগাচতর, বগাচতর, সীতাকুন্ড, চট্টগ্রাম",১,Female
০২০৭,কমলা রানী দাস,১৫০২৯৫১০০৫২৩,ফকির চান,রাজরানী,"অনন্ত জলাদাসের বাড়ী, উত্তর বগাচতর, বগাচতর, সীতাকুন্ড, চট্টগ্রাম",১,Female
০২০৮,প্রিয়বালা,১৫০২৯৫১০০৫২৪,জগদীশ,যোগ্যসরী,"অনন্ত কুমার জলদাসের বাড়ী, উত্তর বগাচতর, বগাচতর, সীতাকুন্ড, চট্টগ্রাম",১,Female
০২০৯,পাখি বালা,১৫০২৯৫১০০৫২৬,ভগিরথ,পান কিশোরী,"অনন্ত কুমার জল দাসের বাড়ী, উত্তর বগাচতর, বগাচতর, সীতাকুন্ড, চট্টগ্রাম",১,Female
০২১০,রাধা রানী,১৫০২৯৫১০০৫২৮,ামা চরন,সুরবালা,"কালী কৃষ্ণ জলদাসের বাড়ী, উত্তর বগাচতর, বগাচতর, সীতাকুন্ড, চট্টগ্রাম",১,Female
০২১১,মিঠু রানি,১৫০২৯৫১০০৫২৯,ধনরন,ঊষা রানী,"কালী কৃষ্ণ জলদাসের বাড়ী, উত্তর বগাচতর, বগাচতর, সীতাকুন্ড, চট্টগ্রাম",১,Female
০২১২,সুবাসী বালা,১৫০২৯৫১০০৫৩০,রমেশ,হাছনিবালা,"কাঙ্গাল হরি বাড়ী, উত্তর বগাচতর, বগাচতর, সীতাকুন্ড, চট্টগ্রাম",১,Female
০২১৩,ঠাকুর রানী,১৫০২৯৫১০০৫৩২,রমেশ কুমার জলদাস,গ্রীরেন্দ্র বালা,"অনন্ত কুমার জলদাসের বাড়ী, উত্তর বগাচতর, বগাচতর, সীতাকুন্ড, চট্টগ্রাম১২চূড়ান্ত ভোটার তালিকাজেলা:চট্টগ্রামউপজেলা:সীতাকুন্ডইউনিয়ন:সৈয়দপুরডাকঘর:কমর আলীভোটার এলাকার কোড: ০২৯৫ভোটার এলাকার নাম: উত্তর বগাচতর",১,Female
০২১৪,সূযর্রানী,১৫০২৯৫১০০৫৩৬,যুবরাজ,পাখিবালা,"কাঙ্গাল হরি বাড়ী, উত্তর বগাচতর, বগাচতর, সীতাকুন্ড, চট্টগ্রাম",১,Female
০২১৫,রাসো বালা,১৫০২৯৫১০০৫৩৭,জয় চন্দ্র,নতুন বালা,"চুল্যাা বাপের বাড়ী, উত্তর বগাচতর, বগাচতর, সীতাকুন্ড, চট্টগ্রাম",১,Female
০২১৬,রাসনা বালা,১৫০২৯৫১০০৫৩৮,লাল মোহন,কুমদি,"অনন্ত কুমার জলদাসের বাড়ী, উত্তর বগাচতর, বগাচতর, সীতাকুন্ড, চট্টগ্রাম",১,Female
০২১৭,তুফানী,১৫০২৯৫১০০৫৪০,যুবরাজ,পাখি বালা,"অনন্ত কুমার জলাদাসের বাড়ী, উত্তর বগাচতর, বগাচতর, সীতাকুন্ড, চট্টগ্রাম",১,Female
০২১৮,রুপালী দাস,১৫০২৯৫১০০৫৪১,েএ মহন,রানী বালা,"চুল্যাা বাপের বড়ী, উত্তর বগাচতর, বগাচতর, সীতাকুন্ড, চট্টগ্রাম",১,Female
০২১৯,পানজুরী,১৫০২৯৫১০০৫৪৩,রামহরি,ফটোরানী,"অনন্ত জলদাসের বাড়ী, উত্তর বগাচতর, বগাচতর, সীতাকুন্ড, চট্টগ্রাম",১,Female
০২২০,সা রানী,১৫০২৯৫১০০৫৪৯,লেদন জলদাস,সূযর্রানী,"অনন্ত কুমার জলদাসের বাড়ী, উত্তর বগাচতর, বগাচতর, সীতাকুন্ড, চট্টগ্রাম",১,Female
০২২১,রোজিনা আক্তার,১৫০২৯৫১০০৫৫৩,আবুল হাসেম,নূর নাহার বেগম,"কালা মিয়ার মাঝি বাড়ী, উত্তর বগাচতর, বগাচতর, সীতাকুন্ড, চট্টগ্রাম",১,Female
০২২২,শিরিনা আক্তার,১৫০২৯৫১০০৫৫৪,নূরুল মোমিন,রোসনা আক্তার,"মোমিন মাঝির বাড়ী, উত্তর বগাচতর, বগাচতর, সীতাকুন্ড, চট্টগ্রাম",১,Female
০২২৩,নাগর্িস আক্তার,১৫০২৯৫১০০৫৫৫,আবুল কাশেম,মনোয়ারা বেগম,"কালামিয়া মাঝি বাড়ী, উওর বগাচতর, বগাচতর, সীতাকুন্ড, চট্টগ্রাম",১,Female
০২২৪,নূর বানূ,১৫০২৯৫১০০৫৫৬,আবদুল মোনাফ,ছালেহা বেগম,"কালা মিয়া মাঝি বাড়ী, উত্তর বগাচতর, বগাচতর, সীতাকুন্ড, চট্টগ্রাম",১,Female
০২২৫,নূর নাহার,১৫০২৯৫১০০৫৫৭,আবদুল হক,বালি খাতুন,"কালা মিয়া মাঝি বড়ী, উওর বগাচতর, বগাচতর, সীতাকুন্ড, চট্টগ্রাম",১,Female
০২২৬,রাশেদা আক্তার,১৫০২৯৫১০০৫৫৮,আবুল কালাম,শরীফা খাতুন,"পোরা কাজীর বাড়ী, উত্তর বগাচতর, বগাচতর, সীতাকুন্ড, চট্টগ্রাম",১,Female
০২২৭,মনোয়ারা বেগম,১৫০২৯৫১০০৫৬০,ফয়েজ আহমদ,লিলি খাতুন,"কালা মিয়া মাঝির বাড়ী, উত্তর বগাচতর, বগাচতর, সীতাকুন্ড, চট্টগ্রাম",১,Female
০২২৮,শামীমা আক্তার,১৫০২৯৫১০০৫৬১,আবুল হোসেন,মামুনা খাতুন,"কালা মাঝি বাড়ী, উত্তর বগাচতর, বগাচতর, সীতাকুন্ড, চট্টগ্রাম",১,Female
০২২৯,সাহেদা আক্তার,১৫০২৯৫১০০৫৬৫,দেলোয়ার হোসেন,পরান ধন,"নূর আহমদ সারেং বাড়ী, উত্তর বগাচতর, বগাচতর, সীতাকুন্ড, চট্টগ্রাম",১,Female
০২৩০,পারভীন আক্তার,১৫০২৯৫১০০৫৭৮,নূরুল আলম,শিরিন আক্তার,"নূরুল আহমদ সারাং বাড়ী, উত্তর বগাচতর, বগাচতর, সীতাকুন্ড, চট্টগ্রাম",১,Female
০২৩১,নাহিদা আকতার,১৫০২৯৫১০০৫৮৫,মুহাম্মদ আবু তাহের,আবতে আরা বেগম,"বদিউজ্জামান হাজী বাড়ী, উত্তর বগাচতর, বগাচতর, সীতাকুন্ড, চট্টগ্রাম১৩চূড়ান্ত ভোটার তালিকাজেলা:চট্টগ্রামউপজেলা:সীতাকুন্ডইউনিয়ন:সৈয়দপুরডাকঘর:কমর আলীভোটার এলাকার কোড: ০২৯৫ভোটার এলাকার নাম: উত্তর বগাচতর",১,Female
০২৩২,সীতি রানী,১৫০২৯৫১০০৫৮৬,ধন রন,গঙ্গা রানী,"কাঙ্গানী হরি বাড়ী, উত্তর বগাচতর, বগাচতর, সীতাকুন্ড, চট্টগ্রাম",১,Female
০২৩৩,আবতে আরা বেগম,১৫০২৯৫১০০৫৮৭,হাবিবুর রহমান,বদরের নেছা,"বদিউজ্জামান হাজি বাড়ী, উত্তর বগচতর, বগচতর, সীতাকুন্ড, চট্টগ্রাম",১,Female
০২৩৪,মোছাম্মৎ সাজেদা আক্তার,১৫০২৯৫১০০৫৮৮,আবু তাহের,আবতে আরা বেগম,"বদিউজ্জামান হাজী বাড়ী, উত্তর বগাচতর, বগাচতর, সীতাকুন্ড, চট্টগ্রাম",১,Female
০২৩৫,অস্টমী দাস,১৫০২৯৫১০০৫৮৯,ইন্দ্র কুমার দাস,কুনতি রানী দাস,"অনন্ত কুমার জলদাসের বাড়ী, উত্তর বগাচতর, বগাচতর, সীতাকুন্ড, চট্টগ্রাম",১,Female
০২৩৬,রুনা লায়লা,১৫০২৯৫১০০৫৯৩,মফিজুর রহমান,রিজিয়া বেগম,"জমাদার বাড়ী, উত্তর বগাচতর, বগাচতর, সীতাকুন্ড, চট্টগ্রাম",১,Female
০২৩৭,রুমা,১৫০২৯৫১০০৫৯৪,ুদি রাম,র্গ বালা,"অনন্ত কুমার জলদাসের বাড়ী, উওর বগাচতর, বগাচতর, সীতাকুন্ড, চট্টগ্রাম",১,Female
০২৩৮,সুমতি বালা জলদাস,১৫০২৯৫১০০৫৯৬,জগবু জলদাস,জলদা রানী,"অনন্ত কুমার জলদাসের বাড়ী, উত্তর বগাচতর, বগাচতর, সীতাকুন্ড, চট্টগ্রাম",১,Female
০২৩৯,আনোয়ারা বেগম,১৫০২৯৫১০০৬২১,আমির ব,আফজল বিয়া,"তোয়ানী মীর বাড়ী, উত্তর বগাচতর, বগাচতর, সীতাকুন্ড, চট্টগ্রাম",১,Female
০২৪০,তাছলিমা আক্তার,১৫০২৯৫১০০৬২২,মজিবল হক,হরান ধন,"তোয়ানী মীর বাড়ী, উত্তর বগাচতর, বগাচতর, সীতাকুন্ড, চট্টগ্রাম",১,Female
০২৪১,ছালেহা বেগম,১৫০২৯৫১০০৬২৩,জহুর আলম,ছেমনা খাতুন,"তোয়ানী মীর বাড়ী, উত্তর বগাচতর, বগাচতর, সীতাকুন্ড, চট্টগ্রাম",১,Female
০২৪২,জেসমিন আক্তার,১৫০২৯৫১০০৬২৬,আবুল কালাম আজাদ,জাকেরা খাতুন,"তোয়ানী মীর বাড়ী, উত্তর বগাচতর, বগাচতর, সীতাকুন্ড, চট্টগ্রাম",১,Female
০২৪৩,রীনা আক্তার,১৫০২৯৫১০০৬২৭,কালা মিয়া,ছকিনা বেগম,"তোয়ানী মীর বাড়ী, উত্তর বগাচতর, বগাচতর, সীতাকুন্ড, চট্টগ্রাম",১,Female
০২৪৪,খায়রুন্নেছা,১৫০২৯৫১০০৬২৮,মজিবল হক,হামেলা খাতুন,"তৌয়ানী মীর বাড়ী, উত্তর বগাচতর, বগাচতর, সীতাকুন্ড, চট্টগ্রাম",১,Female
০২৪৫,ফয়জুন নাহার,১৫০২৯৫১০০৬২৯,শফি উল্যা্যাহ,ছালেহা বেগম,"তোয়ানী মীর বাড়ী, উত্তর বগাচতর, বগাচতর, সীতাকুন্ড, চট্টগ্রাম",১,Female
০২৪৬,রেহেনা আক্তার,১৫০২৯৫১০০৬৩০,নূরুল আলম,ফিরোজা বেগম,"তোয়ানী মীর বাড়ী, উত্তর বগাচতর, বগাচতর, সীতাকুন্ড, চট্টগ্রাম",১,Female
০২৪৭,আলেয়া বেগম,১৫০২৯৫১০০৬৩১,কোাদ আহমদ,আমেনা বেগম,"তোয়ানী মীর বাড়ী, উত্তর বগাচতর, বগাচতর, সীতাকুন্ড, চট্টগ্রাম",১,Female
০২৪৮,আয়েশা বেগম,১৫০২৯৫১০০৬৩৪,আবদুর রাজ্জাক সওদাগর,হাছনা বানূ,"তোয়ানী মীর বাড়ী, উত্তর বগাচতর, বগাচতর, সীতাকুন্ড, চট্টগ্রাম",১,Female
০২৪৯,হাছিনা আক্তার,১৫০২৯৫১০০৬৩৮,আবুল হোসেন,বিবি হাজেরা,"তোয়ানী বাড়ী, উত্তর বগাচতর, বগাচতর, সীতাকুন্ড, চট্টগ্রাম১৪চূড়ান্ত ভোটার তালিকাজেলা:চট্টগ্রামউপজেলা:সীতাকুন্ডইউনিয়ন:সৈয়দপুরডাকঘর:কমর আলীভোটার এলাকার কোড: ০২৯৫ভোটার এলাকার নাম: উত্তর বগাচতর",১,Female
০২৫০,বিবি আমেনা,১৫০২৯৫১০০৬৩৯,আবুল হোসেন,বিবি হাজেরা,"তোয়ানী মীর বাড়ী, উত্তর বগাচতর, বগাচতর, সীতাকুন্ড, চট্টগ্রাম",১,Female
০২৫১,রিজিয়া বেগম,১৫০২৯৫১০০৬৪০,বদিউজ্জামান,হালিমা খাতুন,"তোয়ানী মীর বাড়ী, উত্তর বগাচতর, বগাচতর, সীতাকুন্ড, চট্টগ্রাম",১,Female
০২৫২,নূরুন্নাহার,১৫০২৯৫১০০৬৪১,সিরাজুল হক,খায়রেন্নেছা,"তোয়ানী মীর বাড়ী, উত্তর বগাচতর, বগাচতর, সীতাকুন্ড, চট্টগ্রাম",১,Female
০২৫৩,কমলা বেগম,১৫০২৯৫১০০৬৪২,কামাল উদ্দীন,বিবি ছকিনা,"তোয়ানী মীর বাড়ী, উত্তর বগাচতর, বগাচতর, সীতাকুন্ড, চট্টগ্রাম",১,Female
০২৫৪,নাছিমা আক্তার,১৫০২৯৫১০০৬৪৩,আব্দুল মান্নান,লুৎফের নেছা,"তোয়ানী মীর বাড়ী, উত্তর বগাচতর, বগাচতর, সীতাকুন্ড, চট্টগ্রাম",১,Female
০২৫৫,হাসনা বেগম,১৫০২৯৫১০০৬৪৬,খলিলের রহমান,ছেমনা আফরোজ,"তোয়ানী মীর বাড়ী, উত্তর বগাচতর, বগাচতর, সীতাকুন্ড, চট্টগ্রাম",১,Female
০২৫৬,হোসনেয়ারা বেগম,১৫০২৯৫১০০৬৪৭,অলি আহমদ,ছালেহা বেগম,"তোয়ানী মীর বাড়ী, উত্তর বগাচতর, বগাচতর, সীতাকুন্ড, চট্টগ্রাম",১,Female
০২৫৭,নূর নাহার,১৫০২৯৫১০০৬৪৯,কবির আহম্মদ,জোবেদা খাতুন,"তোয়ানী মীর বাড়ী, উত্তর বগাচতর, বগাচতর, সীতাকুন্ড, চট্টগ্রাম",১,Female
০২৫৮,হাসনা আরা বেগম,১৫০২৯৫১০০৬৫৩,আমিনূল হক,শাহের বানূ,"তোয়ানী মীর বাড়ী, উত্তর বগাচতর, বগাচতর, সীতাকুন্ড, চট্টগ্রাম",১,Female
০২৫৯,সেলিনা আক্তার,১৫০২৯৫১০০৬৫৪,এছহাক ভূইয়া,জাহেদা বেগম,"তোয়ানী মীর বাড়ী, উত্তর বগাচতর, বগাচতর, সীতাকুন্ড, চট্টগ্রাম",১,Female
০২৬০,বিবি রহিমা,১৫০২৯৫১০০৬৫৫,ছদিকের রহমান,আয়শা খাতুন,"আমিনের বাড়ী, উত্তর বগাচতর, বগাচতর, সীতাকুন্ড, চট্টগ্রাম",১,Female
০২৬১,ছালেহা বেগম,১৫০২৯৫১০০৬৫৬,মাজহারুল্যাহ,অজিকের নেছা,"আমনের বাড়ী, উত্তর বগাচতর, বগাচতর, সীতাকুন্ড, চট্টগ্রাম",১,Female
০২৬২,হোসনেয়ারা বেগম (মায়া),১৫০২৯৫১০০৬৫৭,আমিনূল হক,ছালেহা বেগম,"আমিনের বাড়ী, উত্তর বগাচতর, বগাচতর, সীতাকুন্ড, চট্টগ্রাম",১,Female
০২৬৩,হাছিনা আক্তার বেগম,১৫০২৯৫১০০৬৫৮,হাজী আব্দুল অদুদ,রাজিয়া বেগম,"সেকান্দার ভুঁঞা বাড়ী, উত্তর বগাচতর, বগাচতর, সীতাকুন্ড, চট্টগ্রাম",১,Female
০২৬৪,নূর নাহার বেগম,১৫০২৯৫১০০৬৬০,আবদুন্নবী,ময়না খাতুন,"আমিনের বাড়ি, উত্তর বগাচতর, বগাচতর, সীতাকুন্ড, চট্টগ্রাম",১,Female
০২৬৫,হাছিনা বেগম,১৫০২৯৫১০০৬৬১,মোখলেজ্জমান,ছালেহা বেগম,"সেকান্তর ভূঞা বাড়ী, উত্তর বগাচতর, বগাচতর, সীতাকুন্ড, চট্টগ্রাম",১,Female
০২৬৬,নিলুফার সুলতানা,১৫০২৯৫১০০৬৬৪,মাস্টার আলী হোসেন,নূর নাহার বেগম,"সেকান্তর ভুঁঞা বাড়ী, উত্তর বগাচতর, বগাচতর, সীতাকুন্ড, চট্টগ্রাম",১,Female
০২৬৭,মোছাম্মৎ তাছমিন সুলতানা,১৫০২৯৫১০০৬৬৫,নূরুল মোস্তফা,নিলুফার সুলতানা,"সেকান্তর ভূঁইঞা বাড়ি, উত্তর বগাচতর, বগাচতর, সীতাকুন্ড, চট্টগ্রাম১৫চূড়ান্ত ভোটার তালিকাজেলা:চট্টগ্রামউপজেলা:সীতাকুন্ডইউনিয়ন:সৈয়দপুরডাকঘর:কমর আলীভোটার এলাকার কোড: ০২৯৫ভোটার এলাকার নাম: উত্তর বগাচতর",১,Female
০২৬৮,শিরিনা আক্তার,১৫০২৯৫১০০৬৬৮,কবির আহমদ,মোতাহেরা বেগম,"সেকান্তর ভুঁঞা বাড়ী, উত্তর বগাচতর, বগাচতর, সীতাকুন্ড, চট্টগ্রাম",১,Female
০২৬৯,হোসনেয়ারা বেগম,১৫০২৯৫১০০৬৬৯,মোখলেছের রহমান,আছবা খাতুন,"সেকান্তর ভূঞা বাড়ি, উত্তর বগাচতর, বগাচতর, সীতাকুন্ড, চট্টগ্রাম",১,Female
০২৭০,হালিমা আক্তার,১৫০২৯৫১০০৬৭১,আবদুল আউয়াল,কোহিনূর বেগম,"সেকান্তর ভুঁঞা বাড়ী, উত্তর বগাচতর, বগাচতর, সীতাকুন্ড, চট্টগ্রাম",১,Female
০২৭১,আছিয়া খাতুন,১৫০২৯৫১০০৬৭২,ভোলা মিয়া,ছকিনা বেগম,"সেকান্তর ভুঞা বাড়ী, উত্তর বগাচতর, বগাচতর, সীতাকুন্ড, চট্টগ্রাম",১,Female
০২৭২,ছেমনা খাতুন,১৫০২৯৫১০০৬৭৪,গোলালের রহমান,মাহমুদা খাতুন,"সেকান্তর ভুঁঞা বাড়ী, উত্তর বগাচতর, বগাচতর, সীতাকুন্ড, চট্টগ্রাম",১,Female
০২৭৩,জাহেদা বেগম,১৫০২৯৫১০০৬৭৫,শফি উল্যাহ ভূঁঞা,বিবি মরিয়ম,"সেকান্তর ভূঞা বাড়ী, উত্তর বগাচতর, বগাচতর, সীতাকুন্ড, চট্টগ্রাম",১,Female
০২৭৪,ফেরদৌস বেগম,১৫০২৯৫১০০৬৭৮,আজিজুর রহমান,আয়শা খাতুন,"সেকান্তর ভূঁইয়া বাড়ি, উত্তর বগাচতর, বগাচতর, সীতাকুন্ড, চট্টগ্রাম",১,Female
০২৭৫,জাহানারা বেগম,১৫০২৯৫১০০৬৮০,খায়রুল্যা্যাহ,হাছিনা বেগম,"সেকান্তর ভূইয়া বাড়ী, উত্তর বগাচতর, বগাচতর, সীতাকুন্ড, চট্টগ্রাম",১,Female
০২৭৬,পারভীন সুলতানা,১৫০২৯৫১০০৬৮২,ইাহীম ভূঞা,রাবেয়া বেগম,"সেকান্তর ভূঞঁা বাড়ী, উত্তর বগাচতর, বগাতের, সীতাকুন্ড, চট্টগ্রাম",১,Female
০২৭৭,খুরশিদা আক্তার,১৫০২৯৫১০০৬৮৬,কমর উদ্দিন,জহুরা বেগম,"সেকান্তর ভুঁঞা বাড়ী, উত্তর বগাচতর, বগাচতর, সীতাকুন্ড, চট্টগ্রাম",১,Female
০২৭৮,ছেমন আরা বেগম,১৫০২৯৫১০০৬৮৭,ফজলুল হোসেন খান,হায়াতের নেছা,"সেকান্তর ভুঁঞা বাড়ী, উত্তর বগচতর, বগচতর, সীতাকুন্ড, চট্টগ্রাম",১,Female
০২৭৯,বিবি হালিমা,১৫০২৯৫১০০৬৯০,সামসুদ্দিন,শাহানারা বেগম,"সেকান্তর ভূঞা বাড়ী, উত্তর বগাচতর, বগাচতর, সীতাকুন্ড, চট্টগ্রাম",১,Female
০২৮০,ফেরদৌস আরা,১৫০২৯৫১০০৬৯৪,ওয়ারত উল্যা্যা,সুরমা আক্তার,"হেদু ভুঁইয়া বাড়ি, উ: বগাচতর, বগাচতর, সীতাকুন্ড, চট্টগ্রাম",১,Female
০২৮১,লায়লা বেগম,১৫০২৯৫১০০৬৯৫,আব্দুল গনি,আমেনা খাতুন,"হেদু ভূঁঞা বাড়ী, উত্তর বগাচতর, বগাচতর, সীতাকুন্ড, চট্টগ্রাম",১,Female
০২৮২,আলেয়া বেগম,১৫০২৯৫১০০৬৯৭,তাজুল ইসলাম,সামছু◌্ন্নাহার,"হেদু ভূইয়া বাড়ী, উত্তর বগাচতর, বগাচতর, সীতাকুন্ড, চট্টগ্রাম",১,Female
০২৮৩,ফেরদৌস আরা বেগম,১৫০২৯৫১০০৭০০,সুজাউল হক সওঃ,দেলাফরোজ বেগম,"হেদু ভুঁঞা বাড়ী, উত্তর বগচতর, বগচতর, সীতাকুন্ড, চট্টগ্রাম",১,Female
০২৮৪,নূর নাহার,১৫০২৯৫১০০৭০১,আনোয়ারুল আজিম,লুৎফুন্নাহার,"হেদু ভূঞঁা বাড়ী, উত্তর বগাচতর, বগাচতর, সীতাকুন্ড, চট্টগ্রাম",১,Female
০২৮৫,শামীমা নাছরিন,১৫০২৯৫১০০৭০২,মোয়াজ্জম হোসেন,ফেরদৌস আরা বেগম,"হেদু ভুঁইয়া বাড়ী, উ: বগাচতর, বগাচতর, সীতাকুন্ড, চট্টগ্রাম১৬চূড়ান্ত ভোটার তালিকাজেলা:চট্টগ্রামউপজেলা:সীতাকুন্ডইউনিয়ন:সৈয়দপুরডাকঘর:কমর আলীভোটার এলাকার কোড: ০২৯৫ভোটার এলাকার নাম: উত্তর বগাচতর",১,Female
০২৮৬,কহিনূর আক্তার,১৫০২৯৫১০০৭০৩,হাজী ফজলুল হক,শরিফা বেগম,"হেদু ভূঁইয়া বাড়ী, উত্তর বগাচতর, বগাচতর, সীতাকুন্ড, চট্টগ্রাম",১,Female
০২৮৭,আনোয়ারা বেগম,১৫০২৯৫১০০৭০৪,আবদুল বাকী,ফাতেমা বেগম,"হেদু ভুঁঞা বাড়ী, উত্তর বগাচতর, বগাচতর, সীতাকুন্ড, চট্টগ্রাম",১,Female
০২৮৮,নাছিমা আক্তার,১৫০২৯৫১০০৭০৬,সামসুল হুদা,খায়রেন্নেছা,"হেদু ভৃঁঞা বাড়ী, উত্তর বগাচতর, বগাচতর, সীতাকুন্ড, চট্টগ্রাম",১,Female
০২৮৯,সাহেদা আক্তার,১৫০২৯৫১০০৭১০,আবদুল কুদ্দুছ,মনিরের নেছা,"হেদু ভুঁঞা বাড়ী, উত্তর বগাচতর, বগাচতর, সীতাকুন্ড, চট্টগ্রাম",১,Female
০২৯০,সাহেদা আক্তার,১৫০২৯৫১০০৭১১,আমির হোসেন,হোসনে আরা বেগম,"হেদু ভুঁইয়া বাড়ী, উ: বগাচতর, বগাচতর, সীতাকুন্ড, চট্টগ্রাম",১,Female
০২৯১,সুফিয়া খাতুন,১৫০২৯৫১০০৭১২,মোঃ আব্দুর রব ভূঁইয়া,মাহমুদা আক্তার,"হেদু ভূঁইয়া বাড়ী, উত্তর বগাচতর, বগাচতর, সীতাকুন্ড, চট্টগ্রাম",১,Female
০২৯২,রাজিয়া বেগম,১৫০২৯৫১০০৭১৩,আবুল হোসেন,মাফিয়া খাতুন,"হেদু ভূঁঞা বাড়ী, উত্তর বগাচতর, বগাচতর, সীতাকুন্ড, চট্টগ্রাম",১,Female
০২৯৩,ওয়াহিদা আক্তার,১৫০২৯৫১০০৭১৬,সিরাজ উদ দৌলা,জাহানারা আক্তার,"বশির উল্যাহ ভূঁইয়া বাড়ী, উত্তর বগাচতর, বগাচতর, সীতাকুন্ড, চট্টগ্রাম",১,Female
০২৯৪,আনোয়ারা বেগম,১৫০২৯৫১০০৭১৮,হাফেজ মজিবুল্যাহ,নূরুন্নাহার,"বশির উল্যা্যাহ ভুঁইয়া বাড়ি, উত্তর বগাচতর, বগাচতর, সীতাকুন্ড, চট্টগ্রাম",১,Female
০২৯৫,ফাতেমা বেগম,১৫০২৯৫১০০৭১৯,মাওঃ মোঃ মহিউদ্দীন,ফিরোজা বেগম,"বশির উল্যা্যা ভুঁঞা বাড়ী, উত্তর বগাচতর, বগাচতর, সীতাকুন্ড, চট্টগ্রাম",১,Female
০২৯৬,নূর খাতুন,১৫০২৯৫১০০৭২২,ছদিকের রহমান,আয়েশা খাতুন,"তোয়ানী মীর বাড়ী, উত্তর বগাচতর, বগাচতর, সীতাকুন্ড, চট্টগ্রাম",১,Female
০২৯৭,হাছিনা আক্তার,১৫০২৯৫১০০৭২৪,ফয়েজ আহমদ,ফিরোজা বেগম,"তোয়ানী মীর বাড়ী, উত্তর বগাচতর, বগাচতর, সীতাকুন্ড, চট্টগ্রাম",১,Female
০২৯৮,বিবি আসমা,১৫০২৯৫১০০৭২৫,মজিবুল হক,বিবি আয়েশা,"তোয়ানী মীর বাড়ী, উত্তর বগাচতর, বগাচতর, সীতাকুন্ড, চট্টগ্রাম",১,Female
০২৯৯,আলেয়া বেগম,১৫০২৯৫১০০৭২৮,ছিদ্দিক আহমদ,ছালেহা বেগম,"কেরামত আলী সওঃ বাড়ী, উত্তর বগাচতর, বগাচতর, সীতাকুন্ড, চট্টগ্রাম",১,Female
০৩০০,বিবি আয়শা,১৫০২৯৫১০০৭৩০,আবদুল হাকিম,আমেনা বেগম,"কেরামত আলী সওঃ বাড়ী, উত্তর বগাচতর, বগাচতর, সীতাকুন্ড, চট্টগ্রাম",১,Female
০৩০১,রাহেলা বেগম,১৫০২৯৫১০০৭৩২,আবদুল আউয়াল সওদাগর,রাবেয়া খাতুন,"আবু সৈয়দের বাড়ী, উত্তর বগাচতর, বগাচতর, সীতাকুন্ড, চট্টগ্রাম",১,Female
০৩০২,ফিরোজা বেগম,১৫০২৯৫১০০৭৩৪,আহম্মদ ছোবহান,হাফেজা খাতুন,"কেরামত আলী সওঃ বাড়ী, উত্তর বগাচতর, বগাচতর, সীতাকুন্ড, চট্টগ্রাম",১,Female
০৩০৩,রেহানা আক্তার,১৫০২৯৫১০০৭৩৫,ওসমান গণী,বিবি ফাতেমা,"ফেরমত আলী বাড়ী, উত্তর বগাচতর, বগাচতর, সীতাকুন্ড, চট্টগ্রাম১৭চূড়ান্ত ভোটার তালিকাজেলা:চট্টগ্রামউপজেলা:সীতাকুন্ডইউনিয়ন:সৈয়দপুরডাকঘর:কমর আলীভোটার এলাকার কোড: ০২৯৫ভোটার এলাকার নাম: উত্তর বগাচতর",১,Female
০৩০৪,নাজমা বেগম,১৫০২৯৫১০০৭৩৭,আবুল কাশেম,আিয়া খাতুন,"কেরামত আলী সওঃ বাড়ি, উত্তর বগাচতর, বগাচতর, সীতাকুন্ড, চট্টগ্রাম",১,Female
০৩০৫,শামিমা আক্তার,১৫০২৯৫১০০৭৩৮,আবদুল মান্নান,হাছিনা আক্তার,"কেরামত আলী সওঃ বাড়ি, উত্তর বগাচতর, বগাচতর, সীতাকুন্ড, চট্টগ্রাম",১,Female
০৩০৬,মনজুরা আক্তার,১৫০২৯৫১০০৭৩৯,আমিনূল হক,সাহার বানূ,"কেরামত আলী সওদাগর বাড়ী, উত্তর বগাচতর, বগাচতর, সীতাকুন্ড, চট্টগ্রাম",১,Female
০৩০৭,আফিয়া আক্তার,১৫০২৯৫১০০৭৪০,আবু তাহের,ফিরোজা বেগম,"কেরামত আলী বাড়ী, উত্তর বগাচতর, বগাচতর, সীতাকুন্ড, চট্টগ্রাম",১,Female
০৩০৮,জোসনা আরা বেগম,১৫০২৯৫১০০৭৪১,জহুরুল হক,দুর্লব বানূ,"কেরামত আলী সওদাগর বাড়ী, উত্তর বগাচতর, বগাচতর, সীতাকুন্ড, চট্টগ্রাম",১,Female
০৩০৯,শাহানা আক্তার,১৫০২৯৫১০০৭৪৫,গোলাম কাদের,ছকিনা খাতুন,"সেকান্তর ভূঁইয়া বাড়ী, উত্তর বগাচতর, বগাচতর, সীতাকুন্ড, চট্টগ্রাম",১,Female
০৩১০,নূর জাহান,১৫০২৯৫১০০৭৫৬,আহমদল হক,অজিফা বেগম,"কেরামত আলী বাড়ী, উত্তর বগাচতর, বগাচতর, সীতাকুন্ড, চট্টগ্রাম",১,Female
০৩১১,দিলুয়ারা বেগম,১৫০২৯৫১০০৭৫৭,মফিজুর রহমান,হালিমা খাতুন,"কেরামত আলী সওঃ বাড়ী, উত্তর বগাচতর, বগাচতর, সীতাকুন্ড, চট্টগ্রাম",১,Female
০৩১২,আলেয়া আক্তার,১৫০২৯৫১০০৭৫৯,আবুল বশর,ফিরুজা বেগম,"ছদিক মৌলভী বাড়ি, উত্তর বগাচতর, বগাচতর, সীতাকুন্ড, চট্টগ্রাম",১,Female
০৩১৩,দিলুয়ারা বেগম,১৫০২৯৫১০০৭৬১,আবু বকর,জাহানারা বেগম,"ছদিকমৌলভী বাড়ী, উত্তর বগাচতর, বগাচতর, সীতাকুন্ড, চট্টগ্রাম",১,Female
০৩১৪,হোসনে আরা বেগম,১৫০২৯৫১০০৭৬২,আহমদুল হক,হাসান বানূ,"ছদিক মৌলভী বাড়ী, উত্তর বগাচতর, বগাচতর, সীতাকুন্ড, চট্টগ্রাম",১,Female
০৩১৫,রোশনেয়ারা বেগম,১৫০২৯৫১০০৭৬৪,হোছনেজ্জমান,ওয়াছ খাতুন,"ছদিক মৌলভী বাড়ী, উত্তর বগাচতর, বগাচতর, সীতাকুন্ড, চট্টগ্রাম",১,Female
০৩১৬,লায়লা বেগম,১৫০২৯৫১০০৭৬৫,আহমদ ছোবহান,হাফেজা খাতুন,"কেরামত আলী সওঃ বাড়ি, উত্তর বগাচতর, বগাচতর, সীতাকুন্ড, চট্টগ্রাম",১,Female
০৩১৭,রাজিয়া সুলতানা,১৫০২৯৫১০০৭৬৭,ছিদ্দিকুর রহমান,বিবি ফাতেমা,"ছদিক মৌলভী বাড়ি, উত্তর বগাচতর, বগাচতর, সীতাকুন্ড, চট্টগ্রাম",১,Female
০৩১৮,সামছুন্নাহার,১৫০২৯৫১০০৭৬৮,মুনসুর আহমদ,ছবুরা খাতুন,"ছদিক মৌলভী বাড়ী, উত্তর বগাচতর, বগাচতর, সীতাকুন্ড, চট্টগ্রাম",১,Female
০৩১৯,তাছলিমা আক্তার,১৫০২৯৫১০০৭৭০,শাহাজাহান,রেহানা আক্তার,"ছাদিক মৌলভী বাড়ী, উত্তর বগাচতর, বগাচতর, সীতাকুন্ড, চট্টগ্রাম",১,Female
০৩২০,ফিরোজা বেগম,১৫০২৯৫১০০৭৭১,নূরুল গনি,মাবিয়া খাতুন,"ছদিক মৌলভী বাড়ী, উত্তর বগাচতর, বগাচতর, সীতাকুন্ড, চট্টগ্রাম",১,Female
০৩২১,শাহানা আক্তার,১৫০২৯৫১০০৭৭২,আলী আজম,আমোনা খাতুন,"ছদিক মৌলভী বাড়ী, উত্তর বগাচতর, বগাচতর, সীতাকুন্ড, চট্টগ্রাম১৮চূড়ান্ত ভোটার তালিকাজেলা:চট্টগ্রামউপজেলা:সীতাকুন্ডইউনিয়ন:সৈয়দপুরডাকঘর:কমর আলীভোটার এলাকার কোড: ০২৯৫ভোটার এলাকার নাম: উত্তর বগাচতর",১,Female
০৩২২,কামরুন নাহার,১৫০২৯৫১০০৭৭৩,আবুল কাশেম,আছবা আক্তার,"ছাদিক মৌলভী বাড়ী, উত্তর বচতর, বগাচতর, সীতাকুন্ড, চট্টগ্রাম",১,Female
০৩২৩,কামরুজ্জাহান,১৫০২৯৫১০০৭৭৪,ছলিমুল্যা্যাহ,আনোয়ারা বেগম,"ছদিক মৌলভী বাড়ী, উত্তর বগাচতর, বগাচতর, সীতাকুন্ড, চট্টগ্রাম",১,Female
০৩২৪,কোহিনূর আক্তার,১৫০২৯৫১০০৭৭৬,আবুল হোসেন,উম্মে হাফেজা,"ছিদ্দিক মৌলভী বাড়ি, উত্তর বগাচতর, বগাচতর, সীতাকুন্ড, চট্টগ্রাম",১,Female
০৩২৫,নাছরিন আক্তার,১৫০২৯৫১০০৭৭৭,ফজলুল হক,পপি আক্তার,"ছদিক মৌলভী বাড়ী, উত্তর বগাচতর, বগাচতর, সীতাকুন্ড, চট্টগ্রাম",১,Female
০৩২৬,মহিনূর হাছিনা আক্তার,১৫০২৯৫১০০৭৮২,গোলাম রাানী,দেলাপরোজ বেগম,"শামসুদ্দিন আহম্মেদ বাড়ি, উত্তর বগাচতর, বগাচতর, সীতাকুন্ড, চট্টগ্রাম",১,Female
০৩২৭,আছমা বেগম,১৫০২৯৫১০০৭৮৩,শামসুদ্দিন আহম্মদ,মহিনূর হাছিনা আক্তার,"ডাঃ শামসুদ্দিন আহমেদ বাড়ী, উত্তর বগাচতর, বগাচতর, সীতাকুন্ড, চট্টগ্রাম",১,Female
০৩২৮,দিল আংকিছ বেগম,১৫০২৯৫১০০৭৮৪,শামসুদ্দিন আহমেদ,হাসিনা আক্তার,"ডাঃ শামসুদ্দীন আহমেদ বাড়ী, উত্তর বগাচতর, বগাচতর, সীতাকুন্ড, চট্টগ্রাম",১,Female
০৩২৯,বিবি খদিজা,১৫০২৯৫১০০৭৮৫,আবদুল কোাদ,আমেনা আক্তার,"ছদিক মৌলভী বাড়ী, উত্তর বগাচতর, বগাচতর, সীতাকুন্ড, চট্টগ্রাম",১,Female
০৩৩০,নূর নাহার,১৫০২৯৫১০০৭৮৬,আবুল খায়ের,শরিফা খাতুন,"মোঃ এয়াছিন বাড়ী, উত্তর বগাচতর, বগাচতর, সীতাকুন্ড, চট্টগ্রাম",১,Female
০৩৩১,তাছলিমা আকতার,১৫০২৯৫১০০৭৮৭,আমির হোসেন,আছিয়া খাতুন,"মোঃ এয়াছিন বাড়ী, উত্তর বগাচতর, বগাচতর, সীতাকুন্ড, চট্টগ্রাম",১,Female
০৩৩২,ফিরোজা বেগম,১৫০২৯৫১০০৭৯১,মুক্তার আহমদ,আবেদা খাতুন,"মোঃ এয়াছিন বাড়ী, উত্তর বগাচতর, বগাচতর, সীতাকুন্ড, চট্টগ্রাম",১,Female
০৩৩৩,নূর বানূ,১৫০২৯৫১০০৭৯২,মুক্তার আহমদ,আবেদা খাতুন,"মোঃ এয়াছিনের বাড়ী, উত্তর বগাচতর, বগাচতর, সীতাকুন্ড, চট্টগ্রাম",১,Female
০৩৩৪,বিবি কুলসুমা,১৫০২৯৫১০০৭৯৬,ছিদ্দিক আহমদ,বিবি হাজেরা,"মৌলভী ছদিকের বাড়ী, উত্তর বগাচতর, বগাচতর, সীতাকুন্ড, চট্টগ্রাম",১,Female
০৩৩৫,পারভীন আক্তার,১৫০২৯৫১০০৭৯৭,ফজলুল হক,ছেমনা আফরোজ,"ছদিক মৌলভীর বাড়ী, উত্তর বগাচতর, বগাচতর, সীতাকুন্ড, চট্টগ্রাম",১,Female
০৩৩৬,বিবি ফাতেমা,১৫০২৯৫১০০৭৯৮,নূরুল হক,নূর বানূ,"ছদিক মৌলভী বাড়ী, উত্তর বগাচতর, বগাচতর, সীতাকুন্ড, চট্টগ্রাম",১,Female
০৩৩৭,তাহেরা আক্তার,১৫০২৯৫১০০৭৯৯,মোঃ আবদুল্যাাহ,আমেনা বেগম,"ছাদিক মৌলভী বা, উত্তর বগাচতর, বগাচতর, সীতাকুন্ড, চট্টগ্রাম",১,Female
০৩৩৮,নিলুফা আক্তার,১৫০২৯৫১০০৮০২,শহিদুল্যা্যাহ,রিজিয়া বেগম,"বদি মেস্তরী বাড়ী, উত্তর বগাচতর, বগাচতর, সীতাকুন্ড, চট্টগ্রাম",১,Female
০৩৩৯,আনোয়ারা বেগম,১৫০২৯৫১০০৮০৪,বদিউজ্জামান,হালিমা খাতুন,"বদি মেরি বাড়ী, উত্তর বগাচতর, বগাচতর, সীতাকুন্ড, চট্টগ্রাম১৯চূড়ান্ত ভোটার তালিকাজেলা:চট্টগ্রামউপজেলা:সীতাকুন্ডইউনিয়ন:সৈয়দপুরডাকঘর:কমর আলীভোটার এলাকার কোড: ০২৯৫ভোটার এলাকার নাম: উত্তর বগাচতর",১,Female
০৩৪০,জাহানারা বেগম,১৫০২৯৫১০০৮০৬,ডাঃ রহিম উল্যাহ,আছবা খাতুন,"ছদিক মৌলভী বাড়ী, উত্তর বগাচতর, বগাচতর, সীতাকুন্ড, চট্টগ্রাম",১,Female
০৩৪১,সানজিদা ইয়াছমিন রিপা,১৫০২৯৫১০০৮০৮,মফিজ উদ্দীন নিজামী,মনোয়ারা বেগম,"ছাদিক মৌলভী বাড়ী, উত্তর বগাচতর, বগাচতর, সীতাকুন্ড, চট্টগ্রাম",১,Female
০৩৪২,হোসনে আরা বেগম,১৫০২৯৫১০০৮০৯,আমির ব,আবেদা খাতুন,"ছদিক মৌলভী বাড়ী, উত্তর বগাচতর, বগাচতর, সীতাকুন্ড, চট্টগ্রাম",১,Female
০৩৪৩,জরিনা খাতুন,১৫০২৯৫১০০৮১৩,শেখ আহম্মদ,মানছু,"আমিনের বাড়ী, উত্তরবগাচতর, বগাচতর, সীতাকুন্ড, চট্টগ্রাম",১,Female
০৩৪৪,রিজিয়া বেগম,১৫০২৯৫১০০৮১৪,বাছা মিয়া,জরিবা খাতুন,"আমিনের বাড়ী, উত্তর বগাচতর, বগাচতর, সীতাকুন্ড, চট্টগ্রাম",১,Female
০৩৪৫,তাছলিমা আক্তার,১৫০২৯৫১০০৮১৫,মোঃ এয়াছিন,নূর নাহার,"মোঃ এয়াছিন বাড়ি, উত্তর বগাচতর, বগাচতর, সীতাকুন্ড, চট্টগ্রাম",১,Female
০৩৪৬,রেহানা বেগম,১৫০২৯৫১০০৮১৮,আবদুল কুদ্দুছ,আফিয়া খাতুন,"ছদিক মৌলভী বাড়ী, উত্তর বগাচতর, বগাচতর, সীতাকুন্ড, চট্টগ্রাম",১,Female
০৩৪৭,শাহানা আক্তার,১৫০২৯৫১০০৮২৩,ফয়েজ আহমদ,নূর বানী,"ছদিক মৌলভী বাড়ী, উত্তর বগাচতর, বগাচতর, সীতাকুন্ড, চট্টগ্রাম",১,Female
০৩৪৮,নাদেরের নেছা,১৫০২৯৫১০০৮২৪,ছদিকের রহমান,ফাতেমা খাতুন,"ছদিক মৌলভী বাড়ী, উত্তর বগাচতর, বগাচতর, সীতাকুন্ড, চট্টগ্রাম",১,Female
০৩৪৯,অজিবা খাতুন,১৫০২৯৫১০০৮২৫,মলফুতের রহমান,রুপ খাতুন,"ছদিক মৌলভী বাড়ী, উত্তর বগাচতর, বগাচতর, সীতাকুন্ড, চট্টগ্রাম",১,Female
০৩৫০,নূর নাহার,১৫০২৯৫১০০৮২৬,ছদিকের রহমান,বিবি ফাতেমা,"ছদিক মৌলভী বাড়ী, উত্তর বগাচতর, বগাচতর, সীতাকুন্ড, চট্টগ্রাম",১,Female
০৩৫১,শামিনা আক্তার,১৫০২৯৫১০০৮২৭,আবুল হোসেন,নূর নাহার,"ছদিক মৌলভী বাড়ী, উওর বগাচতর, বগাচতর, সীতাকুন্ড, চট্টগ্রাম",১,Female
০৩৫২,মুরশিদা আক্তার,১৫০২৯৫১০০৮২৮,আবুল খায়ের,সামসুন্নাহার,"ছদিক মৌলভী বাড়ী, উত্তর বগাচতর, বগাচতর, সীতাকুন্ড, চট্টগ্রাম",১,Female
০৩৫৩,বিবি কুলসুম,১৫০২৯৫১০০৮২৯,আবুল বশর,ফিরোজা বেগম,"ছদিক মৌলভী বাড়ী, উত্তর বগাচতর, বগাচতর, সীতাকুন্ড, চট্টগ্রাম",১,Female
০৩৫৪,শাহিনূর আক্তার,১৫০২৯৫১০০৮৩০,আবুল হোসেন,নূর নাহার,"ছদিক মৌলভী বাড়ী, উত্তর বগাচতর, বগাচতর, সীতাকুন্ড, চট্টগ্রাম",১,Female
০৩৫৫,লায়লা আক্তার,১৫০২৯৫১০০৮৩২,শাহ আলম,হাছিনা আক্তার,"সেকান্তর ভুঁঞা বাড়ী, উত্তর বগাচতর, বগাচতর, সীতাকুন্ড, চট্টগ্রাম",১,Female
০৩৫৬,হালিমা খাতুন,১৫০২৯৫১০০৮৩৫,হাজিল আহমেদ,রাবিয়া খাতুন,"তোয়ানী মীর বাড়ী, উত্তর বগাচতর, বগাচতর, সীতাকুন্ড, চট্টগ্রাম",১,Female
০৩৫৭,শামছুন নাহার,১৫০২৯৫১০০৮৪২,গোলাম রহমান,গোল নাহার,"ছদিক মৌলভী বাড়ী, উত্তর বগাচতর, বগাচতর, সীতাকুন্ড, চট্টগ্রাম২০চূড়ান্ত ভোটার তালিকাজেলা:চট্টগ্রামউপজেলা:সীতাকুন্ডইউনিয়ন:সৈয়দপুরডাকঘর:কমর আলীভোটার এলাকার কোড: ০২৯৫ভোটার এলাকার নাম: উত্তর বগাচতর",১,Female
০৩৫৮,বিবি আয়েশা,১৫০২৯৫১০০৮৪৬,আবু সৈয়দ,রাহেলা বেগম,"আবু সৈয়দের বাড়ী, উত্তর বগাচতর, বগাচতর, সীতাকুন্ড, চট্টগ্রাম",১,Female
০৩৫৯,ছকিনা আক্তার,১৫০২৯৫১০০৮৪৮,আমির হোসেন,সামসুন্নাহার,"তোয়ানী মীর বাড়ী, উত্তর বগাচতর, বগাচতর, সীতাকুন্ড, চট্টগ্রাম",১,Female
০৩৬০,আক্তার বানূ,১৫০২৯৫১০০৮৫৩,রফিকুজ্জামান,রাবেয়া খাতুন,"বজলের রহমানের বাড়ী, উত্তর বগাচতর, বগাচতর, সীতাকুন্ড, চট্টগ্রাম",১,Female
০৩৬১,মোছাঃ সাবিনা ইয়াছমিন,১৫০২৯৫১০০৮৫৪,শফিকুল আলম,মনোয়ারা বেগম,"বজলের রহমান ভূঞা বাড়ী, উত্তর বগাচতর, বগাচতর, সীতাকুন্ড, চট্টগ্রাম",১,Female
০৩৬২,লায়লা বেগম,১৫০২৯৫১০০৮৫৯,বাছা মিয়া,বিবি মরিয়ম,"তোয়ানী মীর বাড়ি, উত্তর বগাচতর, বগাচতর, সীতাকুন্ড, চট্টগ্রাম",১,Female
০৩৬৩,আমেনা,১৫০২৯৫১০০৮৬০,আহসান উল্যা্যাহ,ছুফিয়া খাতুন,"তোয়ানী মীর বাড়ী, উত্তর বগাচতর, বগাচতর, সীতাকুন্ড, চট্টগ্রাম",১,Female
০৩৬৪,আনোয়ারা বেগম,১৫০২৯৫১০০৮৬১,আমিনেজ্জমান,আমেনা বেগম,"বদি মেস্তরী বাড়ী, উত্তর বগাচতর, বগাচতর, সীতাকুন্ড, চট্টগ্রাম",১,Female
০৩৬৫,আলেয়া বেগম,১৫০২৯৫১০০৮৬৩,আমিনেজ্জমান,ছকিনা খাতুন,"আমিনের বাড়ী, উত্তর বগাচতর, বগাচতর, সীতাকুন্ড, চট্টগ্রাম",১,Female
০৩৬৬,পারভীন আক্তার,১৫০২৯৫১০০৮৬৪,আমিনেজ্জমান,ছকিনা খাতুন,"আমিনের বাড়ী, উত্তর বগাচতর, বগাচতর, সীতাকুন্ড, চট্টগ্রাম",১,Female
০৩৬৭,আছমা আক্তার,১৫০২৯৫১০০৮৬৫,জোহরুল হক,রহিমা বেগম,"আমিনের বাড়ী, উত্তর বগাচতর, বগাচতর, সীতাকুন্ড, চট্টগ্রাম",১,Female
০৩৬৮,উম্মে হাবিবা খানম,১৫০২৯৫১০০৮৬৭,মাওঃ হোসনেজ্জমান,আশরাফের নেছা,"গোলাম নূর মাস্টার বাড়ী, উত্তর বগাচতর, বগাচতর, সীতাকুন্ড, চট্টগ্রাম",১,Female
০৩৬৯,দেলাফরোজ বেগম,১৫০২৯৫১০০৮৭৩,মনির আহম্মদ,মেহরাবজন,"কেরামত আলী সওঃ বাড়ী, উত্তর বগাচতর, বগাচতর, সীতাকুন্ড, চট্টগ্রাম",১,Female
০৩৭০,রেহেনা বেগম,১৫০২৯৫১০০৮৮২,নূরুল হুদা,ছকিনা বেগম,"তোয়ানী মীর বাড়ী, উত্তর বগাচতর, বগাচতর, সীতাকুন্ড, চট্টগ্রাম",১,Female
০৩৭১,রাবেয়া বছরী সুমি,১৫০২৯৫১০০৮৮৩,আলী আকবর,হলিমা খাতুন,"তোয়ানি মীর বড়ী, উত্তর বগাচতর, বগাচতর, সীতাকুন্ড, চট্টগ্রাম",১,Female
০৩৭২,তৌহিদা বেগম,১৫০২৯৫১০০৮৮৪,মোঃ আবুল কালাম,নাছিমা আক্তার,"গোলাম নূর মাস্টার বাড়ী, উত্তর বগাচতর, বগাচতর, সীতাকুন্ড, চট্টগ্রাম",১,Female
০৩৭৩,ইউ এ নূর মোছাঃ মোহছেনা সুলতানা,১৫০২৯৫১০০৮৮৬,হাজী ফজলূল করিম,উম্মে ছাবিবা,"গোলাম নূর মাস্টার বাড়ী, উত্তর বগাচতর, বগাচতর, সীতাকুন্ড, চট্টগ্রাম",১,Female
০৩৭৪,ছকিনা বেগম,১৫০২৯৫১০০৮৮৮,আবদুল আহাদ মাস্টার,বদিউন্নেছা,"হেদু ভুঞা বাড়ী, উত্তর বগাচতর, বগাচতর, সীতাকুন্ড, চট্টগ্রাম",১,Female
০৩৭৫,মোছাম্মৎ জাহানারা বেগম,১৫০২৯৫১০০৯৩২,হাজী মনিরুজ্জামান,তাহেরের নেছা,"মান সফি ভূঁঞা বাড়ী, উত্তর বগাচতর, বগাচতর, সীতাকুন্ড, চট্টগ্রাম২১চূড়ান্ত ভোটার তালিকাজেলা:চট্টগ্রামউপজেলা:সীতাকুন্ডইউনিয়ন:সৈয়দপুরডাকঘর:কমর আলীভোটার এলাকার কোড: ০২৯৫ভোটার এলাকার নাম: উত্তর বগাচতর",১,Female
০৩৭৬,রোমানা আক্তার,১৫০২৯৫১০০৯৩৪,মোঃ আবুল কালাম,লায়লা বেগম,"মান সফি ভূঁঞা বাড়ী, উত্তর বগাচতর, বগাচতর, সীতাকুন্ড, চট্টগ্রাম",১,Female
০৩৭৭,নাজমা বেগম,১৫০২৯৫১০০৯৩৬,বজলুর ছোবহান চৌধুরী,সফিয়ের নেছা,"মান সফি ভুঁঞা বাড়ী, উত্তর বগাচতর, বগাচতর, সীতাকুন্ড, চট্টগ্রাম",১,Female
০৩৭৮,মুসলিমা আক্তার,১৫০২৯৫১০০৯৩৮,জামাল উল্যা্যাহ,নূর নাহার বেগম,"মান সফি ভুঁঞা বাড়ী, উত্তর বগাচতর, বগাচতর, সীতাকুন্ড, চট্টগ্রাম",১,Female
০৩৭৯,লুৎ ফুরনেছা,১৫০২৯৫১০০৯৪১,হাজী সফিউল আলম,উম্মে ছালমা,"মান সফি ভুঁঞা বাড়ী, উত্তর বগাচতর, বগাচতর, সীতাকুন্ড, চট্টগ্রাম",১,Female
০৩৮০,রুমা আক্তার,১৫০২৯৫১০০৯৪২,কামাল উদ্দীন,সেলিনা আক্তার,"মান সফি ভূঁঞা বাড়ী, উত্তর বগাচতর, বগাচতর, সীতাকুন্ড, চট্টগ্রাম",১,Female
০৩৮১,সাবিনা ইয়াছমিন,১৫০২৯৫১০০৯৪৬,মোঃ আওরঙ্গ যেব,মোছাঃ আনোয়ারা বেগম,"মান সফি ভুঁইয়া বাড়ী, উত্তর বগাচতর, বগাচতর, সীতাকুন্ড, চট্টগ্রাম",১,Female
০৩৮২,আন্জুমান আরা বেগম,১৫০২৯৫১০০৯৪৮,নূরুল হুদা,রুমানা বেগম,"মান সফি ভূঁইয়া বাড়ী, উত্তর বগাচতর, বগাচতর, সীতাকুন্ড, চট্টগ্রাম",১,Female
০৩৮৩,নিলুফা আক্তার,১৫০২৯৫১০০৯৫০,জরিপ মিয়া,অজিবা খাতুন,"মান সফি ভূঁঞা বাড়ী, উত্তর বগাচতর, বগাচতর, সীতাকুন্ড, চট্টগ্রাম",১,Female
০৩৮৪,আনোয়ারা বেগম,১৫০২৯৫১০০৯৫২,কাজী বদিউল আলম,ফিরুজা বেগম,"মান সফি ভূঁইয়া বাড়ী, উত্তর বগাচতর, বগাচতর, সীতাকুন্ড, চট্টগ্রাম",১,Female
০৩৮৫,মোছাম্মৎ ছেমনা আফরোজ,১৫০২৯৫১০০৯৫৪,শামসুদ্দোহা,মাজেদা খাতুন,"মান সফি ভূঁঞা, উত্তর বগাচতর, বগাচতর, সীতাকুন্ড, চট্টগ্রাম",১,Female
০৩৮৬,ইছমত আরা বেগম,১৫০২৯৫১০০৯৫৫,মফিজুর রহমান,চেমনা আোজ বেগম,"মান সফি ভূঁঞা বাড়ী, উত্তর বগাচতর, বগাচতর, সীতাকুন্ড, চট্টগ্রাম",১,Female
০৩৮৭,মনোয়ারা বেগম,১৫০২৯৫১০০৯৫৬,কোাত আহম্মদ,সফিয়েনেছা,"মান সফি ভূঁঞা বাড়ী, উত্তর বগাচতর, বগাচতর, সীতাকুন্ড, চট্টগ্রাম",১,Female
০৩৮৮,আকলিমাতুল আরেফ চৌধুরী,১৫০২৯৫১০০৯৫৭,আবুল কাশেম চৌধুরী,আরাফাতের নেছা,"মান সফি ভূঁইয়া বাড়ী, উত্তর বগাচতর, বগাচতর, সীতাকুন্ড, চট্টগ্রাম",১,Female
০৩৮৯,নাছরিন সুলতানা,১৫০২৯৫১০০৯৫৮,একরামুল হক,কামরুন নাহার,"মান সফি ভূঁঞা বাড়ী, উত্তর বগাচতর, বগাচতর, সীতাকুন্ড, চট্টগ্রাম",১,Female
০৩৯০,ছালেহা বেগম,১৫০২৯৫১০০৯৬০,মজিবুল হক,মাজেদা খাতুন,"মান সফি ভূঁঞা বাড়ী, উত্তর বগাচতর, বগাচতর, সীতাকুন্ড, চট্টগ্রাম",১,Female
০৩৯১,খতিজা বেগম,১৫০২৯৫১০০৯৬১,নূরুল মোস্তফা,আনোয়ারা বেগম,"মান সফি ভুঁঞা বাড়ী, উত্তর বগাচতর, বগাচতর, সীতাকুন্ড, চট্টগ্রাম",১,Female
০৩৯২,আনোয়ারা বেগম,১৫০২৯৫১০০৯৬২,জরিপ খঁা পাঠান,হামলা খাতুন,"মান সফি ভূঁইয়া বাড়ী, উত্তর বগাচতর, বগাচতর, সীতাকুন্ড, চট্টগ্রাম",১,Female
০৩৯৩,লুৎফুন নাহার,১৫০২৯৫১০০৯৬৩,নূরুল আমিন মোর,সাজেদা খানম,"মান সফি ভুঁঞা বাড়ী, উত্তর বগাচতর, বগাচতর, সীতাকুন্ড, চট্টগ্রাম২২চূড়ান্ত ভোটার তালিকাজেলা:চট্টগ্রামউপজেলা:সীতাকুন্ডইউনিয়ন:সৈয়দপুরডাকঘর:কমর আলীভোটার এলাকার কোড: ০২৯৫ভোটার এলাকার নাম: উত্তর বগাচতর",১,Female
০৩৯৪,শাহানা দেলগীর,১৫০২৯৫১০০৯৬৪,মোহাম্মদ আলী,ফখরের নেছা,"মান সফি ভুঞা বাড়ী, উত্তর বগাচতর, বগাচতর, সীতাকুন্ড, চট্টগ্রাম",১,Female
০৩৯৫,ছালমা আক্তার,১৫০২৯৫১০০৯৬৫,মোহাম্মদ মোস্তফা ভুঁঞা,জারিয়াতুল্যা্যাহ,"মান সফি ভুঁঞা বাড়ি, উত্তর বগাচতর, বগাচতর, সীতাকুন্ড, চট্টগ্রাম",১,Female
০৩৯৬,জেসমিনা খানম,১৫০২৯৫১০০৯৬৮,মৌলভী মোহাম্মদ মিয়া,রেফতা খাতুন,"মান সফি ভুঁইয়া বাড়ী, উত্তর বগাচতর, বগাচতর, সীতাকুন্ড, চট্টগ্রাম",১,Female
০৩৯৭,শারমিন আরা ভূঁইয়া,১৫০২৯৫১০০৯৭১,গোলাম সরওয়ার,শাহনাজ বেগম,"মান সফি ভূঁইয়া বাড়ী, উত্তর বগাচতর, বগাচতর, সীতাকুন্ড, চট্টগ্রাম",১,Female
০৩৯৮,শাহনাজ বেগম শিরিন,১৫০২৯৫১০০৯৭২,নূরুল ইসলাম,রওশন আরা,"মান সফি ভুঁঞা বাড়ী, উত্তর বগাচতর, বগাচতর, সীতাকুন্ড, চট্টগ্রাম",১,Female
০৩৯৯,খাদিজা ইসলাম,১৫০২৯৫১০০৯৭৪,ডাঃ জলিল খান,ফিরোজা বেগম,"মান সফি ভুঁঞা বাড়ী, উত্তর বগাচতর, বগাচতর, সীতাকুন্ড, চট্টগ্রাম",১,Female
০৪০০,রুপিয়া বেগম,১৫০২৯৫১০০৯৭৬,মজিবুল হক,আমবিয়া বেগম,"মান সফি ভূঁঞা বাড়ী, উত্তর বগাচতর, বগাচতর, সীতাকুন্ড, চট্টগ্রাম",১,Female
০৪০১,মমতাজ বেগম,১৫০২৯৫১০০৯৭৯,শাহ আলম চৌধুরী,শামছুন্নাহার বেগম,"মান সফি ভূঁইয়া বাড়ী, উত্তর বগাচতর, বগাচতর, সীতাকুন্ড, চট্টগ্রাম",১,Female
০৪০২,সুরমা বেগম,১৫০২৯৫১০০৯৮০,ছালেহ আহম্মদ,আছবা খাতুন,"মান সফি ভূঁঞা বাড়ী, উত্তর বগাচতর, বগাচতর, সীতাকুন্ড, চট্টগ্রাম",১,Female
০৪০৩,শাহীন আক্তার,১৫০২৯৫১০০৯৮২,জহুরুল আলম,হালিমা খাতুন,"মান সফি ভুঁঞা বাড়ী, উত্তর বগাচতর, বগাচতর, সীতাকুন্ড, চট্টগ্রাম",১,Female
০৪০৪,সুলতানা নাজিয়া,১৫০২৯৫১০০৯৮৩,আবুল ইসলাম,ল শাহানারা,"মান সফি ভূঁঞা বাড়ী, উত্তর বগাচতর, বগাচতর, সীতাকুন্ড, চট্টগ্রাম",১,Female
০৪০৫,সাবিনা ইয়াছমিন,১৫০২৯৫১০০৯৮৫,মফিজুল ইয়াসমিন,নূর বানূ,"মান সুফি ভূঁইয়া বাড়ী, উত্তর বগাচতর, বগাচতর, সীতাকুন্ড, চট্টগ্রাম",১,Female
০৪০৬,মনোয়ারা বেগম,১৫০২৯৫১০০৯৮৮,আবুল কালাম,বিবি জাহেদা,"মান সফি ভূঁঞা বাড়ি, উত্তর বগাচতর, বগাচতর, সীতাকুন্ড, চট্টগ্রাম",১,Female
০৪০৭,রাহেলা পারভীন সালমা,১৫০২৯৫১০০৯৯০,দেলোয়ার হোসেন,মাসুদা বেগম,"মান সফি ভুঁঞা বাড়ী, উত্তর বগাচতর, বগাচতর, সীতাকুন্ড, চট্টগ্রাম",১,Female
০৪০৮,রুজিনা আক্তার,১৫০২৯৫১০০৯৯১,ফরিদ আহম্মদ,হোসেন আরা বেগম,"মান সফি ভৃঁঞা বাড়ি, উত্তর বগাচতর, বগাচতর, সীতাকুন্ড, চট্টগ্রাম",১,Female
০৪০৯,মজর্িনা আক্তার,১৫০২৯৫১০০৯৯২,ফরিদ আহদ,হোসনে আরা বেগম,"মান সফি ভৃঁঞা বাড়ী, উত্তর বগাচতর, বগাচতর, সীতাকুন্ড, চট্টগ্রাম",১,Female
০৪১০,হোসনে আরা বেগম,১৫০২৯৫১০০৯৯৩,মুত বদিউল আলম,সুফিয়া বেগম,"মানসফি বাড়ী, উত্তর বগাচতর, বগাচতর, সীতাকুন্ড, চট্টগ্রাম০৪১১. মাইগ্রেট হয়েছে২৩চূড়ান্ত ভোটার তালিকাজেলা:চট্টগ্রামউপজেলা:সীতাকুন্ডইউনিয়ন:সৈয়দপুরডাকঘর:কমর আলীভোটার এলাকার কোড: ০২৯৫ভোটার এলাকার নাম: উত্তর বগাচতর",১,Female
০৪১২,চেনোয়ারা বেগম,১৫০২৯৫১০০৯৯৮,মীর হাবীবুর রহমান,গোলতাজ বিবি,"হুরমত খঁা বাড়ী, উত্তর বগাচতর, বগাচতর, সীতাকুন্ড, চট্টগ্রাম",১,Female
০৪১৩,মজর্িনা আক্তার,১৫০২৯৫১০০৯৯৯,মীর আবুল মুনছুর,চেমন আরা,"হরমত খঁা বাড়ী, উত্তর বগাচতর, বগাচতর, সীতাকুন্ড, চট্টগ্রাম",১,Female
০৪১৪,খুরশিদা আক্তার,১৫০২৯৫১০১০০০,হাজী ইাহিম মাস্টার,নূর নাহার বেগম,"হরমত খঁা বাড়ী, উত্তর বগচতর, বগচতর, সীতাকুন্ড, চট্টগ্রাম",১,Female
০৪১৫,পারভীন আক্তার,১৫০২৯৫১০১০০১,মীর আবুল মুনছুর,চেমন আরা,"হরমত খঁা বাড়ী, উত্তর বগাচতর, বগাচতর, সীতাকুন্ড, চট্টগ্রাম",১,Female
০৪১৬,হোসনেয়ারা বেগম,১৫০২৯৫১০১০০২,নূরুল হক সওদাগর,আনোয়ারা বেগম,"হুরমতখঁা বাড়ি, উত্তর বগাচতর, বগাচতর, সীতাকুন্ড, চট্টগ্রাম",১,Female
০৪১৭,দিলো আরা,১৫০২৯৫১০১০০৫,খুরশিদ আলম,ফিরোজা বেগম,"চৌকিদার বাড়ী, উত্তর বগাচতর, বগাচতর, সীতাকুন্ড, চট্টগ্রাম",১,Female
০৪১৮,জাহানারা বেগম,১৫০২৯৫১০১০০৯,আবদুল মালেক,রওশন আরা বেগম,"হুরমত খঁা বাড়ী, উ: বগাচতর, বগাচতর, সীতাকুন্ড, চট্টগ্রাম",১,Female
০৪১৯,নূর জাহান বেগম,১৫০২৯৫১০১০১১,আমিনূল হক,আয়শা ছিদ্দিকা,"হরমত খঁা বাড়ি, উত্তর বগাচতর, বগাচতর, সীতাকুন্ড, চট্টগ্রাম",১,Female
০৪২০,ফারিদা আক্তার,১৫০২৯৫১০১০১২,ছিদ্দিক আহম্মদ,ছুরুত বিয়া,"হরমত খঁা বাড়ি, উত্তর বগাচতর, বগাচতর, সীতাকুন্ড, চট্টগ্রাম",১,Female
০৪২১,শামীমা আকতার পা,১৫০২৯৫১০১০১৪,শামছুল হক,সুফিয়া খাতুন,"হুরমত খঁা বাড়ী, উত্তর বগাচতর, বগাচতর, সীতাকুন্ড, চট্টগ্রাম",১,Female
০৪২২,রাশেদা আক্তার,১৫০২৯৫১০১০১৬,রফিয়েজ্জামা,খায়রুন নেছা,"হুরমত খঁা বাড়ী, উ: বগাচতর, বগাচতর, সীতাকুন্ড, চট্টগ্রাম",১,Female
০৪২৩,সেলিনা আক্তার,১৫০২৯৫১০১০১৭,নূর আলম,বিবি ফাতেমা,"হুরমত খঁা বাড়ি, উত্তর বগাচতর, বগাচতর, সীতাকুন্ড, চট্টগ্রাম",১,Female
০৪২৪,ছেনোয়ারা বেগম,১৫০২৯৫১০১০১৮,মোহাম্মদ মিঞা,আয়শা ছিদ্দিকা,"হুরমত খঁা বাড়ী, উত্তর বগাচতর, বগাচতর, সীতাকুন্ড, চট্টগ্রাম",১,Female
০৪২৫,বিবি আয়শা,১৫০২৯৫১০১০১৯,আবুল বসর,বিবি ছকিনা,"হুরমত খঁা বাড়ি, উত্তর বগাচতর, বগাচতর, সীতাকুন্ড, চট্টগ্রাম",১,Female
০৪২৬,রোজিনা আক্তার,১৫০২৯৫১০১০২০,জয়নাল আবেদীন,বিবি আয়েশা,"হুরমত খঁা বাড়ী, উ: বগাচতর, বগাচতর, সীতাকুন্ড, চট্টগ্রাম",১,Female
০৪২৭,জোসনা আক্তার,১৫০২৯৫১০১০২১,সফিউল আলম,ফিরোজা বেগম,"হরমত খঁা বাড়ি, উত্তর বগাচতর, বগাচতর, সীতাকুন্ড, চট্টগ্রাম",১,Female
০৪২৮,নূর নাহার বেগম,১৫০২৯৫১০১০২২,নূরুল হক,রেহানা বেগম,"হুরমত খঁা বাড়ি, উত্তর বগাচতর, বগাচতর, সীতাকুন্ড, চট্টগ্রাম",১,Female
০৪২৯,হোসনে আরা বেগম,১৫০২৯৫১০১০২৪,ছাবের আহম্মদ,আিয়া খাতুন,"হরমত খঁা মাস্টার বাড়ী, উত্তর বগচতর, বগচতর, সীতাকুন্ড, চট্টগ্রাম২৪চূড়ান্ত ভোটার তালিকাজেলা:চট্টগ্রামউপজেলা:সীতাকুন্ডইউনিয়ন:সৈয়দপুরডাকঘর:কমর আলীভোটার এলাকার কোড: ০২৯৫ভোটার এলাকার নাম: উত্তর বগাচতর",১,Female
০৪৩০,পেয়ারা বেগম,১৫০২৯৫১০১০২৬,ছাবের আহম্মদ,মাবিয়া খাতুন,"হুরমত খঁা বাড়ী, উঃ বগাচতর, বগাচতর, সীতাকুন্ড, চট্টগ্রাম",১,Female
০৪৩১,নূর জাহান বেগম,১৫০২৯৫১০১০২৭,মুজাফার আহম্মদ,হামলা খাতুন,"হুরমত খঁা বাড়ী, উত্তর বগাচতর, বগাচতর, সীতাকুন্ড, চট্টগ্রাম",১,Female
০৪৩২,নূরু নাহার বেগম,১৫০২৯৫১০১০২৮,নূরুল ইসলাম,বিবি জুলেখা,"হুরমত খঁা বাড়ি, উত্তর বগাচতর, বগাচতর, সীতাকুন্ড, চট্টগ্রাম",১,Female
০৪৩৩,সেলিনা আক্তার,১৫০২৯৫১০১০৩২,ফয়েজ আহম্মদ,ফরিদা আক্তার,"হুরমত খা বাড়ি, উত্তর বগাচতর, বগাচতর, সীতাকুন্ড, চট্টগ্রাম",১,Female
০৪৩৪,মজর্িনা আক্তার,১৫০২৯৫১০১০৩৭,মোঃ ছালে আহম্মদ,ছালেয়া বেগম,"হুরমত খঁা বাড়ি, উত্তর বগাচতর, বগাচতর, সীতাকুন্ড, চট্টগ্রাম",১,Female
০৪৩৫,আয়শা আক্তার,১৫০২৯৫১০১০৩৮,আক্তার হোসেন,ছালেহা বেগম,"হুরমত খঁা বাড়ী, উ: বগাচতর, বগাচতর, সীতাকুন্ড, চট্টগ্রাম",১,Female
০৪৩৬,রহিমা খানম,১৫০২৯৫১০১০৪১,সফিউল্যাাহ,রওশন আরা বেগম,"হুরমত খঁার বাড়ী, উত্তর বগাচতর, বগাচতর, সীতাকুন্ড, চট্টগ্রাম",১,Female
০৪৩৭,মুরশিদা খানম,১৫০২৯৫১০১০৪২,মাওলানা নূরুন নবী,রহিমা খানম,"হুরমত খঁা বাড়ী, উত্তর বগাচতর, বগাচতর, সীতাকুন্ড, চট্টগ্রাম",১,Female
০৪৩৮,ছেমনা আফরোজ,১৫০২৯৫১০১০৪৪,মিজানূল হক,চবুরা খাতুন,"হরমত খঁা বাড়ী, উত্তর বগাচতর, বগাচতর, সীতাকুন্ড, চট্টগ্রাম",১,Female
০৪৩৯,তাছলিমা আক্তার,১৫০২৯৫১০১০৪৮,শাহ আলম,ছেমনা আোজ,"হুরমত খঁা বাড়ী, উ: বগাচতর, বগাচতর, সীতাকুন্ড, চট্টগ্রাম",১,Female
০৪৪০,সাজেদা আক্তার,১৫০২৯৫১০১০৪৯,সামছুদ্দিন,খালেদা আক্তার,"হুরমত খঁা বাড়ি, উত্তর বগাচতর, বগাচতর, সীতাকুন্ড, চট্টগ্রাম",১,Female
০৪৪১,খালেদা আক্তার,১৫০২৯৫১০১০৫০,সিরাজুল হক কোানি,নূরুন নেছা,"হুরমত খঁা বাড়ী, উত্তর বগাচতর, বগাচতর, সীতাকুন্ড, চট্টগ্রাম",১,Female
০৪৪২,দিলো য়ারা বেগম,১৫০২৯৫১০১০৫২,আবুল কালাম,আমবিয়া খাতুন,"হরমত খঁা বাড়ী, উত্তর বগাচতর, বগাচতর, সীতাকুন্ড, চট্টগ্রাম",১,Female
০৪৪৩,তাহমিনা আক্তার,১৫০২৯৫১০১০৫৪,আবুল কালাম,আিয়া খাতুন,"হুরমত খঁা বাড়ী, উত্তর বগাচতর, বগাচতর, সীতাকুন্ড, চট্টগ্রাম",১,Female
০৪৪৪,পারভীন আক্তার,১৫০২৯৫১০১০৫৬,কবির আহম্মদ,ফিরোজা বেগম,"হুরমত খঁা বাড়ী, উঃ বগাচতর, বগাচতর, সীতাকুন্ড, চট্টগ্রাম",১,Female
০৪৪৫,শাফিয়া আক্তার,১৫০২৯৫১০১০৫৮,জামান উল্যা্যাহ,লুৎপুর নেছা,"হুরমত খঁা বাড়ী, উত্তর বগাচতর, বগাচতর, সীতাকুন্ড, চট্টগ্রাম",১,Female
০৪৪৬,রহিমা আক্তার,১৫০২৯৫১০১০৫৯,নূরুল ইসলাম,তছিয়া খাতুন,"বাহাদুল্যাাহ দজর্ি বাড়ি, উত্তর বগাচতর, বগাচতর, সীতাকুন্ড, চট্টগ্রাম",১,Female
০৪৪৭,তাসলিমা আক্তার,১৫০২৯৫১০১০৬০,রফিকুল ইসলাম,নূর নাহার বেগম,"বাহাদুল্যা্যাহ দজর্ি বাড়ী, উত্তর বগাচতর, বগাচতর, সীতাকুন্ড, চট্টগ্রাম২৫চূড়ান্ত ভোটার তালিকাজেলা:চট্টগ্রামউপজেলা:সীতাকুন্ডইউনিয়ন:সৈয়দপুরডাকঘর:কমর আলীভোটার এলাকার কোড: ০২৯৫ভোটার এলাকার নাম: উত্তর বগাচতর",১,Female
০৪৪৮,বিবি ফাতেমা,১৫০২৯৫১০১০৬৩,আব্দুল গফুর,দেলোয়ারা বেগম,"বাদুল্যা্যাহ দজর্ি বাড়ী, উত্তর বগাচতর, বগাচতর, সীতাকুন্ড, চট্টগ্রাম",১,Female
০৪৪৯,সেলিনা আক্তার,১৫০২৯৫১০১০৬৪,মন্দান মিঞা,ওয়াছ খাতুন,"বাহাদুল্যা্যাহ দজর্ি বাড়ি, উত্তর বগাচতর, বগাচতর, সীতাকুন্ড, চট্টগ্রাম",১,Female
০৪৫০,রোকছানা আক্তার,১৫০২৯৫১০১০৬৬,রুহুল আমিন,সেলিনা আক্তার,"বাহাদুল্যা্যাহ দজর্ি বাড়ী, উত্তর বগাচতর, বগাচতর, সীতাকুন্ড, চট্টগ্রাম",১,Female
০৪৫১,রাহেলা আক্তার,১৫০২৯৫১০১০৬৭,আব্দুল হাদী,হালিমা খাতুন,"বাহাদুল্যা্যাহ দজর্ি বাড়ী, উত্তর বগাচতর, বগাচতর, সীতাকুন্ড, চট্টগ্রাম",১,Female
০৪৫২,সাজেদা আক্তার,১৫০২৯৫১০১০৬৮,নবী উল হক,উমদা খাতুন,"বাহাদুল্যা্যাহ দজর্ি বাড়ি, উত্তর বগাচতর, বগাচতর, সীতাকুন্ড, চট্টগ্রাম",১,Female
০৪৫৩,জোবেদা আক্তার,১৫০২৯৫১০১০৭৪,নূরুল ইসলাম,হোসেন আরা বেগম,"বাহাদুল্যা্যাহ দজর্ি বাড়ি, উত্তর বগাচতর, বগাচতর, সীতাকুন্ড, চট্টগ্রাম",১,Female
০৪৫৪,সাহানা আক্তার,১৫০২৯৫১০১০৭৭,নূরুল ইসলাম,ওহিদা বেগম,"বাহাদুল্যা্যাহ দজর্ি বাড়ী, উত্তর বগাচতর, বগাচতর, সীতাকুন্ড, চট্টগ্রাম",১,Female
০৪৫৫,রেহানা আক্তার,১৫০২৯৫১০১০৭৮,জরিব আলী,দেলো আরা বেগম,"বাদুল্যা্যাহ দজর্িবাড়ী, উত্তর বগাচতর, বগাচতর, সীতাকুন্ড, চট্টগ্রাম",১,Female
০৪৫৬,বেগম রোকেয়া,১৫০২৯৫১০১০৭৯,আবু আহম্মদ চৌধুরী,আনোয়ারা বেগম,"বহাদুল্যা্যাহ দজর্ি বাড়ী, উত্তর বগাচতর, বগাচতর, সীতাকুন্ড, চট্টগ্রাম০৪৫৭. মাইগ্রেট হয়েছে",১,Female
০৪৫৮,নাজমা আক্তার,১৫০২৯৫১০১০৮১,মাহফুজ মিঞা,তাহেরা বানূ,"বাহার মাঝি বাড়ী নতুন, উত্তর বগাচতর, বগাচতর, সীতাকুন্ড, চট্টগ্রাম",১,Female
০৪৫৯,মাফিয়া বেগম,১৫০২৯৫১০১০৮৩,ছেরাজুল হক,তৈইধন বিয়া,"বাহার মাঝি বাড়ী নতুন, উত্তর বগাচতর, বগাচতর, সীতাকুন্ড, চট্টগ্রাম",১,Female
০৪৬০,ফিরোজা বেগম,১৫০২৯৫১০১০৯১,রফিকের জামা,সফিউর নেছা,"মোক্রম আলী সারাং বাড়ী, উত্তর বগাচতর, বগাচতর, সীতাকুন্ড, চট্টগ্রাম",১,Female
০৪৬১,রহিমা আক্তার রা,১৫০২৯৫১০১০৯৩,আমান উল্যা্যাহ,ফিরোজা বেগম,"মোক্রম আলী সারেং বাড়ী, উত্তর বগাচতর, বগাচতর, সীতাকুন্ড, চট্টগ্রাম",১,Female
০৪৬২,রাবিয়া বেগম,১৫০২৯৫১০১০৯৬,বাদশা,রহিমা খাতুন,"চৌকিদার বাড়ী, উত্তর বগাচতর, বগাচতর, সীতাকুন্ড, চট্টগ্রাম",১,Female
০৪৬৩,রোকসনা,১৫০২৯৫১০১০৯৭,নূরুল হক,আবির খাতুন,"চৌকিদার বাড়ী, উত্তর বগাচতর, বগাচতর, সীতাকুন্ড, চট্টগ্রাম",১,Female
০৪৬৪,ইয়াছমিন,১৫০২৯৫১০১০৯৮,লুৎফুল হক,রোসনা,"চৌকিদার বাড়ী, উত্তর বগাচতর, বগাচতর, সীতাকুন্ড, চট্টগ্রাম",১,Female
০৪৬৫,নূর জাহান বেগম,১৫০২৯৫১০১০৯৯,খুরশিদ আলম,ফিরোজা বেগম,"চৌকিদার বাড়ী, উত্তর বগাচতর, বগাচতর, সীতাকুন্ড, চট্টগ্রাম২৬চূড়ান্ত ভোটার তালিকাজেলা:চট্টগ্রামউপজেলা:সীতাকুন্ডইউনিয়ন:সৈয়দপুরডাকঘর:কমর আলীভোটার এলাকার কোড: ০২৯৫ভোটার এলাকার নাম: উত্তর বগাচতর",১,Female
০৪৬৬,হাছিনা আক্তার,১৫০২৯৫১০১১০১,ওসমান গনি,হামলা বেগম,"হরমত খঁা বাড়ী, উত্তর বগাচতর, বগাচতর, সীতাকুন্ড, চট্টগ্রাম",১,Female
০৪৬৭,কহিনূর বেগম,১৫০২৯৫১০১১০২,সফিউল আলম,জাহেদা বেগম,"হুরমত খঁা বাড়ি, উত্তর বগাচতর, বগাচতর, সীতাকুন্ড, চট্টগ্রাম",১,Female
০৪৬৮,শরীফা খাতুন,১৫০২৯৫১০১১০৩,হাবীব উল্যাাহ,মানিক মিয়া,"হুরমত খঁা বাড়ী, উত্তর বগাচতর, বগাচতর, সীতাকুন্ড, চট্টগ্রাম",১,Female
০৪৬৯,নাছিমা আক্তার,১৫০২৯৫১০১১০৫,ছৈয়দুল হক,নূর নাহার বেগম,"হুরমত খঁা বাড়ী, উত্তর বগাচতর, বগাচতর, সীতাকুন্ড, চট্টগ্রাম",১,Female
০৪৭০,কহিনূর আক্তার,১৫০২৯৫১০১১০৬,নূরুল মোস্তফা,সামছুন নাহার,"হুরমত খঁা বাড়ী, উত্তর বগাচতর, বগাচতর, সীতাকুন্ড, চট্টগ্রাম",১,Female
০৪৭১,রহিমা খাতুন,১৫০২৯৫১০১১০৭,আব্দুল হাই,ছবিরা খাতুন,"বাহার মাঝি বাড়ী, উত্তর বগাচতর, বগাচতর, সীতাকুন্ড, চট্টগ্রাম",১,Female
০৪৭২,রুমা আক্তার,১৫০২৯৫১০১১০৮,নূর ইসলাম,রহিমা খাতুন,"বাহার মাঝির বাড়ী, উত্তর বগাচতর, বগাচতর, সীতাকুন্ড, চট্টগ্রাম",১,Female
০৪৭৩,আনজু আরা,১৫০২৯৫১০১১১০,আব্দুল মালে মেস্ত্রী,রোকেয়া বেগম,"বাহার মাঝি বাড়ী, উত্তর বগাচতর, বগাচতর, সীতাকুন্ড, চট্টগ্রাম",১,Female
০৪৭৪,ফাতেমা আক্তার,১৫০২৯৫১০১১১৬,কেনূ মিয়া,আনোয়ারা বেগম,"মান সফি ভূঁা বাড়ী, উত্তর বগাচতর, বগাচতর, সীতাকুন্ড, চট্টগ্রাম",১,Female
০৪৭৫,রহিমা আক্তার,১৫০২৯৫১০১১২০,আবুল কাশেম,জাহানারা বেগম,"হুরমত খা বাড়ী, উত্তর বগাচতর, বগাচতর, সীতাকুন্ড, চট্টগ্রাম",১,Female
০৪৭৬,বিবি ছকিনা,১৫০২৯৫১০১১২১,ছেরাদুল হক,ছা বিয়া,"হুরমত খঁা বাড়ি, উত্তর বগাচতর, বগাচতর, সীতাকুন্ড, চট্টগ্রাম",১,Female
০৪৭৭,নাজনীন আক্তার,১৫০২৯৫১০১১২৩,ডাঃ এখলাছ উদ্দীন,রহিমা আকতার চৌধুরী,"র সত্র মা বাড়ী, উত্তর বগাচতর, বগাচতর, সীতাকুন্ড, চট্টগ্রাম",১,Female
০৪৭৮,নাগর্িস আক্তার,১৫০২৯৫১০১১৩১,ফজলুল করিম,হোসনে আরা বেগম,"হুরমত খঁা বাড়ী, উত্তর বগাচতর, বগাচতর, সীতাকুন্ড, চট্টগ্রাম",১,Female
০৪৭৯,আলেয়া বেগম,১৫০২৯৫১০১১৩৫,মোঃ তাজুল ইসলাম,ছালেয়া বেগম,"মান সফি ভূঁইয়া বাড়ী, উত্তর বগাচতর, বগাচতর, সীতাকুন্ড, চট্টগ্রাম",১,Female
০৪৮০,নাজমা আক্তার,১৫০২৯৫১০১১৩৬,নূর আলম,জাহানার বেগম,"মান সকি ভূঁয়া বাড়ী, উত্তর বগাচতর, বগাচতর, সীতাকুন্ড, চট্টগ্রাম",১,Female
০৪৮১,কানছন বেগম,১৫০২৯৫১০১১৩৮,হোসনের জামান,ফাহামুদা খাতুন,"জাকের হোসেন বাড়ী, উত্তর বগাচতর, বগাচতর, সীতাকুন্ড, চট্টগ্রাম",১,Female
০৪৮২,আলেয়া বেগম,১৫০২৯৫১০১১৩৯,জাকির হোসেন,কামছন বেগম,"জাকির হোসেনের বাড়ী, উত্তর বগাচতর, বগাচতর, সীতাকুন্ড, চট্টগ্রাম",১,Female
০৪৮৩,মনোয়ারা,১৫০২৯৫১০১১৪০,রুপন আমিন,ফরিদা খাতুন,"জাকির হোসেনের বাড়ী, উত্তর বগাচতর, বগাচতর, সীতাকুন্ড, চট্টগ্রাম২৭চূড়ান্ত ভোটার তালিকাজেলা:চট্টগ্রামউপজেলা:সীতাকুন্ডইউনিয়ন:সৈয়দপুরডাকঘর:কমর আলীভোটার এলাকার কোড: ০২৯৫ভোটার এলাকার নাম: উত্তর বগাচতর",১,Female
০৪৮৪,ছালেয়া বেগম,১৫০২৯৫১০১১৪১,মনির আহাম্মদ,বিবি জোহরা,"হুরমত খঁা বাড়ী, উত্তর বগাচতর, বগাচতর, সীতাকুন্ড, চট্টগ্রাম",১,Female
০৪৮৫,বিলকিছ বেগম,১৫০২৯৫১০১১৪২,নূর আলম মাস্টার,হোসনে আরা বেগম,"হুরমত খঁা বাড়ী, উত্তর বগাচতর, বগাচতর, সীতাকুন্ড, চট্টগ্রাম",১,Female
০৪৮৬,লিপি সুলতানা,১৫০২৯৫১০১১৪৩,নূর আলম মাস্টার,হোসেন আরা বেগম,"হুরমত খঁা বাড়ী, উত্তর বগাচতর, বগাচতর, সীতাকুন্ড, চট্টগ্রাম",১,Female
০৪৮৭,মাসুদা খানম,১৫০২৯৫১০১১৪৪,মাওলানা নূরুন্নবী,রহিমা খানম,"হুরমত খঁা বাড়ি, উত্তর বগাচতর, বগাচতর, সীতাকুন্ড, চট্টগ্রাম",১,Female
০৪৮৮,সেলিনা আফরোজ,১৫০২৯৫১০১১৪৫,নূর মোস্তফা,নূরের নাহার,"হুরমত খঁা বাড়ী, উত্তর বগাচতর, বগাচতর, সীতাকুন্ড, চট্টগ্রাম",১,Female
০৪৮৯,আিয়া খাতুন,১৫০২৯৫১০১১৪৬,মোঃ মোজাফর আহাম্মদ,সামছুর নেছা,"হুরমত খঁা বাড়ি, উত্তর বগাচতর, বগাচতর, সীতাকুন্ড, চট্টগ্রাম",১,Female
০৪৯০,মাজেদা খাতুন,১৫০২৯৫১০১১৪৭,আবদুল কুদ্দুস,রোশন আরা বেগম,"দুরমত খঁা বাড়ি, উত্তর বগাচতর, বগাচতর, সীতাকুন্ড, চট্টগ্রাম",১,Female
০৪৯১,রহিমা বেগম,১৫০২৯৫১০১১৫৬,জামাল উল্যা্যাহ,আবুধন,"মুছা হাজী বাড়ী, উত্তর বগাচতর, বগাচতর, সীতাকুন্ড, চট্টগ্রাম",১,Female
০৪৯২,গোলশাহনারাহ,১৫০২৯৫১০১১৫৭,আমির হোসেন,আছকিরের নেছাহ,"মান শফি ভূঞার বাড়ী, উওর বগাচতর, বগাচতর, সীতাকুন্ড, চট্টগ্রাম",১,Female
০৪৯৩,মমতাজ বেগম,১৫০২৯৫১০১১৫৮,হাজী মোহাম্মদ আবু নূর,মোছাম্মৎ হালিমা,"হাজী গোলাম নূর মাস্টার বাড়ী, উত্তর বগাচতর, বগাচতর, সীতাকুন্ড, চট্টগ্রাম",১,Female
০৪৯৪,সাইদা আরিফা সুলতানা,১৫০২৯৫১০১১৫৯,মোঃ শাহ আলম,ছালেহা বেগম,"হুরমত খঁা বাড়ী, উত্তর বগাচতর, বগাচতর, সীতাকুন্ড, চট্টগ্রাম",১,Female
০৪৯৫,রফিলা খাতুন,১৫০২৯৫১০১১৬০,মোঃ নূরুল হক,মোছাম্মৎ হাজব বিয়া,"হুরমত খঁা বাড়ী, উত্তর বগাচতর, বগাচতর, সীতাকুন্ড, চট্টগ্রাম",১,Female
০৪৯৬,নাজমা আক্তার,১৫০২৯৫১০১১৬৩,ইাহীম,আুরের নেছা রানী,"মৌঃ হোসাইনূজ্জামান এর বাড়ী, উত্তর বগাচতর, বগাচতর, সীতাকুন্ড, চট্টগ্রাম",১,Female
০৪৯৭,ফাহিমা আক্তার লুবনা,১৫০২৯৫১০১১৬৬,মোঃ ওবায়দুর রহমান,সালমা আক্তার,"বদিউজ্জামান মাস্টার বাড়ী, উওর বগাচতর, কমর আলী, সীতাকুন্ড, চট্টগ্রাম",১,Female
০৪৯৮,খালেদা আক্তার শিপু,১৫০২৯৫১০১১৭২,মহিউদ্দিন,নূরজাহান বেগম,"মোক্রম আলী সারেং বাড়ী, উত্তর বগাচতর, বগাচতর, সীতাকুন্ড, চট্টগ্রাম",১,Female
০৪৯৯,ফিরোজা নাজনীন,১৫০২৯৫১০১১৭৭,মোঃ জালাল আহমেদ,জাহানারা বেগম,"হুরমত খঁা বাড়ী, উত্তর বগাচতর, বগাচতর, সীতাকুন্ড, চট্টগ্রাম",১,Female
০৫০০,আন্জুমান আরা,১৫০২৯৫১০১১৮৩,শামছুল হক,সখিনা বেগম,"মোক্রম আলী সারেং বাড়ী, উত্তর বগাচতর, বগাচতর, সীতাকুন্ড, চট্টগ্রাম",১,Female
০৫০১,শাহনাজ বেগম,১৫০২৯৫১০১১৮৪,ফজলুল হক,মনোয়ারা বেগম,"মোক্রম আলি সারেং বাড়ী, উত্তর বগাচতর, বগাচতর, সীতাকুন্ড, চট্টগ্রাম২৮চূড়ান্ত ভোটার তালিকাজেলা:চট্টগ্রামউপজেলা:সীতাকুন্ডইউনিয়ন:সৈয়দপুরডাকঘর:কমর আলীভোটার এলাকার কোড: ০২৯৫ভোটার এলাকার নাম: উত্তর বগাচতর",১,Female
০৫০২,মুরশিদা আক্তার,১৫০২৯৫১০১১৮৫,মোঃ নূরুজ্জামান,সাহানা আক্তার,"মোক্রম আলী সারেং বাড়ী, উত্তর বগাচতর, বগাচতর, সীতাকুন্ড, চট্টগ্রাম",১,Female
০৫০৩,কুলসুমা বেগম,১৫০২৯৫১০১১৮৮,আবুল কাসেম,আরফাতুন নেছা,"আবদুল মিঞা বাড়ী, উত্তর বগাচতর, বগাচতর, সীতাকুন্ড, চট্টগ্রাম",১,Female
০৫০৪,রওসন আরা বেগম,১৫০২৯৫১০১১৯৫,খোরশেদ আলম,আনোয়ারা বেগম,"মান কাফি ভূঁঞা বাড়ী, উত্তর বগাচতর, বগাচতর, সীতাকুন্ড, চট্টগ্রাম",১,Female
০৫০৫,সুলতানা,১৫০২৯৫১০১১৯৬,অলি উল্যা্যাহ মীর,মাফুজা বেগম,"মোক্রম আলী সারাং বাড়ী, উত্তর বগচতর, বগচতর, সীতাকুন্ড, চট্টগ্রাম",১,Female
০৫০৬,রোকসানা আক্তার,১৫০২৯৫১০১১৯৮,মিজানূল হক,রোকেয় বেগম,"বাহাদুল্যাাহ দজর্ি বাড়ী, উত্তর বগাচতর, বগাচতর, সীতাকুন্ড, চট্টগ্রাম",১,Female
০৫০৭,ফেরদৌস আক্তার,১৫০২৯৫১০১২৪৩,মোঃ সোলায়মান,আফিয়া খাতুন,"খোরশেদ আলম মাস্টার বাড়ী, উত্তর বগাচতর, বগাচতর, সীতাকুন্ড, চট্টগ্রাম",১,Female
০৫০৮,শাজেদা আক্তার,১৫০২৯৫১০১২৪৪,রহুল আমিন,বিবি রহিমা খাতুন,"খোলশেদ আলম মাস্টার বাড়ী, উত্তর বগাচতর, বগাচতর, সীতাকুন্ড, চট্টগ্রাম",১,Female
০৫০৯,জাহেদা খাতুন,১৫০২৯৫১০১২৪৫,আব্দুল হাকিম,মাদু বিয়া,"খোরশেদ আলম মাস্টার বাড়ী, উত্তর বগাচতর, বগাচতর, সীতাকুন্ড, চট্টগ্রাম",১,Female
০৫১০,সেলিনা আক্তার,১৫০২৯৫১০১২৪৬,বাবুল আহামদ,জোসনা বেগম,"খোরশেদ আলম মাস্টার বাড়ী, উত্তর বগাচতর, বগাচতর, সীতাকুন্ড, চট্টগ্রাম",১,Female
০৫১১,জাহানারা বেগম,১৫০২৯৫১০১২৪৯,গোল আহমদ,রাবেয়া খাতুন,"খোরমেদ আলম মাস্টার বাড়ী, উত্তর বগাচতর, বগাচতর, সীতাকুন্ড, চট্টগ্রাম",১,Female
০৫১২,ফারজানা আক্তার,১৫০২৯৫১০১২৫০,মোঃ আলমঘীর,জাহানারা বেগম,"খোরশেদ আলম মাস্টার বাড়ী, উত্তর বগাচতর, বগাচতর, সীতাকুন্ড, চট্টগ্রাম",১,Female
০৫১৩,শাহেদা আক্তার,১৫০২৯৫১০১২৫১,নূর মোস্তফা,হোসনেয়ারা বেগম,"খোরশেদ আল মাস্টারের বাড়ী, উত্তর বগাচতর, বগাচতর, সীতাকুন্ড, চট্টগ্রাম",১,Female
০৫১৪,বিবি ছকিনা,১৫০২৯৫১০১২৫২,জামান উল্যা্যাহ,সুফিয়া বেগম,"খোরশেদ আলম মাস্টার বাড়ী, উত্তর বগাচতর, বগাচতর, সীতাকুন্ড, চট্টগ্রাম",১,Female
০৫১৫,ফাতেমা বেগম,১৫০২৯৫১০১২৫৬,আবুল হোসেন,মাহুদা খাতুন,"মুনছুর কাজীর বাড়ী, উত্তর বগাচতর, বগাচতর, সীতাকুন্ড, চট্টগ্রাম",১,Female
০৫১৬,জাহানারা বেগম,১৫০২৯৫১০১২৫৮,আবুল বশর,ওজিফা খাতুন,"মুনছুর কাজির বাড়ী, উত্তর বগাচতর, বগাচতর, সীতাকুন্ড, চট্টগ্রাম",১,Female
০৫১৭,ফিরোজা বেগম,১৫০২৯৫১০১২৫৯,আব্দুল হাকিম,তরিকুন্নেছা,"মুনছুর কাজির বাড়ী, উত্তর বগাচতর, বগাচতর, সীতাকুন্ড, চট্টগ্রাম",১,Female
০৫১৮,জেসমিন আক্তার,১৫০২৯৫১০১২৬২,ছুট্টি মিয়া,কহিনূর বেগম,"মুনছুর কাজির বাড়ি, উত্তর বগাচতর, বগাচতর, সীতাকুন্ড, চট্টগ্রাম",১,Female
০৫১৯,শিরিনা আক্তার,১৫০২৯৫১০১২৬৩,আবুল বশর,আকলিমা বেগম,"মুনছুর কাজীর বাড়ী, উত্তর বগাচতর, বগাচতর, সীতাকুন্ড, চট্টগ্রাম২৯চূড়ান্ত ভোটার তালিকাজেলা:চট্টগ্রামউপজেলা:সীতাকুন্ডইউনিয়ন:সৈয়দপুরডাকঘর:কমর আলীভোটার এলাকার কোড: ০২৯৫ভোটার এলাকার নাম: উত্তর বগাচতর",১,Female
০৫২০,পিনজুরা বেগম,১৫০২৯৫১০১২৬৪,নূরু মোস্তফা,ছন্দান বিয়া,"মুনছুর কাজির বাড়ী, উত্তর বগাচতর, বগাচতর, সীতাকুন্ড, চট্টগ্রাম",১,Female
০৫২১,পারভীন আক্তার,১৫০২৯৫১০১২৬৬,নূরুল আবছার,খুরশীদা বেগম,"মুনছুর কাজির বাড়ী, উত্তর বগাচতর, বগাচতর, সীতাকুন্ড, চট্টগ্রাম",১,Female
০৫২২,জাহানারা বেগম,১৫০২৯৫১০১২৬৮,নূর ব,রহিমা খাতুন,"মুনছুর কাজির বাড়ী, উত্তর বগাচতর, বগাচতর, সীতাকুন্ড, চট্টগ্রাম",১,Female
০৫২৩,আছমা খাতুন,১৫০২৯৫১০১২৭০,সিরাজুল ইসলাম,হোসনেয়ারা বেগম,"মুনছুর কাজীর বাড়ী, উত্তর বগাচতর, বগাচতর, সীতাকুন্ড, চট্টগ্রাম",১,Female
০৫২৪,হোসনে আরা বেগম,১৫০২৯৫১০১২৭১,রেনূ মিয়া,সুফিয়া খাতুন,"মুনছুর কাজীর বাড়ী, উত্তর বগাচতর, বগাচতর, সীতাকুন্ড, চট্টগ্রাম",১,Female
০৫২৫,শারমিন আক্তার,১৫০২৯৫১০১২৭২,নূরুল আলম,রহিমা বেগম,"মুনছুর কাজির বাড়ি, উত্তর বগাচতর, বগাচতর, সীতাকুন্ড, চট্টগ্রাম",১,Female
০৫২৬,নাজমা আক্তার,১৫০২৯৫১০১২৭৩,নূর মোস্তফা,লৎফু ন্নাহার,"মুনছুর কাজীর বাড়ী, উত্তর বগাচতর, বগাচতর, সীতাকুন্ড, চট্টগ্রাম",১,Female
০৫২৭,দিল আফরোজ বেগম,১৫০২৯৫১০১২৭৫,সেরাজুল হক,বিবি হুংকি,"মুনছুর কাজির বাড়ী, উত্তর বগাচতর, বগাচতর, সীতাকুন্ড, চট্টগ্রাম",১,Female
০৫২৮,সানজিদা আক্তার,১৫০২৯৫১০১২৭৮,মোঃ নূরুল ইসলাম,নূরুন্নাহার,"মুনছুর কাজীর বাড়ী, উত্তর বগাচতর, বগাচতর, সীতাকুন্ড, চট্টগ্রাম",১,Female
০৫২৯,নূরুন নাহার,১৫০২৯৫১০১২৭৯,ফকির আহম্মদ,আছবা খতুন,"মুনছুর কাজির বাড়ী, উত্তর বগাচতর, বগাচতর, সীতাকুন্ড, চট্টগ্রাম",১,Female
০৫৩০,রাহেলা আক্তার,১৫০২৯৫১০১২৮৪,আবু তাহের,আনোয়ারা বেগম,"মুনছুর কাজীর বাড়ী, উত্তর বগাচতর, বগাচতর, সীতাকুন্ড, চট্টগ্রাম",১,Female
০৫৩১,মোহছেনা আক্তার,১৫০২৯৫১০১২৮৫,আবু তাহের,আনোয়ারা বেম,"মুনছুর কাজীর বাড়ী, উত্তর বগাচতর, বগাচতর, সীতাকুন্ড, চট্টগ্রাম",১,Female
০৫৩২,সাহেদা বেগম,১৫০২৯৫১০১২৮৬,ফোরখ আহমদ,আছবা বেগম,"মুনছুর কাজির বাড়ী, উত্তর বগাচতর, বগাচতর, সীতাকুন্ড, চট্টগ্রাম",১,Female
০৫৩৩,আমেনা বেগম,১৫০২৯৫১০১২৮৮,হামিদুর রহমান,ছালেহা বেগম,"মুনছুর কাজির বাড়ি, উত্তর বগাচতর, বগাচতর, সীতাকুন্ড, চট্টগ্রাম",১,Female
০৫৩৪,মায়মুনা আক্তার,১৫০২৯৫১০১২৯০,শাহ আলম,রাজিয়া বেগম,"মুনছুর কাজির বাড়ী, উত্তর বগাচতর, বগাচতর, সীতাকুন্ড, চট্টগ্রাম",১,Female
০৫৩৫,রুমা আক্তার,১৫০২৯৫১০১২৯১,নূর ব,রহিমা আক্তার,"মনছুর কাজির বাড়ি, উত্তর বগাচতর, বগাচতর, সীতাকুন্ড, চট্টগ্রাম",১,Female
০৫৩৬,সামছুন্নাহার,১৫০২৯৫১০১২৯২,দেলওয়ার হোসেন,মুত গোলাপ বিয়া,"মুনছুর কাজীর বাড়ি, উত্তর বগাচতর, বগাচতর, সীতাকুন্ড, চট্টগ্রাম",১,Female
০৫৩৭,সাজেদা আকাতার,১৫০২৯৫১০১২৯৩,রবিউল মোস্তফা,ছেনওয়ারা বেগম,"মুনছুর কাজীর বাড়ী, উত্তর বগাচতর, বগাচতর, সীতাকুন্ড, চট্টগ্রাম৩০চূড়ান্ত ভোটার তালিকাজেলা:চট্টগ্রামউপজেলা:সীতাকুন্ডইউনিয়ন:সৈয়দপুরডাকঘর:কমর আলীভোটার এলাকার কোড: ০২৯৫ভোটার এলাকার নাম: উত্তর বগাচতর",১,Female
০৫৩৮,কহিনূর বেগম,১৫০২৯৫১০১২৯৪,খুরশেদ আলম,সফিয়া খাতুন,"মুনছুর কাজীর বাড়ী, উত্তর বগাচতর, বগাচতর, সীতাকুন্ড, চট্টগ্রাম",১,Female
০৫৩৯,রোকসানা আক্তার,১৫০২৯৫১০১২৯৫,মোঃ ফয়েজ ব,কহিনূর বেগম,"মুনছুর কাজী বাড়ী, উত্তর বগাচতর, বগাচতর, সীতাকুন্ড, চট্টগ্রাম",১,Female
০৫৪০,কহিনূর বেগম,১৫০২৯৫১০১২৯৬,নূর জ্জামান,ফিরোজা বেগম,"মনছুর কাজির বাডি, উত্তর বগাচতর, বগাচতর, সীতাকুন্ড, চট্টগ্রাম",১,Female
০৫৪১,হোসনেয়ারা বেগম,১৫০২৯৫১০১২৯৯,নূরুল গনি,মাহমুদা খাতুন,"মুনছুর কাজির বাড়ী, উত্তর বগাচতর, বগাচতর, সীতাকুন্ড, চট্টগ্রাম",১,Female
০৫৪২,সামসুর নাহার,১৫০২৯৫১০১৩০০,আবু জাহের,জিন্নাত বিয়া,"মুনছুর কাজির বাড়ী, উত্তর বগাচতর, বগাচতর, সীতাকুন্ড, চট্টগ্রাম",১,Female
০৫৪৩,নছিবা খাতুন,১৫০২৯৫১০১৩০৯,মিজানূর রহমান,বেলওয়া খাতুন,"আবদুল মুনাফ সওদাগরের বাড়ী, উত্তর বগাচতর, বগাচতর, সীতাকুন্ড, চট্টগ্রাম",১,Female
০৫৪৪,মোহছেনা আক্তার (কলি),১৫০২৯৫১০১৩১০,মোঃ ওয়াহেদুন নবী,রিজিয়া বেগম,"আবদুল মুনাফ সও:বাড়ী, উঃ বগাচতর, বগাচতর, সীতাকুন্ড, চট্টগ্রাম",১,Female
০৫৪৫,কাউছার ইয়াছমিন,১৫০২৯৫১০১৩১৩,মোঃ আবুল কালাম,হুরে জাহান,"আবদুল মুনাফ সওদাগরের বাড়ী, উত্তর বগাচতর, বগাচতর, সীতাকুন্ড, চট্টগ্রাম",১,Female
০৫৪৬,জাহেদা বেগম,১৫০২৯৫১০১৩১৪,আবু তাহের,সামছুন্নাহার,"আবদুল মুনাফ সওদাগরের বাড়ি, উত্তর বগাচতর, বগাচতর, সীতাকুন্ড, চট্টগ্রাম",১,Female
০৫৪৭,ফাতেমা আক্তার,১৫০২৯৫১০১৩১৫,সফিউল আলম,হালিমা খাতুন,"আবদুল মুনাফ সওদাগরের বাড়ী, উত্তর বগাচতর, বগাচতর, সীতাকুন্ড, চট্টগ্রাম",১,Female
০৫৪৮,নাছিমা আক্তার,১৫০২৯৫১০১৩১৬,মোঃ ইউনূচ,আয়শা খাতুন,"আবদুল মুনাফ সওদাগরের বাড়ী, উত্তর বগাচতর, বগাচতর, সীতাকুন্ড, চট্টগ্রাম",১,Female
০৫৪৯,ছেনওয়ারা বেগম,১৫০২৯৫১০১৩১৭,রেনূ মিয়া,সুফিয়া খাতুন,"আবদুল মু◌্নাফ সওদাগারের বাড়ী, উত্তর বগাচতর, বগাচতর, সীতাকুন্ড, চট্টগ্রাম",১,Female
০৫৫০,নূর নাহার বেগম,১৫০২৯৫১০১৩২০,হাবিবুর রহমান,আমেনা খাতুন,"আবদুল মুনাফ সওদাগরের বাড়ী, উত্তর বগাচতর, বগাচতর, সীতাকুন্ড, চট্টগ্রাম",১,Female
০৫৫১,জেসমিন আক্তার,১৫০২৯৫১০১৩২১,মোঃ আলী আকবর মোল্যাা,হালিমা খাতুন,"আবদুল মুনাফ সওঃ বাড়ী, উত্তর বগাচতর, বগাচতর, সীতাকুন্ড, চট্টগ্রাম",১,Female
০৫৫২,সাবিনা ইয়াছমিন,১৫০২৯৫১০১৩২২,মমিরুল ইসলাম,রোশনা বেগম,"আবদুল মুনাফ সওদাগরের বাড়ী, উত্তর বগাচতর, বগাচতর, সীতাকুন্ড, চট্টগ্রাম",১,Female
০৫৫৩,হোসনে আরা বেগম,১৫০২৯৫১০১৩২৩,হাজী বজলুর রহমান,হাফেজা খাতুন,"আবদুল মুনাফ সওদাগরের বাড়ী, উত্তর বগাচতর, বগাচতর, সীতাকুন্ড, চট্টগ্রাম",১,Female
০৫৫৪,আয়শা খাতুন,১৫০২৯৫১০১৩২৬,অলি আহম্মদ,রাবেয়া খাতুন,"আব্দুল মুনাফ সওদাগরের বাড়ী, উত্তর বগাচতর, বগাচতর, সীতাকুন্ড, চট্টগ্রাম",১,Female
০৫৫৫,দিল রুবা আক্তার,১৫০২৯৫১০১৩২৭,মাহবুব মাার,সরু জাহান,"আবদুল মুনাফ সওদাগর বাড়ী, উত্তর বগাচতর, বগাচতর, সীতাকুন্ড, চট্টগ্রাম৩১চূড়ান্ত ভোটার তালিকাজেলা:চট্টগ্রামউপজেলা:সীতাকুন্ডইউনিয়ন:সৈয়দপুরডাকঘর:কমর আলীভোটার এলাকার কোড: ০২৯৫ভোটার এলাকার নাম: উত্তর বগাচতর",১,Female
০৫৫৬,খালেদা আক্তার,১৫০২৯৫১০১৩২৯,মাস্টার গোলাম মাওলা,ফরিদা আক্তার,"আনচার আলী মেস্ত্রীর বাড়ী, উত্তর বগাচতর, বগাচতর, সীতাকুন্ড, চট্টগ্রাম",১,Female
০৫৫৭,আছমা বেগম,১৫০২৯৫১০১৩৩১,নূর মোস্তফা,ছেনওয়ারা বেগম,"আনছার আলী মিস্তীর বাড়ি, উত্তর বগাচতর, বগাচতর, সীতাকুন্ড, চট্টগ্রাম",১,Female
০৫৫৮,ফারজানা ইয়াছমিন,১৫০২৯৫১০১৩৩২,নূর মোস্তাফা,মনোয়ারা বেগম,"আনছার আলী মিস্ত্রীর বাড়ী, উত্তর বগাচতর, বগাচতর, সীতাকুন্ড, চট্টগ্রাম",১,Female
০৫৫৯,লায়লা বেগম,১৫০২৯৫১০১৩৩৩,নূরুল ইসলাম,সাযারা বেগম,"মুনছুর কাজির বাড়ী, উত্তর বগাচতর, বগাচতর, সীতাকুন্ড, চট্টগ্রাম",১,Female
০৫৬০,হাজেরা খাতুন,১৫০২৯৫১০১৩৩৪,হাবিবুর রহমান,জরিনা খাতুন,"মুনছুর কাজীর বাড়ী, উত্তর বগাচতর, বগাচতর, সীতাকুন্ড, চট্টগ্রাম",১,Female
০৫৬১,ফাতেমা খাতুন,১৫০২৯৫১০১৩৩৫,মুখলেছুর রহমান,আমবিয়া খাতুন,"মুনছুর কাজির বাড়ী, উত্তর বগাচতর, বগাচতর, সীতাকুন্ড, চট্টগ্রাম",১,Female
০৫৬২,বিবি ফাতেমা,১৫০২৯৫১০১৩৩৭,সুলতান আহমদ,ছবুরা খাতুন,"মুনছুর কাজির বাড়ী, উত্তর বগাচতর, বগাচতর, সীতাকুন্ড, চট্টগ্রাম",১,Female
০৫৬৩,রোকসানা আক্তার,১৫০২৯৫১০১৩৩৮,আবুল হাশেম,হাজেরা খাতুন,"মুনছুর কাজির বাড়ী, উ: বগাচতর, বগাচতর, সীতাকুন্ড, চট্টগ্রাম",১,Female
০৫৬৪,বিবি জাহেদা,১৫০২৯৫১০১৩৪১,মোঃ আবদুল মালেক,আনোয়ারা বেগম,"মুনছুর কাজির বাড়ী, উত্তর বগাচতর, বগাচতর, সীতাকুন্ড, চট্টগ্রাম",১,Female
০৫৬৫,নূর খাতুন,১৫০২৯৫১০১৩৪২,ফজলুর রহমান,জোবেদা খাতুন,"মুনছুর কাজী বাড়ী, উত্তর বগাচতর, বগাচতর, সীতাকুন্ড, চট্টগ্রাম",১,Female
০৫৬৬,আলেয়া বেগম,১৫০২৯৫১০১৩৪৫,হোসেনূজ্জামান,ছকিন বেগম,"সফি সওদাগরের বাড়ী, উত্তর বগাচতর, বগাচতর, সীতাকুন্ড, চট্টগ্রাম",১,Female
০৫৬৭,হালিমা খাতুন,১৫০২৯৫১০১৩৪৭,নজির আহম্মদ,মমতাজ বেগম,"সফিসওদাগর বাড়ী, উ: বগাচতর, বগাচতর, সীতাকুন্ড, চট্টগ্রাম",১,Female
০৫৬৮,সাহেদা আক্তার,১৫০২৯৫১০১৩৪৮,নূরুল ইসলাম,আলেয়া বেগম,"সফি সওদাগর বাড়ী, উত্তর বগাচতর, বগাচতর, সীতাকুন্ড, চট্টগ্রাম",১,Female
০৫৬৯,রেহানা আক্তার,১৫০২৯৫১০১৩৪৯,নূরুল আলম,আলেয়া বেগম,"সফি সওদাগর বাড়ী, উত্তর বগাচতর, বগাচতর, সীতাকুন্ড, চট্টগ্রাম",১,Female
০৫৭০,সাহানা আক্তার,১৫০২৯৫১০১৩৫৩,জাগির হোসেন,হয়তুন্নেছা,"সফি সওদাগরের বাঢ়ী, উত্তর বগাচতর, বগাচতর, সীতাকুন্ড, চট্টগ্রাম",১,Female
০৫৭১,নাছিমা আক্তার,১৫০২৯৫১০১৩৫৫,সফিউল আলম,শহামা আক্তার,"সফিউল আলম সওঃ বাড়ী, উত্তর বগাচতর, বগাচতর, সীতাকুন্ড, চট্টগ্রাম",১,Female
০৫৭২,সাহানা আক্তার,১৫০২৯৫১০১৩৫৭,নূরুল হক,মল্যািকা আফরোজ,"মুনছুর কাজির বাড়ি, উত্তর বগাচতর, বগাচতর, সীতাকুন্ড, চট্টগ্রাম",১,Female
০৫৭৩,শিরিনা আক্তার,১৫০২৯৫১০১৩৫৯,মোঃ আবুল হোসেন,শাহানা আক্তার,"মুনছুর কাজীর বাড়ী, উত্তর বগাচতর, বগাচতর, সীতাকুন্ড, চট্টগ্রাম৩২চূড়ান্ত ভোটার তালিকাজেলা:চট্টগ্রামউপজেলা:সীতাকুন্ডইউনিয়ন:সৈয়দপুরডাকঘর:কমর আলীভোটার এলাকার কোড: ০২৯৫ভোটার এলাকার নাম: উত্তর বগাচতর",১,Female
০৫৭৪,জাহানারা বেগম,১৫০২৯৫১০১৩৬১,আহমুদল হক,ওজিবা বেগম,"মনূছুর কাজির বাড়ী, উ: বগাচতর, বগাচতর, সীতাকুন্ড, চট্টগ্রাম",১,Female
০৫৭৫,শামীমা ইয়াছমিন,১৫০২৯৫১০১৩৬২,নূর হোসেন,বিলকিস বানূ,"মনছুর কাজির বাড়ী, উত্তর বগাচতর, বগাচতর, সীতাকুন্ড, চট্টগ্রাম",১,Female
০৫৭৬,আকলিমা আক্তার,১৫০২৯৫১০১৩৬৫,মোঃ জাগির হোসেন,নূর জাহান,"আবু তাহের সওদাগর বাড়ী, উ: বগাচতর, বগাচতর, সীতাকুন্ড, চট্টগ্রাম",১,Female
০৫৭৭,রেহানা,১৫০২৯৫১০১৩৬৬,হাজী জালাল আহম্মদ,আয়শা বেগম,"আলমগীর আনছার বাড়ী, উত্তর বগাচতর, বগাচতর, সীতাকুন্ড, চট্টগ্রাম",১,Female
০৫৭৮,মনোয়ারা বেগম,১৫০২৯৫১০১৩৭০,মজিবুর রহমান,মমিরুন নেছা,"হাজী জালাল আহমদ বাড়ি, উত্তর বগাচতর, বগাচতর, সীতাকুন্ড, চট্টগ্রাম",১,Female
০৫৭৯,আনোয়ারা বেগম,১৫০২৯৫১০১৩৭১,নূর আহাম্মদ,ছালেহা বেগম,"হাজী জালাল আহমদ বাড়ী, উত্তর বগাচতর, বগাচতর, সীতাকুন্ড, চট্টগ্রাম",১,Female
০৫৮০,জাহানারা বেগম,১৫০২৯৫১০১৩৭৩,আবুল কাশেম,নজুমুন নেছা,"ওয়াহেদুন্নবী গাফারী বাড়ী, উত্তর বগাচতর, বগাচতর, সীতাকুন্ড, চট্টগ্রাম",১,Female
০৫৮১,আমাতুন নূর,১৫০২৯৫১০১৩৭৬,মোঃ আবদুল্যাাহ,মাজেদা খাতুন,"হাজি হাবিব উল্যাার বাড়ী, উত্তর বগাচতর, বগাচতর, সীতাকুন্ড, চট্টগ্রাম",১,Female
০৫৮২,তছলিমা আক্তার,১৫০২৯৫১০১৩৭৭,একরামুল হক ভূঁইয়া,রাবেয়া খাতুন,"হাজী হাবিবউল্যাার বাড়ী, উত্তর বগাচতর, বগাচতর, সীতাকুন্ড, চট্টগ্রাম",১,Female
০৫৮৩,হালিমা খাতুন,১৫০২৯৫১০১৩৭৯,নূরুজজামান,বদন বিয়া,"হাজি বদিউজামান বাড়ী, উ: বগাচতর, বগাচতর, সীতাকুন্ড, চট্টগ্রাম",১,Female
০৫৮৪,রুজিনা আক্তার,১৫০২৯৫১০১৩৮০,নূরুল আলম,নূর জাহান,"হাজি বদিউজ্জামান বাড়ী, উত্তর বগাচতর, বগাচতর, সীতাকুন্ড, চট্টগ্রাম",১,Female
০৫৮৫,জান্নাতুল ফেরদৌস,১৫০২৯৫১০১৩৮২,নূর মোহাম্মদ,জাহানারা বেগম,"হাজি বদিউজ্জামান বাড়ি, উত্তর বগাচতর, বগাচতর, সীতাকুন্ড, চট্টগ্রাম",১,Female
০৫৮৬,বিবি রহিমা,১৫০২৯৫১০১৩৮৪,আমির আহমদ,মরিয়ম বেগম,"নূরুল হক হাজির বাড়ী, উত্তর বগাচতর, বগাচতর, সীতাকুন্ড, চট্টগ্রাম",১,Female
০৫৮৭,শাহেলা আক্তার,১৫০২৯৫১০১৩৮৫,হাবিবুর রহমান,চশমা আরা বেগম,"নূরুল হক হাজির বাড়ী, উত্তর বগাচতর, বগাচতর, সীতাকুন্ড, চট্টগ্রাম",১,Female
০৫৮৮,ফেরদৌস আরা বেগম,১৫০২৯৫১০১৩৮৭,নূরুল আলম,মনোয়ারা বেগম,"নূরুল হক হাজীর বাড়ী, উত্তর বগাচতর, বগাচতর, সীতাকুন্ড, চট্টগ্রাম",১,Female
০৫৮৯,দেলোয়ারা বেগম,১৫০২৯৫১০১৩৮৮,মতিউর রহমান,জুলেখা বিবি,"নূরুল হক হাজীর বাড়ী, উত্তর বগাচতর, বগাচতর, সীতাকুন্ড, চট্টগ্রাম",১,Female
০৫৯০,মনোয়ারা বেগম,১৫০২৯৫১০১৩৮৯,বজলুর রহমান,সুরুজ্জাহান,"নূরুল হক হাজীর বাড়ী, উত্তর বগাচতর, বগাচতর, সীতাকুন্ড, চট্টগ্রাম",১,Female
০৫৯১,আনোয়ারা বেগম,১৫০২৯৫১০১৩৯০,আমিনূজ্জামান,দিলওয়ারা বেগম,"নূরুল হক হাজির বাড়ী, উত্তর বগাচতর, বগাচতর, সীতাকুন্ড, চট্টগ্রাম৩৩চূড়ান্ত ভোটার তালিকাজেলা:চট্টগ্রামউপজেলা:সীতাকুন্ডইউনিয়ন:সৈয়দপুরডাকঘর:কমর আলীভোটার এলাকার কোড: ০২৯৫ভোটার এলাকার নাম: উত্তর বগাচতর",১,Female
০৫৯২,মোছাম্মৎ জান্নাতুন নাঈম,১৫০২৯৫১০১৩৯২,মোঃ জামান উল্যাাহ,গোলসানারা বেগম,"নূরুল হক হাজীর বাড়ী, উ: বগাচতর, বগাচতর, সীতাকুন্ড, চট্টগ্রাম",১,Female
০৫৯৩,নূর বেগম,১৫০২৯৫১০১৩৯৫,হাজি আবদুল মান্নান ভূইয়া,বিয়াধন বিয়া,"নূরুল হক হাজির বাড়ী, উত্তর বগাচতর, বগাচতর, সীতাকুন্ড, চট্টগ্রাম",১,Female
০৫৯৪,লায়লা বেগম,১৫০২৯৫১০১৩৯৬,শেখ আহমদ,হুংকি বিয়া,"নূরুল হক হাজির বাড়ী, উত্তর বগাচতর, বগাচতর, সীতাকুন্ড, চট্টগ্রাম",১,Female
০৫৯৫,মমতাজ বেগম,১৫০২৯৫১০১৩৯৭,জুলফিকার আলী,ফিরোজা বেগম,"নূরুল হক হাজির বাড়ী, উত্তর বগাচতর, বগাচতর, সীতাকুন্ড, চট্টগ্রাম",১,Female
০৫৯৬,তাহমিনা আক্তার,১৫০২৯৫১০১৩৯৮,শাহ আলমগীর,জাহানারা বেগম,"নূরুল হক হাজীর বাড়ী, উ: বগাচতর, বগাচতর, সীতাকুন্ড, চট্টগ্রাম",১,Female
০৫৯৭,ফিরোজ জাহানারা,১৫০২৯৫১০১৪০১,মোঃ বেলায়েত হোসেন,মনোয়ারা বেগম,"মুনসুর কাজী বাড়ী, উত্তর বগাচতর, বগাচতর, সীতাকুন্ড, চট্টগ্রাম",১,Female
০৫৯৮,রোকসানা আক্তার,১৫০২৯৫১০১৪০৭,মোঃ জামাল উল্যাাহ,হোসনেআরা বেগম,"আবদুল মুনাফ সওদাগর বাড়ী, উত্তর বগাচতর, বগাচতর, সীতাকুন্ড, চট্টগ্রাম",১,Female
০৫৯৯,সায়মা আক্তার,১৫০২৯৫১০১৪০৮,মোঃ নূরুল আমিন,পিনজুরা বেগম,"মুনছুর কাজীর বাড়ী, উত্তর বগাচতর, বগাচতর, সীতাকুন্ড, চট্টগ্রাম",১,Female
০৬০০,বিবি আমেনা,১৫০২৯৫১০১৪২০,ফকির আহম্মদ,হালিম খাতুন,"নূরুল হক হাজীর বাড়ী, উত্তর বগাচতর, বগাচতর, সীতাকুন্ড, চট্টগ্রাম",১,Female
০৬০১,রিজিয়া বেগম,১৫০২৯৫১০১৪২১,গাল আহমদ,জতুন বিয়া,"নূরুল হক হাজীর বাড়ী, উত্তর বগাচতর, বগাচতর, সীতাকুন্ড, চট্টগ্রাম০৬০২. মাইগ্রেট হয়েছে",১,Female
০৬০৩,খালেদা আক্তার,১৫০২৯৫১০১৪২৪,মোঃ ইাহিম,হাফেজা খাতুন,"নূরুল হক হাজির বাড়ী, উত্তর বগাচতর, বগাচতর, সীতাকুন্ড, চট্টগ্রাম",১,Female
০৬০৪,নূর বানূ,১৫০২৯৫১০১৪৩৪,নূরুল গনি,মাহুদা খাতুন,"মুনছুর কাজীর বাড়ী, উত্তর বগাচতর, বগাচতর, সীতাকুন্ড, চট্টগ্রাম",১,Female
০৬০৫,নাছিমা আক্তার,১৫০২৯৫১০১৪৪৩,মোঃ নূর হোসেন,হাজেরা বেগম,"মুনছুর কজীর বাড়ী, উত্তর বগাচতর, বগাচতর, সীতাকুন্ড, চট্টগ্রাম",১,Female
০৬০৬,শামসু নাহার,১৫০২৯৫১০১৪৫৭,ছবির আহমদ,নূর জাহান,"মুনছুর কাজির বাড়ী, উত্তর বগাচতর, বগাচতর, সীতাকুন্ড, চট্টগ্রাম",১,Female
০৬০৭,রহিমা বেগম,১৫০২৯৫১০১৪৫৯,নূর আহম্মদ,কালন বিয়া,"মুনছুর কাজির বাড়ী, উত্তর বগাচতর, বগাচতর, সীতাকুন্ড, চট্টগ্রাম",১,Female
০৬০৮,রিজিয়া বেগম,১৫০২৯৫১০১৪৬৬,মোঃ তোফায়েল আহমদ,আপিয়া খাতুন,"আবদুরুফ হাজির বাড়ী, উত্তর বগাচতর, বগাচতর, সীতাকুন্ড, চট্টগ্রাম",১,Female
০৬০৯,লিলা আক্তার,১৫০২৯৫১০১৪৬৮,মাহবুবুল হক,চেমনা আক্তার,"আবদুল ভূঁইয়া বাড়ী, উত্তর বগাচতর, বগাচতর, সীতাকুন্ড, চট্টগ্রাম৩৪চূড়ান্ত ভোটার তালিকাজেলা:চট্টগ্রামউপজেলা:সীতাকুন্ডইউনিয়ন:সৈয়দপুরডাকঘর:কমর আলীভোটার এলাকার কোড: ০২৯৫ভোটার এলাকার নাম: উত্তর বগাচতর",১,Female
০৬১০,ফারজানা আক্তার,১৫০২৯৫১০১৪৭০,মোঃ মীর হোসেন,আনোয়ারা বেগম,"আব্দুরুফ হাজির বাড়ী, উত্তর বগাচতর, বগাচতর, সীতাকুন্ড, চট্টগ্রাম",১,Female
০৬১১,ফরিদা ইয়াসমিন,১৫০২৯৫১০১৪৭৩,মোঃ আজিজুল হক,উম্মে হাবিবা,"আদুরুজ হাজির বাড়ী, উত্তর বগাচতর, বগাচতর, সীতাকুন্ড, চট্টগ্রাম",১,Female
০৬১২,রাজিয়া সুলতানা,১৫০২৯৫১০১৪৭৯,মিজানূল হক ভূঁইয়া,মল্যািকা আফরোজ,"আবদুল ভূঁইয়া বাড়ী, উত্তর বগাচতর, বগাচতর, সীতাকুন্ড, চট্টগ্রাম",১,Female
০৬১৩,ইয়াসমিন,১৫০২৯৫১০১৪৮২,সামছুল হক,আছবা খাতুন,"আব্দুল ভূঁইয়া বাড়ী, উত্তর বগাচতর, বগাচতর, সীতাকুন্ড, চট্টগ্রাম",১,Female
০৬১৪,ফাতেমা আক্তার,১৫০২৯৫১০১৪৮৩,আবুল বশর,বিবি রহিমা,"আবদুল মোনাফ সোওঃ বাড়ী, উত্তর বগাচতর, বগাচতর, সীতাকুন্ড, চট্টগ্রাম",১,Female
০৬১৫,মমতাজ বেগম,১৫০২৯৫১০১৪৮৪,নূরুল ইসলাম,জাহেদা খাতুন,"আনছার আলী মেস্ত্রী বাড়ি, উত্তর বগাচতর, বগাচতর, সীতাকুন্ড, চট্টগ্রাম",১,Female
০৬১৬,তপুরা আক্তার,১৫০২৯৫১০১৪৮৮,মোঃ আবু সুফিয়ান,দিল আফরোজ বেগম,"মুনছুর কাজির বাড়ী, উওর বগাচতর, বগাচতর, সীতাকুন্ড, চট্টগ্রাম",১,Female
০৬১৭,জাহানারা,১৫০২৯৫১০১৪৮৯,মোঃ ওবায়দুল হক,রহিমা খাতুন,"আবদুল ভূঁয়া বড়ী, উত্তর বগাচতর, বগাচতর, সীতাকুন্ড, চট্টগ্রাম",১,Female
০৬১৮,মুন্নি আক্তার,১৫০২৯৫১০১৪৯১,শাহ আলম,আলেয়া বেগম,"বাহার মাঝির বাড়ী, উত্তর বগাচতর, বগাচতর, সীতাকুন্ড, চট্টগ্রাম",১,Female
০৬১৯,শিখা রাণী দাস,১৫০২৯৫১০১৫০৬,সুকুমার দাস,মিনা রানী দাস,"বজেন্দ্র কবিরাজ বাড়ী, উওর বগাচতর, বগাচতর, সীতাকুন্ড, চট্টগ্রাম",১,Female
০৬২০,রাজিয়া সুলতানা,১৫০২৯৫১০১৫০৯,মোঃ আবুল কাশেম,হোসনেয়ারা বেগম,"মুনছুর কাজীর দতন বাড়ী, উত্তর বগাচতর, বগাচতর, সীতাকুন্ড, চট্টগ্রাম",১,Female
০৬২১,মনোয়ারা বেগম,১৫০২৯৫১০১৫৫১,সেকান্তর মিয়া,লুৎফুন্নেছা,"তোয়ার আলী ভূইয়া বাড়ি, উত্তর বগাচতর, বগাচতর, সীতাকুন্ড, চট্টগ্রাম",১,Female
০৬২২,রিজিয়া বেগম,১৫০২৯৫১০১৫৫৫,আবুল বশর,হোসনে আরা বেগম,"তোয়ার আলী ভূঁইয়া বাড়ী, উত্তর বগাচতর, বগাচতর, সীতাকুন্ড, চট্টগ্রাম",১,Female
০৬২৩,জাহানারা বেগম,১৫০২৯৫১০১৫৫৬,শামছুল হক,করিমুন্নেছা,"তোফর আলী ভূইয়া বাড়ী, উত্তর বগাচতর, বগাচতর, সীতাকুন্ড, চট্টগ্রাম",১,Female
০৬২৪,সুলতানা রাজিয়া,১৫০২৯৫১০১৫৫৭,মোহাম্মদের রহমান,আয়েশা খাতুন,"তোফর আলী ভূইয়া বাড়ী, উত্তর বগাচতর, বগাচতর, সীতাকুন্ড, চট্টগ্রাম",১,Female
০৬২৫,রাশেদা আক্তার,১৫০২৯৫১০১৫৬০,আবদুল্যাাহ মিয়া,ছাবেনূর বেগম,"তোফর আলী ভূঁইয়া বাড়ী, উত্তর বগাচতর, বগাচতর, সীতাকুন্ড, চট্টগ্রাম",১,Female
০৬২৬,জাহেদা আক্তার,১৫০২৯৫১০১৫৬১,আবদুল কুদ্দুচ,আনোয়ারা বেগম,"তোফর আলী ভুঁইয়া বাড়ী, উত্তর বগাচতর, বগাচতর, সীতাকুন্ড, চট্টগ্রাম",১,Female
০৬২৭,আলেয়া বেগম,১৫০২৯৫১০১৫৬২,ইছহাক মিয়া,ছকিনা খাতুন,"তোফর আলী ভূঁইয়া বাড়ী, উত্তর বগাচতর, বগাচতর, সীতাকুন্ড, চট্টগ্রাম৩৫চূড়ান্ত ভোটার তালিকাজেলা:চট্টগ্রামউপজেলা:সীতাকুন্ডইউনিয়ন:সৈয়দপুরডাকঘর:কমর আলীভোটার এলাকার কোড: ০২৯৫ভোটার এলাকার নাম: উত্তর বগাচতর",১,Female
০৬২৮,ফাতেমা বেগম,১৫০২৯৫১০১৫৬৫,মোঃ শেখর ইসলাম,ওম্মে সায়েদা বেগম,"তোয়াব আলী ভূঁইয়া বাড়ী, উত্তর বগাচতর, বগাচতর, সীতাকুন্ড, চট্টগ্রাম",১,Female
০৬২৯,রহিমা বেগম,১৫০২৯৫১০১৫৬৬,ছেরাজল হক,হাবাধন,"ইউছুপের বাড়ী, উত্তর বগাচতর, বগাচতর, সীতাকুন্ড, চট্টগ্রাম",১,Female
০৬৩০,ছেনোয়ারা বেগম,১৫০২৯৫১০১৫৬৭,বজলে ছোবহান,আছবা খাতুন,"তোফর আলী ভূইঁয়া বাড়ি, উত্তর বগাচতর, বগাচতর, সীতাকুন্ড, চট্টগ্রাম",১,Female
০৬৩১,নিলুফা ইয়াসমিন,১৫০২৯৫১০১৫৬৮,মোঃ মিয়া,সুফিয়া খাতুন,"তোয়ার আলী ভূঁইয়া বাড়ী, উত্তর বগাচতর, বগাচতর, সীতাকুন্ড, চট্টগ্রাম",১,Female
০৬৩২,রীনা আক্তার,১৫০২৯৫১০১৫৭৬,শাহাদাৎ হোসেন,মোতাহেরা বেগম,"তোফর আলী ভূঁইয়া বাড়ী, উত্তর বগাচতর, বগাচতর, সীতাকুন্ড, চট্টগ্রাম",১,Female
০৬৩৩,ছেমনা আক্তার,১৫০২৯৫১০১৫৮১,মোঃ ইছহাক,জাহেদা আক্তার,"মোঃ হোসনে জামানের বাড়ী, উত্তর বগাচতর, বগাচতর, সীতাকুন্ড, চট্টগ্রাম",১,Female
০৬৩৪,রাশেদা আক্তার,১৫০২৯৫১০১৫৮২,জামশেদ আলম,বিবি খাদিজা,"মৌঃ হোসেনজ্জমানের বাড়ী, উত্তর বগাচতর, বগাচতর, সীতাকুন্ড, চট্টগ্রাম",১,Female
০৬৩৫,রীমা আক্তার,১৫০২৯৫১০১৫৮৩,হারেছ আহাং,আনোয়ারা বেগম,"মৌঃ হোছনেজ্জমানের বাড়ী, উত্তর বগাচতর, বগাচতর, সীতাকুন্ড, চট্টগ্রাম",১,Female
০৬৩৬,রাশেদা আক্তার,১৫০২৯৫১০১৫৮৪,নূরুল আবছার,ছেমনা আক্তার,"মৌঃ হোসেনেজ্জামানের বাড়ী, উত্তর বগাচতর, বগাচতর, সীতাকুন্ড, চট্টগ্রাম",১,Female
০৬৩৭,রিজিয়া বেগম,১৫০২৯৫১০১৫৮৭,ছালেহ আহাং,ফয়েজন্নেছা,"মোঃ হোসনেজ্জামানের বাড়ী, উত্তর বগাচতর, বগাচতর, সীতাকুন্ড, চট্টগ্রাম",১,Female
০৬৩৮,ঝর্না আরা বেগম,১৫০২৯৫১০১৫৮৮,তোফায়েল আহমেদ,রিজিয়া বেগম,"মৌঃ হোসনেজ্জমানের বাড়ী, উত্তর বগাচতর, বগাচতর, সীতাকুন্ড, চট্টগ্রাম",১,Female
০৬৩৯,হালিমা বেগম,১৫০২৯৫১০১৫৮৯,হাবিবুর রহমান মিস্তী,কুলসুম বিয়া,"মৌঃ হোসনেজ্জমানের বাড়ী, উত্তর বগাচতর, বগাচতর, সীতাকুন্ড, চট্টগ্রাম",১,Female
০৬৪০,নাজমা আক্তার,১৫০২৯৫১০১৫৯০,মফিজুর রহমান,রইয়ছা খাতুন,"মৌঃ হোসনেজ্জমানের বাড়ী, উত্তর বগাচতর, বগাচতর, সীতাকুন্ড, চট্টগ্রাম",১,Female
০৬৪১,জাহানারা বেগম,১৫০২৯৫১০১৫৯৪,মনির আহমেদ,ছকিনা বেগম,"মৌঃ হোসনেজ্জামানের বাড়ী, উত্তর বগাচতর, বগাচতর, সীতাকুন্ড, চট্টগ্রাম",১,Female
০৬৪২,মমতাজ বেগম,১৫০২৯৫১০১৫৯৫,গোলাম চমদানী,নূরনাহার বেগম,"মৌঃ হোসনেজ্জমানের বাড়ী, উত্তর বগাচতর, বগাচতর, সীতাকুন্ড, চট্টগ্রাম",১,Female
০৬৪৩,রইয়াছা খাতুন,১৫০২৯৫১০১৫৯৭,আবদুল খালেক,নূর খাতুন,"মোঃ হোসনে জ্জামানের বাড়ী, উত্তর বগাচতর, বগাচতর, সীতাকুন্ড, চট্টগ্রাম",১,Female
০৬৪৪,বিবি জুলেখা,১৫০২৯৫১০১৫৯৮,শেখ আহাং,বদরের নেছা,"মোঃহোসনে জামানের বাড়ী, উত্তর বগাচতর, বগাচতর, সীতাকুন্ড, চট্টগ্রাম",১,Female
০৬৪৫,শামিমা আক্তার,১৫০২৯৫১০১৫৯৯,রৌশনজ্জামান,বিবি জুলেখা,"মৌঃ হোসেনজ্জামানের বাড়ী, উত্তর বগাচতর, বগাচতর, সীতাকুন্ড, চট্টগ্রাম৩৬চূড়ান্ত ভোটার তালিকাজেলা:চট্টগ্রামউপজেলা:সীতাকুন্ডইউনিয়ন:সৈয়দপুরডাকঘর:কমর আলীভোটার এলাকার কোড: ০২৯৫ভোটার এলাকার নাম: উত্তর বগাচতর",১,Female
০৬৪৬,পারভীন আক্তার,১৫০২৯৫১০১৬০০,রৌওশনেজ্জমান,সুফিয়া খাতুন,"মৌঃ হোসেনেজ্জামানের বাড়ি, উত্তর বগাচতর, বগাচতর, সীতাকুন্ড, চট্টগ্রাম",১,Female
০৬৪৭,সাজেদা আক্তার,১৫০২৯৫১০১৬০২,সুজাউল হক,দেলাপরোজ বেগম,"মৌঃ হোসনেজ্জমানের বাড়ী, উত্তর বগাচতর, বগাচতর, সীতাকুন্ড, চট্টগ্রাম",১,Female
০৬৪৮,জোবেদা ইয়াসমিন,১৫০২৯৫১০১৬০৩,আবুল কাশেম,আবিদা খাতুন,"মোঃ হোসনেজ্জামানের বাড়ী, উত্তর বগাচতর, বগাচতর, সীতাকুন্ড, চট্টগ্রাম",১,Female
০৬৪৯,সাজেদা আক্তার,১৫০২৯৫১০১৬০৪,এম এ শাহজাহান,শিরিনা আক্তার,"উত্তর বগাচতর, বগাচতর, সীতাকুন্ড, চট্টগ্রাম",১,Female
০৬৫০,শরীফা খাতুন,১৫০২৯৫১০১৬০৫,আখতারুজ্জামান সওঃ,আমেনা খাতুন,"মৌঃ হোসেনজ্জামানের বাড়ী, উত্তর বগাচতর, বগাচতর, সীতাকুন্ড, চট্টগ্রাম",১,Female
০৬৫১,নাগর্িস আক্তার,১৫০২৯৫১০১৬০৭,মোঃ সফিউল আলম,হাজেরা খাতুন,"মৌঃ হোসনেজ্জমানের বাড়ী, উত্তর বগাচতর, বগাচতর, সীতাকুন্ড, চট্টগ্রাম",১,Female
০৬৫২,হাজেরা খাতুন,১৫০২৯৫১০১৬০৮,সোলায়মান,মনিরুন্নেছা,"মৌঃ হোসনেজ্জমানের বাড়ি, উত্তর বগাচতর, বগাচতর, সীতাকুন্ড, চট্টগ্রাম",১,Female
০৬৫৩,আছিয়া খাতুন,১৫০২৯৫১০১৬০৯,ফাজিল মিয়া,রাবিয়া খাতুন,"মোঃ হোসনেজ্জামানের বাড়ী, উঃ বগাচতর, বগাচতর, সীতাকুন্ড, চট্টগ্রাম",১,Female
০৬৫৪,রেহানা আক্তার,১৫০২৯৫১০১৬১২,ওবায়দুল হক,আমেনা বেগম,"মোঃ হোসেনেজ্জামানের বাড়ী, উত্তর বগাচতর, বগাচতর, সীতাকুন্ড, চট্টগ্রাম",১,Female
০৬৫৫,আলেয়া বেগম,১৫০২৯৫১০১৬১৩,আবুল কাশেম,ফিরোজা বেগম,"মৌঃ হোসনেজজ্জমানের বাড়ী, উত্তর বগাচতর, বগাচতর, সীতাকুন্ড, চট্টগ্রাম",১,Female
০৬৫৬,রোকেয়া বেগম,১৫০২৯৫১০১৬১৪,বজলুল ছোবাহান,ফাতেমা বেগম,"মৌঃ হোসনেজ্জমানের বাড়ী, উত্তর বগাচতর, বগাচতর, সীতাকুন্ড, চট্টগ্রাম",১,Female
০৬৫৭,মনোয়ারা বেগম,১৫০২৯৫১০১৬১৬,দলিলের রহমান,জমিলা খাতুন,"হাজী ডাঃ ছালামত উল্যা্যাহর বাড়ি, উত্তর বগাচতর, বগাচতর, সীতাকুন্ড, চট্টগ্রাম",১,Female
০৬৫৮,রাজিয়া সুলতানা,১৫০২৯৫১০১৬১৮,মোঃ আজিজুল হক,মনোয়ারা বেগম,"হাজী ডাঃ ছালামত উল্যাহর বাঢ়ী, উত্তর বগাচতর, বগাচতর, সীতাকুন্ড, চট্টগ্রাম",১,Female
০৬৫৯,সাহেদা আক্তার,১৫০২৯৫১০১৬১৯,রুশনেজ্জামান,বিবি জুলেখা,"হাজী ছালামত উল্যা্যাহর বাড়ী, উত্তর বগাচতর, বগাচতর, সীতাকুন্ড, চট্টগ্রাম",১,Female
০৬৬০,লায়লা আফরোজ,১৫০২৯৫১০১৬২১,মৌঃ নূরুল হক,মত মায়মুনা খাতুন,"গাফারী চেয়ারম্যান বাড়ী, উত্তর বগাচতর, বগাচতর, সীতাকুন্ড, চট্টগ্রাম",১,Female
০৬৬১,আফরোজা বেগম,১৫০২৯৫১০১৬২২,মোঃ হানিফ,হাছিনা বেগম,"গাফফার চেয়ারম্যান বাড়ী, উত্তর বগাচতর, বগাচতর, সীতাকুন্ড, চট্টগ্রাম",১,Female
০৬৬২,শামিমা আক্তার,১৫০২৯৫১০১৬২৩,দেলোয়ার হোসেন,ফওজিয়া খাতুন,"গফারী চেয়াম্যান বাড়ী, উত্তর বগাচতর, বগাচতর, সীতাকুন্ড, চট্টগ্রাম",১,Female
০৬৬৩,রোজিনা আক্তার াপি,১৫০২৯৫১০১৬২৫,মোঃসিরাজ উদ্দীন,আকত্তার জাহান বিউটি,"গাফারী চেয়ারম্যান বাডি, উত্তর বগাচতর, বগাচতর, সীতাকুন্ড, চট্টগ্রাম৩৭চূড়ান্ত ভোটার তালিকাজেলা:চট্টগ্রামউপজেলা:সীতাকুন্ডইউনিয়ন:সৈয়দপুরডাকঘর:কমর আলীভোটার এলাকার কোড: ০২৯৫ভোটার এলাকার নাম: উত্তর বগাচতর",১,Female
০৬৬৪,সুফিয়া খাতুন,১৫০২৯৫১০১৬২৭,আওরঙ্গজেব,ফরিদা খাতুন,"গাফফারী চেয়ারম্যান বাড়ী, উত্তর বগাচতর, বগাচতর, সীতাকুন্ড, চট্টগ্রাম",১,Female
০৬৬৫,মজর্িনা আক্তার,১৫০২৯৫১০১৬২৮,নূরুল আবছার,বিবি খদিজা,"গাফারী চেয়ারম্যানের বাড়ী, উত্তর বগাচতর, বগাচতর, সীতাকুন্ড, চট্টগ্রাম",১,Female
০৬৬৬,হাছিনা আক্তার,১৫০২৯৫১০১৬২৯,দেলোয়ার হোসেন,শামছুন নাহার,"গাফফারী চেয়ারম্যানের বাড়ী, উত্তর বগাচতর, বগাচতর, সীতাকুন্ড, চট্টগ্রাম",১,Female
০৬৬৭,চশমা আরা বেগম,১৫০২৯৫১০১৬৩২,বজলে ছোবহান,শরিফা খাতুন,"গাফফারী চেয়ারম্যান বাড়ী, উ: বগাচতর, বগাচতর, সীতাকুন্ড, চট্টগ্রাম",১,Female
০৬৬৮,শাহানা আক্তার,১৫০২৯৫১০১৬৩৪,ফকির আহম্মেদ,আয়েশা খাতুন,"গাফারী চেয়ারম্যান বাঢ়ী, উত্তর বগাচতর, বগাচতর, সীতাকুন্ড, চট্টগ্রাম",১,Female
০৬৬৯,মনোয়ারা বেগম,১৫০২৯৫১০১৬৩৬,ছিদ্দীক আহম্মদ,জাহানারা বেগম,"গাফফারী চেয়ারম্যান বাড়ী, উ: বগাচতর, বগাচতর, সীতাকুন্ড, চট্টগ্রাম",১,Female
০৬৭০,কামরুন নাহার,১৫০২৯৫১০১৬৩৭,তাজুল ইসলাম,চশমা আরা বেগম,"গাফারী চেয়ারম্যান বাড়ী, উত্তর বগাচতর, বগাচতর, সীতাকুন্ড, চট্টগ্রাম",১,Female
০৬৭১,সাবিনা আক্তার,১৫০২৯৫১০১৬৩৮,শামছুল হুদা,খায়েররুন নেছা,"গাফারী চেয়ারম্যান বাড়ী, উত্তর বগাচতর, বগাচতর, সীতাকুন্ড, চট্টগ্রাম",১,Female
০৬৭২,লুৎফুন নাহার,১৫০২৯৫১০১৬৪০,আলহা এ কে এম বদিউল আলম,আলহা নূর ছালেহা খাতুন,"গফারী চেয়ারম্যানের বাড়ী, উত্তর বগাচতর, বগাচতর, সীতাকুন্ড, চট্টগ্রাম",১,Female
০৬৭৩,কহিনূর বেগম,১৫০২৯৫১০১৬৪২,হোছনেজ্জামান,সুফিয়া খাতুন,"লমির বাড়ি, উত্তর বগাচতর, বগাচতর, সীতাকুন্ড, চট্টগ্রাম",১,Female
০৬৭৪,শাহিনূর আক্তার,১৫০২৯৫১০১৬৪৩,জহরুল হক,ফরিদা খাতুন,"লমির বাড়ী, উত্তর বগাচতর, বগাচতর, সীতাকুন্ড, চট্টগ্রাম",১,Female
০৬৭৫,নূর নাহার,১৫০২৯৫১০১৬৪৪,মুকছুদ আহমেদ,সখিনা খাতুন,"লমির বাড়ি, উত্তর বগাচতর, বগাচতর, সীতাকুন্ড, চট্টগ্রাম",১,Female
০৬৭৬,নূর বানূ,১৫০২৯৫১০১৬৪৫,মোঃ আবুল হোসেন,মাজেদা খাতুন,"লমির বাড়ি, উত্তর বগাচতর, বগাচতর, সীতাকুন্ড, চট্টগ্রাম",১,Female
০৬৭৭,শাহানারা বেগম,১৫০২৯৫১০১৬৪৮,হাজী বজলে ছোবহান মিস্ত্রী,তাবেনদা আক্তার,"লমির বাড়ি, উত্তর বগাচতর, বগাচতর, সীতাকুন্ড, চট্টগ্রাম",১,Female
০৬৭৮,ফাতেমা বেগম,১৫০২৯৫১০১৬৪৯,আহম্মেদ ছোবহান,আমেনা খাতুন,"লমির বাড়ি, উত্তর বগাচতর, বগাচতর, সীতাকুন্ড, চট্টগ্রাম",১,Female
০৬৭৯,আক্তার বানূ,১৫০২৯৫১০১৬৫০,আবুল মুনছুর,বিবি খাদিজা,"লমির বাড়ি, উত্তর বগাচতর, বগাচতর, সীতাকুন্ড, চট্টগ্রাম",১,Female
০৬৮০,শামিমা আক্তার,১৫০২৯৫১০১৬৫১,আবদুল হামিদ,নূর জাহান,"উত্তর বগাচতর, বগাচতর, সীতাকুন্ড, চট্টগ্রাম",১,Female
০৬৮১,নূর বানূ,১৫০২৯৫১০১৬৫২,এমানূল হক,সামছুর নাহার,"লমির বাড়ী, উত্তর বগাচতর, বগাচতর, সীতাকুন্ড, চট্টগ্রাম৩৮চূড়ান্ত ভোটার তালিকাজেলা:চট্টগ্রামউপজেলা:সীতাকুন্ডইউনিয়ন:সৈয়দপুরডাকঘর:কমর আলীভোটার এলাকার কোড: ০২৯৫ভোটার এলাকার নাম: উত্তর বগাচতর",১,Female
০৬৮২,আনোয়ারা বেগম,১৫০২৯৫১০১৬৫৫,বজলে ছোবহান,তরিকের নেছা,"নূর আহাং সারেং বাড়ী, উত্তর বগাচতর, বগাচতর, সীতাকুন্ড, চট্টগ্রাম",১,Female
০৬৮৩,হাছিনা আক্তার,১৫০২৯৫১০১৬৫৬,আবদুল কুদ্দুচ,আনোয়ারা বেগম,"নূর আহাং সারেং বাড়ী, উত্তর বগাচতর, বগাচতর, সীতাকুন্ড, চট্টগ্রাম",১,Female
০৬৮৪,রুজিনা আক্তার,১৫০২৯৫১০১৬৫৭,হাজী বাদশা মিয়া,জোসনা আরা বেগম,"নূর আহাং সারেং বাড়ী, উত্তর বগাচতর, বগাচতর, সীতাকুন্ড, চট্টগ্রাম",১,Female
০৬৮৫,সাহানারা বেগম,১৫০২৯৫১০১৬৫৯,আহম্মদ ছোবহান,রে বেগম,"নূর আহম্মদ সারেং বাড়ী, উ: বগাচতর, বগাচতর, সীতাকুন্ড, চট্টগ্রাম",১,Female
০৬৮৬,নাছিমা আক্তার,১৫০২৯৫১০১৬৬০,কাজী মোঃ মুকছুদ আহম্মেদ মোর,কহিনূর বেগম,"নূর আহাং সারেং বাড়ী, উত্তর বগাচতর, বগাচতর, সীতাকুন্ড, চট্টগ্রাম",১,Female
০৬৮৭,সালমা আক্তার,১৫০২৯৫১০১৬৬১,হেদায়েত উল্যা্যাহ,লায়লা বেগম,"নূর আহাম্মদ সারেং বাড়ি, উত্তর বগাচতর, বগাচতর, সীতাকুন্ড, চট্টগ্রাম",১,Female
০৬৮৮,আফিয়া খাতুন,১৫০২৯৫১০১৬৬২,আলী হোসেন,ছবর বিয়া,"নূর আহাং সারেং বাড়ী, উত্তর বগাচতর, বগাচতর, সীতাকুন্ড, চট্টগ্রাম",১,Female
০৬৮৯,জরিনা খানম,১৫০২৯৫১০১৬৬৩,সফিউল্যাহ,মনোয়ারা বেগম,"নূর আহাং সারেং বাড়ী, উত্তর বগাচতর, বগাচতর, সীতাকুন্ড, চট্টগ্রাম",১,Female
০৬৯০,অজিফা বেগম,১৫০২৯৫১০১৬৬৮,ফরিদ ব,জৈয়দা বেগম,"নূর আহাং সারেং বাড়ী, উত্তর বগাচতর, বগাচতর, সীতাকুন্ড, চট্টগ্রাম",১,Female
০৬৯১,নাসিমা,১৫০২৯৫১০১৬৭০,ফরিদ ব,জৈয়দা বেগম,"নূর আহাং সারেং বাড়ী, উত্তর বগাচতর, বগাচতর, সীতাকুন্ড, চট্টগ্রাম",১,Female
০৬৯২,কোরফুলা,১৫০২৯৫১০১৬৭১,ফরিদ ব,জৈয়দা বেগম,"নূর আহাং সারেং বাড়ী, উত্তর বগাচতর, বগাচতর, সীতাকুন্ড, চট্টগ্রাম",১,Female
০৬৯৩,মায়মুনা খাতুন,১৫০২৯৫১০১৬৭৩,সোলতান আহাং,পরিছা খাতুন,"নূর আহাং সারেং বাড়ী, উত্তর বগাচতর, বগাচতর, সীতাকুন্ড, চট্টগ্রাম",১,Female
০৬৯৪,আছমা আক্তার,১৫০২৯৫১০১৬৭৫,জাহা বকস,শাফিয়া খাতুন,"নূর আহাং সারেং বাড়ি, উত্তর বগাচতর, বগাচতর, সীতাকুন্ড, চট্টগ্রাম",১,Female
০৬৯৫,তাহেরুন নেছা,১৫০২৯৫১০১৬৭৮,জা ব,সায়মুনা বেগম,"নূর আহাং সারেং বাড়ী, উত্তর বগাচতর, বগাচতর, সীতাকুন্ড, চট্টগ্রাম",১,Female
০৬৯৬,রহিমা বেগম,১৫০২৯৫১০১৬৮০,মোঃ হারুন,আমেনা খাতুন,"নূর আহাং সারেং বাড়ি, উত্তর বগাচতর, বগাচতর, সীতাকুন্ড, চট্টগ্রাম",১,Female
০৬৯৭,ছেমনা আফরোজ,১৫০২৯৫১০১৬৮১,মোঃ মাহমুদ হোসেন,বিবি মরিয়ম,"নূর আহাং সারেং বাড়ী, উত্তর বগাচতর, বগাচতর, সীতাকুন্ড, চট্টগ্রাম",১,Female
০৬৯৮,পেয়ারা বেগম,১৫০২৯৫১০১৬৮৩,অজল হক,রিজিয়া বেগম,"নূর আহাং সারেং বাড়ী, উত্তর বগাচতর, বগাচতর, সীতাকুন্ড, চট্টগ্রাম",১,Female
০৬৯৯,শাফিয়া বেগম,১৫০২৯৫১০১৬৮৫,ছদিকের রহমান,আছিয়া খাতুন,"নূর আহাং সারেং বাড়ী, উ: বগাচতর, বগাচতর, সীতাকুন্ড, চট্টগ্রাম৩৯চূড়ান্ত ভোটার তালিকাজেলা:চট্টগ্রামউপজেলা:সীতাকুন্ডইউনিয়ন:সৈয়দপুরডাকঘর:কমর আলীভোটার এলাকার কোড: ০২৯৫ভোটার এলাকার নাম: উত্তর বগাচতর",১,Female
০৭০০,পী বিয়া,১৫০২৯৫১০১৬৮৬,হেন্জু মিয়া,আমেনা খাতুন,"নূর আহাং সারেং বাড়ী, উত্তর বগাচতর, বগাচতর, সীতাকুন্ড, চট্টগ্রাম",১,Female
০৭০১,লায়লা বেগম,১৫০২৯৫১০১৬৮৭,খায়েজ আহাং,সায়রা খাতুন,"নূর আহাং সারেং বাড়ী, উত্তর বগাচতর, বগাচতর, সীতাকুন্ড, চট্টগ্রাম",১,Female
০৭০২,শামিনা আক্তার,১৫০২৯৫১০১৬৮৮,ফকির আহাং,ছেমনা আফরোজ,"নূর আহমেদ সারেং বাড়ী, উত্তর বগাচতর, বগাচতর, সীতাকুন্ড, চট্টগ্রাম",১,Female
০৭০৩,আয়েশা বেগম,১৫০২৯৫১০১৬৮৯,মোঃ হোসেন,সুফিয়া বেগম,"নূর আহাং সারেং বাড়ী, উত্তর বগাচতর, বগাচতর, সীতাকুন্ড, চট্টগ্রাম",১,Female
০৭০৪,তফুরা বেগম,১৫০২৯৫১০১৬৯০,নূরেরজ্জমান,তাহেরুন নেছা,"নূর আহাং সারেং বাড়ী, উত্তর বগাচতর, বগাচতর, সীতাকুন্ড, চট্টগ্রাম",১,Female
০৭০৫,রাজিয়া বেগম,১৫০২৯৫১০১৬৯২,মুকছুদ আহমেদ,ছকিনা খাতুন,"লমির বাড়ী, উত্তর বগাচতর, বগাচতর, সীতাকুন্ড, চট্টগ্রাম",১,Female
০৭০৬,জাহেদা বেগম,১৫০২৯৫১০১৬৯৪,রহিমা উল্যা্যাহ,বিয়াধন বিয়া,"নূর আহাং সারেং বাড়ী, উ: বগাচতর, বগাচতর, সীতাকুন্ড, চট্টগ্রাম",১,Female
০৭০৭,আয়েশা আক্তার,১৫০২৯৫১০১৬৯৫,নূর আহাং সারেং,হাছান বানূ,"নূর আহাং সারেং বাড়ি, উত্তর বগাচতর, বগাচতর, সীতাকুন্ড, চট্টগ্রাম",১,Female
০৭০৮,মজর্িনা আক্তার,১৫০২৯৫১০১৬৯৬,কামাল উদ্দীন,ফিরোজা বেগম,"নূর আহাং সারেং বাড়ী, উত্তর বগাচতর, বগাচতর, সীতাকুন্ড, চট্টগ্রাম",১,Female
০৭০৯,বিবি জুলেখা,১৫০২৯৫১০১৬৯৭,এখলাচ উদ্দিন,রইছা খাতুন,"নূর আহাং সারেং বাড়ী, উত্তর বগাচতর, বগাচতর, সীতাকুন্ড, চট্টগ্রাম",১,Female
০৭১০,ছমনা বেগম,১৫০২৯৫১০১৭০১,মীরুজ্জমা,নূর বেগম,"নূর আহাং সারেং বাড়ী, উ: বগাচতর, বগাচতর, সীতাকুন্ড, চট্টগ্রাম",১,Female
০৭১১,শামছুর নাহার,১৫০২৯৫১০১৭১০,আবদুল হক মাস্টার,মনধন বিয়া,"ছৈয়দের রহমান মিস্ত্রীর বাড়ী, উত্তর বগাচতর, বগাচতর, সীতাকুন্ড, চট্টগ্রাম",১,Female
০৭১২,জেবনা আফরোজ,১৫০২৯৫১০১৭১১,হাজী আবুল বসর,শামছুন নাহার,"ছৈয়দের রহমান মিস্ত্রী বাড়ী, উ: বগাচতর, বগাচতর, সীতাকুন্ড, চট্টগ্রাম",১,Female
০৭১৩,পারভীন আক্তার,১৫০২৯৫১০১৭১২,হাজী আবুল বশর,শামছুন নাহার,"ছৈয়দের রহমান মিস্ত্রী বাড়ী, উত্তর বগাচতর, বগাচতর, সীতাকুন্ড, চট্টগ্রাম",১,Female
০৭১৪,মোছাঃ রোকেয়া বেগম,১৫০২৯৫১০১৭১৬,আলহা সিদ্দিকুর রহমান,ফিরোজা বেগম,"মা মন্িজল, উত্তর বগাচতর, বগাচতর, সীতাকুন্ড, চট্টগ্রাম",১,Female
০৭১৫,জেসমিন আক্তার নিপুন,১৫০২৯৫১০১৭১৭,মোঃ সিরাজ উদ দৌলা,মোছাঃ রোকয়া বেগম,"মা মন্িজল, উত্তর বগাচতর, বগাচতর, সীতাকুন্ড, চট্টগ্রাম",১,Female
০৭১৬,হালিমা বেগম,১৫০২৯৫১০১৭২২,আমিনূর রহমান,আমেনা খাতুন,"নূর আঃ সারেং বাড়ী, উত্তর বগাচতর, বগাচতর, সীতাকুন্ড, চট্টগ্রাম",১,Female
০৭১৭,রিজিয়া বেগম,১৫০২৯৫১০১৭২৪,সেকান্দার মিয়া,জামিলা খাতুন,"নূর আহাং সারেং বাড়ী, উত্তর বগাচতর, বগাচতর, সীতাকুন্ড, চট্টগ্রাম৪০চূড়ান্ত ভোটার তালিকাজেলা:চট্টগ্রামউপজেলা:সীতাকুন্ডইউনিয়ন:সৈয়দপুরডাকঘর:কমর আলীভোটার এলাকার কোড: ০২৯৫ভোটার এলাকার নাম: উত্তর বগাচতর",১,Female
০৭১৮,শিরিনা আক্তার,১৫০২৯৫১০১৭৩১,মনির আহম্মেদ,হাফেজা খাতুন,"নূর আহাং সারেং বাড়ী, উত্তর বগাচতর, বগাচতর, সীতাকুন্ড, চট্টগ্রাম",১,Female
০৭১৯,ছকিনা খাতুন,১৫০২৯৫১০১৭৩৭,আনর আলী,হালিমা খাতুন,"মৌঃ হোসনেজ্জামান বাড়ী, উত্তর বগাচতর, বগাচতর, সীতাকুন্ড, চট্টগ্রাম",১,Female
০৭২০,সাজেদা আক্তার,১৫০২৯৫১০১৭৩৮,সফিউল আলম,ঝর্না আক্তার,"মৌঃ হোসনেজ্জমানের বাড়ী, উত্তর বগাচতর, বগাচতর, সীতাকুন্ড, চট্টগ্রাম",১,Female
০৭২১,নাজমা আক্তার,১৫০২৯৫১০১৭৩৯,কাজী সফিউল আলম,আনোয়ারা বেগম,"মোঃ হোসনে জামানের বাড়ী, উত্তর বগাচতর, বগাচতর, সীতাকুন্ড, চট্টগ্রাম",১,Female
০৭২২,ছবিরা খাতুন,১৫০২৯৫১০১৭৪১,খলিলুর রহমান,চিকধন বিয়া,"নূর আহমদ সারেং বাড়ি, উত্তর বগাচতর, বগাচতর, সীতাকুন্ড, চট্টগ্রাম",১,Female
০৭২৩,রহিমা বেগম,১৫০২৯৫১০১৭৪৫,শাহ আলম মোর,নেমনা খাতুন,"নূর আহাং সারেং বাড়ী, উত্তর বগাচতর, বগাচতর, সীতাকুন্ড, চট্টগ্রাম",১,Female
০৭২৪,মনোয়ারা বেগম,১৫০২৯৫১০১৭৪৮,আবদুল কোাদ,নূর নাহার,"গাফকারী চেয়ারম্যান বাড়ী, উত্তর বগাচতর, বগাচতর, সীতাকুন্ড, চট্টগ্রাম",১,Female
০৭২৫,নাছরিন আকতার,১৫০২৯৫১০১৭৫১,এনামুল হক,নাহিদা বেগম,"লাতু চৌকিদার বাড়ী, উত্তর বগাচতর, বগাচতর, সীতাকুন্ড, চট্টগ্রাম",১,Female
০৭২৬,হোসনে আরা বেগম,১৫০২৯৫১০১৭৫২,জোনাব আলী,মইধের নেছা,"লাতু চৌকিদার বাড়ী, উত্তর বগাচতর, বগাচতর, সীতাকুন্ড, চট্টগ্রাম",১,Female
০৭২৭,মেহের আফরোজ,১৫০২৯৫১০১৭৫৩,নিজাম উদ্দীন,নিলুফার জাহান,"গাফারী চেয়ারম্যান বাড়ী, উত্তর বগাচতর, বগাচতর, সীতাকুন্ড, চট্টগ্রাম",১,Female
০৭২৮,কাওসার আক্তার,১৫০২৯৫১০১৭৫৫,নূরুল ইসলাম,বিয়া ধন,"লাতু চৌকিদার বাড়ী, উত্তর বগাচতর, বগাচতর, সীতাকুন্ড, চট্টগ্রাম",১,Female
০৭২৯,ফিরোজা বেগম,১৫০২৯৫১০১৭৫৬,মরহুম হাজী বায়োজিদ মিঞা,মরহুমা আছমা খাতুন,"তোফর আলী ভুঁইয়া বাড়ী, উত্তর বগাচতর, বগাচতর, সীতাকুন্ড, চট্টগ্রাম",১,Female
০৭৩০,নাছরিন সুলতানা,১৫০২৯৫১০১৭৫৭,আবু তহের ভুঁইয়া,ফিরোজা বেগম,"তোফর আলী ভুঁইয়া বাড়ী, উত্তর বগাচতর, বগাচতর, সীতাকুন্ড, চট্টগ্রাম",১,Female
০৭৩১,শি বালা,১৫০২৯৫১০১৭৬৩,কামিনী দাশ,বিরহিনী দাশ,"বেচারাম কবিরাজ বাড়ী, উত্তর বগাচতর, বগাচতর, সীতাকুন্ড, চট্টগ্রাম",১,Female
০৭৩২,রহিমা আক্তার,১৫০২৯৫১০১৭৬৫,মোঃ শামছুদ্দীন,নিলুফা আক্তার,"মোক্রম আলী সারাং বাড়ী, উত্তর বগচতর, বগচতর, সীতাকুন্ড, চট্টগ্রাম",১,Female
০৭৩৩,সুরজাহান বেগম,১৫০২৯৫১০১৭৬৬,নূরুজ্জামা,ওন্দাা খাতুন,"মৌতালী ব্যাপারী বাড়ী, উত্তর বগাচতর, বগাচতর, সীতাকুন্ড, চট্টগ্রাম",১,Female
০৭৩৪,মজর্িনা আক্তার,১৫০২৯৫১০১৭৬৭,সফিউল আলম,আনোয়ারা বেগম,"আশস মিয়ার বাড়ী, উত্তর বগাচতর, বগাচতর, সীতাকুন্ড, চট্টগ্রাম",১,Female
০৭৩৫,রুজিনা আক্তার,১৫০২৯৫১০১৭৬৮,শাহ আলম,জাহানারা বেগম,"আবদুল কাদের মোল্যাা বাড়ি, উত্তর বগাচতর, বগাচতর, সীতাকুন্ড, চট্টগ্রাম৪১চূড়ান্ত ভোটার তালিকাজেলা:চট্টগ্রামউপজেলা:সীতাকুন্ডইউনিয়ন:সৈয়দপুরডাকঘর:কমর আলীভোটার এলাকার কোড: ০২৯৫ভোটার এলাকার নাম: উত্তর বগাচতর",১,Female
০৭৩৬,সাজেদা আক্তার,১৫০২৯৫১০১৭৬৯,ছালামত উল্যা্যাহ,রেহেনা আফরোজ,"হাজী আবদুল কাদের মোল্যাা বাড়ী, উত্তর বগাচতর, বগাচতর, সীতাকুন্ড, চট্টগ্রাম",১,Female
০৭৩৭,নাছরিন আক্তার,১৫০২৯৫১০১৭৭০,সামছুল আলম,ফিরোজা বেগম,"আবদুল কাদের মোল্যাা বাড়ী, উত্তর বগাচতর, বগাচতর, সীতাকুন্ড, চট্টগ্রাম",১,Female
০৭৩৮,বিবি খতিজা,১৫০২৯৫১০১৭৭২,মোঃ আলী,রাশেদা বেগম,"আবদুল কাদের মোল্যাা বাড়ী, উত্তর বগাচতর, বগাচতর, সীতাকুন্ড, চট্টগ্রাম",১,Female
০৭৩৯,রাশেদা আক্তার,১৫০২৯৫১০১৭৭৫,নূর উদ্দীন,রেহানা বেগম,"ছদিক মৌঃ বাড়ী, উত্তর বগাচতর, বগাচতর, সীতাকুন্ড, চট্টগ্রাম",১,Female
০৭৪০,কামরুন নাহার,১৫০২৯৫১০১৭৭৬,আব্দুর রহীম,সেমনা আফরোজ,"সাম মাঝি বাড়ী, উত্তর বগাচতর, বগাচতর, সীতাকুন্ড, চট্টগ্রাম",১,Female
০৭৪১,খালেদা পারভীন,১৫০২৯৫১০১৮৫০,মোহাম্মদ ফজলুল হক,মোছাম্মৎ শরীফা খাতুন,"দজর্ি বাড়ী, উত্তর বগাচতর, বগাচতর, সীতাকুন্ড, চট্টগ্রাম",১,Female
০৭৪২,ফরিদা ইয়াছমিন রুমা,১৫০২৯৫১০১৮৫৫,মোঃ নূরুল মোস্তফা,রিজিয়া বেগম,"মোক্রম আলী সারেং বাড়ী, উঃ বগাচতর, বগাচতর, সীতাকুন্ড, চট্টগ্রাম",১,Female
০৭৪৩,নিগার সুলতানা,১৫০২৯৫১০১৮৫৮,আব্দুল করিম,রোকেয়া করিম,"রফিউজ্জামান মাস্টার বাড়ী, উত্তর বগাচতর, বগাচতর, সীতাকুন্ড, চট্টগ্রাম",১,Female
০৭৪৪,পারুল বেগম,১৫০২৯৫১০১৮৬০,বদিয়ের রহমান,মেহের নেছা,"লাল মোহন গোমস্তা বাড়ী, উত্তর বগাচতর, বগাচতর, সীতাকুন্ড, চট্টগ্রাম",১,Female
০৭৪৫,শাহেদা আকতার,১৫০২৯৫১০১৮৬২,ছেরাদল হক,ছুরুতের নেছা,"লাল মোহন গোমস্তা বাড়ী, উত্তর বগাচতর, বগাচতর, সীতাকুন্ড, চট্টগ্রাম",১,Female
০৭৪৬,খাদিজা বেগম,১৫০২৯৫১০১৮৬৫,নূরল হক,শামছুন্নাহার,"লাল মোহন গোমস্তা বাড়ী, উত্তর বগাচতর, বগাচতর, সীতাকুন্ড, চট্টগ্রাম",১,Female
০৭৪৭,আয়শা খাতুন,১৫০২৯৫১০১৮৬৬,বজলের ছোবহান,পাব বিয়া,"লাল মোহন গোমস্তার বাড়ী, উত্তর বগাচতর, বগাচতর, সীতাকুন্ড, চট্টগ্রাম",১,Female
০৭৪৮,রোকসানা,১৫০২৯৫১০১৮৬৮,জহুরুল হক,আয়শা খাতুন,"লাল মোহন গোমস্তার বাড়ী, উত্তর বগাচতর, বগাচতর, সীতাকুন্ড, চট্টগ্রাম",১,Female
০৭৪৯,লায়লা বেগম,১৫০২৯৫১০১৮৬৯,বদিমের রহমান,মাজেদা খাতুন,"লাল মোহন গোমস্তার বাড়ী, উত্তর বগাচতর, বগাচতর, সীতাকুন্ড, চট্টগ্রাম",১,Female
০৭৫০,পারভিন আক্তার,১৫০২৯৫১০১৮৭১,তাজুল ইসলাম,রিজিয়া বেগম,"লাল মোহন গোমার বাড়ী, উত্তর বগাচতর, বগাচতর, সীতাকুন্ড, চট্টগ্রাম",১,Female
০৭৫১,জোসনা আরা বেগম,১৫০২৯৫১০১৮৭৩,আবদুল খালেক,দিল বাহার বেগম,"লাল মোহন গোমস্তকর বাড়ি, উত্তর বগাচতল, বগাচতর, সীতাকুন্ড, চট্টগ্রাম",১,Female
০৭৫২,রহিমা আক্তার,১৫০২৯৫১০১৮৭৫,তোফায়েল আহাম্মদ,ছেমনা আক্তার,"লাল মোহন গোমস্তার বাড়ী, উত্তর বগাচতর, বগাচতর, সীতাকুন্ড, চট্টগ্রাম",১,Female
০৭৫৩,ফখরের জাহান,১৫০২৯৫১০১৮৭৬,আবুল বশর,বিবি জুলেখা,"লাল মোহন গোমস্তা বাড়ী, উত্তর বগাচতর, বগাচতর, সীতাকুন্ড, চট্টগ্রাম৪২চূড়ান্ত ভোটার তালিকাজেলা:চট্টগ্রামউপজেলা:সীতাকুন্ডইউনিয়ন:সৈয়দপুরডাকঘর:কমর আলীভোটার এলাকার কোড: ০২৯৫ভোটার এলাকার নাম: উত্তর বগাচতর",১,Female
০৭৫৪,শাফিয়া আক্তার,১৫০২৯৫১০১৮৭৮,জালাল আহাম্মদ,হালিমা বেগম,"গোলদার বাড়ী, উত্তর বগাচতর, বগাচতর, সীতাকুন্ড, চট্টগ্রাম",১,Female
০৭৫৫,ফয়েজের নেছা,১৫০২৯৫১০১৮৭৯,ছিদ্দিক আহম্মদ,হাছান বানূ,"গোলদার বাড়ী, উত্তর বগাচতর, বগাচতর, সীতাকুন্ড, চট্টগ্রাম",১,Female
০৭৫৬,হাছিনা আক্তার,১৫০২৯৫১০১৮৮০,ওছমান গনি,মমতাজ বেগম,"গোলদার বাড়ী, উত্তর বগাচতর, বগাচতর, সীতাকুন্ড, চট্টগ্রাম",১,Female
০৭৫৭,আছমা বেগম,১৫০২৯৫১০১৮৮৩,ইছহাক মিয়া,মনোয়ারা বেগম,"গোলদার বাড়ী, উত্তর বগাচতর, বগাচতর, সীতাকুন্ড, চট্টগ্রাম",১,Female
০৭৫৮,সাজেদা বেগম,১৫০২৯৫১০১৮৮৬,শাহ আলম,রহিমা খাতুন,"গোলদার বাড়ী, উত্তর বগাচতর, বগাচতর, সীতাকুন্ড, চট্টগ্রাম",১,Female
০৭৫৯,জোছনা আরা বেগম,১৫০২৯৫১০১৮৮৭,আমির ব,সৈয়দা খাতুন,"গোলদার বাড়ী, উত্তর বগাচতর, বগাচতর, সীতাকুন্ড, চট্টগ্রাম",১,Female
০৭৬০,ফিরুজা বেগম,১৫০২৯৫১০১৮৯০,নূর ইসলাম,আিয়া খাতুন,"গোলদার বাড়ী, উত্তর বগাচতর, বগাচতর, সীতাকুন্ড, চট্টগ্রাম",১,Female
০৭৬১,জোছনা আরা বেগম,১৫০২৯৫১০১৮৯১,আবদুল নবী,মামুদা খাতুন,"গোলদার বাড়ী, উত্তর বগাচতর, বগাচতর, সীতাকুন্ড, চট্টগ্রাম",১,Female
০৭৬২,হাছান বানূ,১৫০২৯৫১০১৮৯২,ওবায়দুল হক,আবেদা খাতুন,"গোলদার বাড়ী, উত্তর বগাচতর, বগাচতর, সীতাকুন্ড, চট্টগ্রাম",১,Female
০৭৬৩,হাসান বানূ,১৫০২৯৫১০১৮৯৩,ছেরাদল হক,আমেনা খাতুন,"গোলদার বাড়ী, উত্তর বগাচতর, বগাচতর, সীতাকুন্ড, চট্টগ্রাম",১,Female
০৭৬৪,লায়লা বেগম,১৫০২৯৫১০১৮৯৪,আমিনূল ইসলাম,তাহেরের নেছা,"গোলদার বাড়ী, উত্তর বগাচতর, বগাচতর, সীতাকুন্ড, চট্টগ্রাম",১,Female
০৭৬৫,ফারুল আক্তার,১৫০২৯৫১০১৮৯৫,ছেরাদল হক,আমেনা খাতুন,"গোলদার বাড়ী, উত্তর বগাচতর, বগাচতর, সীতাকুন্ড, চট্টগ্রাম",১,Female
০৭৬৬,রাশেদা আক্তার,১৫০২৯৫১০১৮৯৬,দেলোয়ার হোসেন,হাছিনা বেগম,"গোলদার বাড়ী, উত্তর বগাচতর, বগাচতর, সীতাকুন্ড, চট্টগ্রাম",১,Female
০৭৬৭,ছেমনা আক্তার,১৫০২৯৫১০১৮৯৭,ফয়েজ আহাম্মদ,ছৈয়দা খাতুন,"গোলদান বাড়ী, উত্তর বগাচতর, বগাচতর , সীতাকুন্ড, চট্টগ্রাম",১,Female
০৭৬৮,ছেমনা আফেরাজ,১৫০২৯৫১০১৮৯৯,আবদুর রহমান,জুহুরা খাতুন,"গোলদার বাড়ী, উত্তর বগাচতর, বগাচতর, সীতাকুন্ড, চট্টগ্রাম",১,Female
০৭৬৯,নাছিমা আক্তার,১৫০২৯৫১০১৯০৩,হাফিজুর রহমান,জরিনা খাতুন,"জমাদার বাড়ী, উত্তর বগাচতর, বগাচতর, সীতাকুন্ড, চট্টগ্রাম",১,Female
০৭৭০,বিবি জয়নব,১৫০২৯৫১০১৯০৪,আবু বসর,ফিরোজা বেগম,"জমাদার বাড়ী, উত্তর বগাচতর, বগাচতর, সীতাকুন্ড, চট্টগ্রাম",১,Female
০৭৭১,রেহানা বেগম,১৫০২৯৫১০১৯০৭,মোঃ ফজজুল হক,নূরের নাহার,"জমাদার বাড়ী, উত্তর বগাচতর, বগাচতর, সীতাকুন্ড, চট্টগ্রাম৪৩চূড়ান্ত ভোটার তালিকাজেলা:চট্টগ্রামউপজেলা:সীতাকুন্ডইউনিয়ন:সৈয়দপুরডাকঘর:কমর আলীভোটার এলাকার কোড: ০২৯৫ভোটার এলাকার নাম: উত্তর বগাচতর",১,Female
০৭৭২,রুবিনা আক্তার,১৫০২৯৫১০১৯০৮,শামছুল হুদা,ছালেহা আক্তার,"জমাদার বাড়ী, উত্তর বগাচতর, বগাচতর, সীতাকুন্ড, চট্টগ্রাম০৭৭৩. মাইগ্রেট হয়েছে",১,Female
০৭৭৪,বিবি হালিমা,১৫০২৯৫১০১৯১২,মোহাম্মদ ইসহাক,আনোয়ারা বেগম,"জমাদার বাড়ী, উত্তর বগাচতর, বগাচতর, সীতাকুন্ড, চট্টগ্রাম",১,Female
০৭৭৫,নাজমা আক্তার,১৫০২৯৫১০১৯১৩,আবু তাহের,আনোয়ারা বেগম,"জমাদার বাড়ী, উত্তর বগাচতর, বগাচতর, সীতাকুন্ড, চট্টগ্রাম",১,Female
০৭৭৬,জাহেদা বেগম,১৫০২৯৫১০১৯১৪,নাছির আহাম্মদ,বিবি আমেনা,"জমাদার বাড়ী, উত্তর বগাচতর, বগাচতর, সীতাকুন্ড, চট্টগ্রাম",১,Female
০৭৭৭,মুরশিদা আক্তার,১৫০২৯৫১০১৯১৫,মোঃ নবী উল্যা্যাহ,হোসনে আরা,"জমাদার বাড়ী, উত্তর বগাচতর, বগাচতর, সীতাকুন্ড, চট্টগ্রাম",১,Female
০৭৭৮,নূর জাহান বেগম,১৫০২৯৫১০১৯১৬,আমির ব,আবেদা খাতুন,"জমাদার বাড়ী, উত্তর বগাচতর, বগাচতর, সীতাকুন্ড, চট্টগ্রাম",১,Female
০৭৭৯,ফেরদাউস,১৫০২৯৫১০১৯১৭,সুলতান আহম্মদ,বিবি ফাতেমা,"জমাদার বাড়ী, উ: বগাচতর, বগাচতর, সীতাকুন্ড, চট্টগ্রাম",১,Female
০৭৮০,নূর জাহান বেগম,১৫০২৯৫১০১৯১৮,আব্দুল মালেক,আমেনা খাতুন,"জমাদার বাড়ী, উত্তর বগাচতর, বগাচতর, সীতাকুন্ড, চট্টগ্রাম",১,Female
০৭৮১,হানূফা বেগম,১৫০২৯৫১০১৯২০,আহাদুর রহমান,হোসেনেআরা,"জমাদার বাড়ী, উত্তর বগাচতর, বগাচতর, সীতাকুন্ড, চট্টগ্রাম",১,Female
০৭৮২,নূরের নাহার,১৫০২৯৫১০১৯২১,রফিকের জামান,আবেদা খাতুন,"জমাদার বাড়ী, উত্তর বগাচতর, বগাচতর, সীতাকুন্ড, চট্টগ্রাম",১,Female
০৭৮৩,ফিরোজা বেগম,১৫০২৯৫১০১৯২৩,আবুল খায়ের,মাবিয়া খাতুন,"জমাদার বাড়ী, উত্তর বগাচতর, বগাচতর, সীতাকুন্ড, চট্টগ্রাম",১,Female
০৭৮৪,রিজিয়া বেগম,১৫০২৯৫১০১৯২৪,কুনা মিয়া,দুর্লব মিয়া,"জমাদার বাড়ী, উত্তর বগাচতর, বগাচতর, সীতাকুন্ড, চট্টগ্রাম",১,Female
০৭৮৫,হুরজাহান,১৫০২৯৫১০১৯২৬,মালেক মাার,তাহেরর নছা,"জমাদার বাড়ি, উত্তর বগাচতর, বগাচতর, সীতাকুন্ড, চট্টগ্রাম",১,Female
০৭৮৬,বিবি আছমা,১৫০২৯৫১০১৯২৮,নূরুল হুদা,শামছুন্নাহার,"জমাদার বাড়ী, উত্তর বগাচতর, বগাচতর, সীতাকুন্ড, চট্টগ্রাম",১,Female
০৭৮৭,শামছুন্নাহার,১৫০২৯৫১০১৯২৯,নূর আহাম্মদ,বিয়াধন,"জমাদার বাড়ী, উত্তর বগাচতর, বগাচতর, সীতাকুন্ড, চট্টগ্রাম",১,Female
০৭৮৮,হাসনা বানূ,১৫০২৯৫১০১৯৩১,আবদুল মন্নান,সায়জাহান বেগম,"আবদুল মজিদ কামলার বাঢ়ী, উত্তর বগাচতর, বগাচতর, সীতাকুন্ড, চট্টগ্রাম",১,Female
০৭৮৯,হোসনে আরা বেগম,১৫০২৯৫১০১৯৩২,মনির আহম্মদ,মাজেদা খাতুন,"আবদুল মজিদ কামলার বাড়ী, উত্তর বগাচতর, বগাচতর, সীতাকুন্ড, চট্টগ্রাম৪৪চূড়ান্ত ভোটার তালিকাজেলা:চট্টগ্রামউপজেলা:সীতাকুন্ডইউনিয়ন:সৈয়দপুরডাকঘর:কমর আলীভোটার এলাকার কোড: ০২৯৫ভোটার এলাকার নাম: উত্তর বগাচতর",১,Female
০৭৯০,হাসনা আক্তার,১৫০২৯৫১০১৯৩৩,নূর আহমদ,ফিরুজা বেগম,"আবদুর মজিদ কামলার বাড়ি, উত্তর বগাচতর, বগাচতর, সীতাকুন্ড, চট্টগ্রাম",১,Female
০৭৯১,সোলতানা রাজিয়া,১৫০২৯৫১০১৯৩৪,মুকতার আহাম্মদ,হোসনে আরা বেগম,"আবদুল মজিদ কামলার বাড়ী, উত্তর বগাচতর, বগাচতর, সীতাকুন্ড, চট্টগ্রাম",১,Female
০৭৯২,নূর জাহান বেগম,১৫০২৯৫১০১৯৩৫,আবদুল নবী,মাহমুদা খাতুন,"আবদুল মজিদ কামলার বাড়ী, উ: বগাচতর, বগাচতর, সীতাকুন্ড, চট্টগ্রাম",১,Female
০৭৯৩,বিবি জুলেখা,১৫০২৯৫১০১৯৩৬,মুছা মিঞা,লায়লা বেগম,"আব্দুল মজিদ কামলার বাড়ী, উত্তর বগাচতর, বগাচতর, সীতাকুন্ড, চট্টগ্রাম",১,Female
০৭৯৪,জোছনা আরা বেগম,১৫০২৯৫১০১৯৩৭,ফয়েজ আহাম্মদ,হায়াতের নেছা,"আবদুল মজিদ কামলার বাড়ী, উত্তর বগাচতর, বগাচতর, সীতাকুন্ড, চট্টগ্রাম",১,Female
০৭৯৫,রোশনে আরা বেগম,১৫০২৯৫১০১৯৩৮,আবদুল মান্নান,নূর নাহার বেগম,"আবদুল মজিদ কামলার বাড়ী, উত্তর বগাচতর, বগাচতর, সীতাকুন্ড, চট্টগ্রাম",১,Female
০৭৯৬,দিলুয়ারা বেগম,১৫০২৯৫১০১৯৩৯,মফিজুর রহমান,মাবিয়া খাতুন,"আবদুল মজিদ কামলার বাড়ী, উত্তর বগাচতর, বগাচতর, সীতাকুন্ড, চট্টগ্রাম",১,Female
০৭৯৭,শিরিনা আক্তার,১৫০২৯৫১০১৯৪৫,শামসুল হুদা,কহিনূর বেগম,"গোলদার বাড়ী, উ: বগাচতর, বগাচতর, সীতাকুন্ড, চট্টগ্রাম",১,Female
০৭৯৮,সাজেদা আক্তার,১৫০২৯৫১০১৯৪৬,রোশনের জামান,ছালেমা বেগম,"গোলদার বাড়ী, উত্তর বগাচতর, বগাচতর, সীতাকুন্ড, চট্টগ্রাম",১,Female
০৭৯৯,ছেনোয়ারা বেগম,১৫০২৯৫১০১৯৪৭,নূরুল হুদা,হাবাধন,"গোলদার বাড়ি, উত্তর বগাচতর, বগাচতর, সীতাকুন্ড, চট্টগ্রাম",১,Female
০৮০০,আমেনা খাতুন,১৫০২৯৫১০১৯৫০,রুস্তম আলী,আবিদা খাতুন,"গোলদার বাড়ী, উত্তর বগাচতর, বগাচতর, সীতাকুন্ড, চট্টগ্রাম",১,Female
০৮০১,ফেরদৌস আরা বেগম,১৫০২৯৫১০১৯৫৪,নূর মোস্তফা,নূর জাহান বেগম,"গোলদার বাড়ি, উত্তর বগাচতর, বগাচতর, সীতাকুন্ড, চট্টগ্রাম",১,Female
০৮০২,া ইভা,১৫০২৯৫১০১৯৫৯,আবুল কালাম,জোছনা আক্তার,"গোলদার বাড়ি, উত্তর বগাচতর, বগাচতর, সীতাকুন্ড, চট্টগ্রাম",১,Female
০৮০৩,ছেমনা আক্তার,১৫০২৯৫১০১৯৬০,ছেরাদল হক,পি,"গোলদার বাড়ী, উত্তর বগাচতর, বগাচতর, সীতাকুন্ড, চট্টগ্রাম",১,Female
০৮০৪,বিবি রহিমা,১৫০২৯৫১০১৯৬১,আমিনূল হক,চা মিয়া,"গোলদার বাড়ী, উত্তর বগাচতর, বগাচতর, সীতাকুন্ড, চট্টগ্রাম",১,Female
০৮০৫,সাজেদা বেগম,১৫০২৯৫১০১৯৬২,আমিরের জামান,জামাল খাতুন,"হাসমত আলী মিস্তী বাড়ী, উত্তর বগাচতর, বগাচতর, সীতাকুন্ড, চট্টগ্রাম",১,Female
০৮০৬,রিজিয়া আক্তার,১৫০২৯৫১০১৯৬৩,মোঃ ইিছ,ছারেমা বেগম,"হাসমত আলী মেস্তরী বাড়ী, উত্তর বগাচতর, বগাচতর, সীতাকুন্ড, চট্টগ্রাম",১,Female
০৮০৭,সালমা আক্তার,১৫০২৯৫১০১৯৬৪,দেলাল আহম্মদ,মনজুরা খাতুন,"হাসমত আলী মেস্তরী বাড়ী, উত্তর বগাচতর, বগাচতর, সীতাকুন্ড, চট্টগ্রাম৪৫চূড়ান্ত ভোটার তালিকাজেলা:চট্টগ্রামউপজেলা:সীতাকুন্ডইউনিয়ন:সৈয়দপুরডাকঘর:কমর আলীভোটার এলাকার কোড: ০২৯৫ভোটার এলাকার নাম: উত্তর বগাচতর",১,Female
০৮০৮,জহুরা খাতুন,১৫০২৯৫১০১৯৬৫,আবদুল হক,কুলছুমা খাতুন,"হাসমত আলী মোস্তফা বাড়ি, উত্তর বগাচতর, বগাচতর, সীতাকুন্ড, চট্টগ্রাম",১,Female
০৮০৯,রেহেনা আক্তার,১৫০২৯৫১০১৯৬৬,নূরুল আলম,আছিয়া খাতুন,"হাসমত আলী মিস্তী বাড়ী, উত্তর বগাচতর, বগাচতর, সীতাকুন্ড, চট্টগ্রাম",১,Female
০৮১০,সুরাইয়া পারভীন,১৫০২৯৫১০১৯৭১,রফিকুল আলম,লুৎফুর নাহার,"রাজা মিয়া বাড়ী, উত্তর বগাচতর, বগাচতর, সীতাকুন্ড, চট্টগ্রাম",১,Female
০৮১১,ছিকধন বিয়া,১৫০২৯৫১০১৯৭৬,আসত আলী,মমতাজ মিয়া,"লাল মোহন গোমস্তার বাড়ী, উত্তর বগাচতর, বগাচতর, সীতাকুন্ড, চট্টগ্রাম",১,Female
০৮১২,চশমা আরা বেগম,১৫০২৯৫১০১৯৭৭,হাজী তাজুল ইসলাম,ওহিদেন্নেছা,"লাল মোহন গোমস্তার বাড়ী, উত্তর বগাচতর, বগাচতর, সীতাকুন্ড, চট্টগ্রাম",১,Female
০৮১৩,ছেমনা আফরোজ,১৫০২৯৫১০১৯৭৮,মকবুল আহাম্মদ,মামছুন্নাহার,"লাল মোহন গোমস্তার বাড়ী, উত্তর বগাচতর, বগাচতর, সীতাকুন্ড, চট্টগ্রাম",১,Female
০৮১৪,শাহিনূর আক্তার,১৫০২৯৫১০১৯৮০,আনিছুল হক,নূরের নাহার,"আবদুল মজিদ কামলার বাড়ী, উত্তর বগাচতর, বগাচতর, সীতাকুন্ড, চট্টগ্রাম",১,Female
০৮১৫,সেলিনা আক্তার,১৫০২৯৫১০১৯৮১,আরেছ মিঞা,মেহেরুন্নেছা,"আবদুল মজিদ বাড়ী, উত্তর বগাচতর, বগাচতর, সীতাকুন্ড, চট্টগ্রাম",১,Female
০৮১৬,ফিরোজা আক্তার,১৫০২৯৫১০১৯৮৪,আহাম্মদ ছোবহান,বুতু বেগম,"মাঝির বাড়ী, উত্তর বগাচতর, বগাচতর, সীতাকুন্ড, চট্টগ্রাম",১,Female
০৮১৭,শাহানা আক্তার,১৫০২৯৫১০১৯৮৫,জয়নাল আবেদীন,বিবি ছকিনা,"ফকির বাড়ী, উত্তর বগাচতর, বগাচতর, সীতাকুন্ড, চট্টগ্রাম",১,Female
০৮১৮,রেহানা আক্তার,১৫০২৯৫১০১৯৮৬,মনির আহম্মদ,আিয়া খাতুন,"ফকির বাড়ী, উত্তর বগাচতর, বগাচতর, সীতাকুন্ড, চট্টগ্রাম",১,Female
০৮১৯,ছেমনা আফরোজ,১৫০২৯৫১০১৯৮৭,বাজিদের রহমান,আনোয়ারা বেগম,"ফকির বাড়ী, উত্তর বগাচতর, বগাচতর, সীতাকুন্ড, চট্টগ্রাম",১,Female
০৮২০,জোছনা আক্তার,১৫০২৯৫১০১৯৮৯,খলিল আহম্মদ,ছেমনা আফরোজ,"ফকির বাড়ী, উত্তর বগাচতর, বগাচতর, সীতাকুন্ড, চট্টগ্রাম",১,Female
০৮২১,কহিনূর বেগম,১৫০২৯৫১০১৯৯০,বশির আহাম্মদ,তাহেরের নেছা,"ফকিরবাড়ী, উত্তর বগাচতর, বগাচতর, সীতাকুন্ড, চট্টগ্রাম",১,Female
০৮২২,শাহিনূর বেগম,১৫০২৯৫১০১৯৯৫,রেনূ মিঞা,রাশেদা খাতুন,"লামি ভুঁইয়া বাড়ী, উত্তর বগাচতর, বগাচতর, সীতাকুন্ড, চট্টগ্রাম",১,Female
০৮২৩,ছালেহা বেগম,১৫০২৯৫১০১৯৯৬,হাজী সোনা খাতুন,জামেলা খাতুন,"লমি ভুঁইয়ার বাড়ী, উত্তর বগাচতর, বগাচতর, সীতাকুন্ড, চট্টগ্রাম",১,Female
০৮২৪,শরিফা বেগম,১৫০২৯৫১০১৯৯৮,কবির আহাম্মদ,আনোয়ারা বেগম,"ইিছ মিঞা বাড়ী, উত্তর বগাচতর, বগাচতর, সীতাকুন্ড, চট্টগ্রাম",১,Female
০৮২৫,ফাতেমা আক্তার,১৫০২৯৫১০২০০৬,শামছুল আলম,লায়লা বেগম,"গোলদার বাড়ি, উত্তর বগাচতর, বগাচতর, সীতাকুন্ড, চট্টগ্রাম৪৬চূড়ান্ত ভোটার তালিকাজেলা:চট্টগ্রামউপজেলা:সীতাকুন্ডইউনিয়ন:সৈয়দপুরডাকঘর:কমর আলীভোটার এলাকার কোড: ০২৯৫ভোটার এলাকার নাম: উত্তর বগাচতর",১,Female
০৮২৬,শাহানাজ বেগম,১৫০২৯৫১০২০২৩,জালাল আহম্মদ,হালিমা খাতুন,"ফকির বাড়ী, উত্তর বগাচতর, বগাচতর, সীতাকুন্ড, চট্টগ্রাম",১,Female
০৮২৭,বিবি আকলিমা,১৫০২৯৫১০২০২৪,খলিলুর রহমান,ছেমনা আফরোজ,"ফকির বাড়ী, উত্তর বগাচতর, বগাচতর, সীতাকুন্ড, চট্টগ্রাম",১,Female
০৮২৮,রাজ লী জলদাস,১৫০২৯৫১০২০৩৫,ধন রন জলদাস,গঙ্গারানী জলদাস,"উত্তর বগাচতর জলদাস বাড়ী, উত্তর বগাচতর, বগাচতর, সীতাকুন্ড, চট্টগ্রাম",১,Female
০৮২৯,মংগলী বালা জলদাস,১৫০২৯৫১০২০৩৮,হরি মহন জলদাস,পা রানী জলদাস,"জলদাস পাড়া, উত্তর বগাচতর, বগাচতর, সীতাকুন্ড, চট্টগ্রাম",১,Female
০৮৩০,পান্না আক্তার,১৫০২৯৫১০২০৩৯,মাহাবুল হক,হাছিনা আক্তার,"গোলাদার বাড়ী, উত্তর বগাচতর, বগাচতর, সীতাকুন্ড, চট্টগ্রাম",১,Female
০৮৩১,আকলিমা বেগম,১৫০২৯৫১০২০৪১,আবুল কাশেম,শায়েস্তা বেগম,"গোলদার বাড়ী, উত্তর বগাচতর, বগাচতর, সীতাকুন্ড, চট্টগ্রাম",১,Female
০৮৩২,রাশেদা আক্তার,১৫০২৯৫১০২০৪২,ইাহিম,রহিমা বেগম,"গোলদার বাড়ী, উত্তর বগাচতর, বগাচতর, সীতাকুন্ড, চট্টগ্রাম",১,Female
০৮৩৩,খালেদা আক্তার,১৫০২৯৫১০২০৪৩,বেলায়েত হোসেন,ফিরদৌস আরা,"গোলজার বাড়ী, উত্তর বগাচতর, বগাচতর, সীতাকুন্ড, চট্টগ্রাম",১,Female
০৮৩৪,সুর জাহান,১৫০২৯৫১০২০৪৪,নূর মোস্তফা,ছেমনা আক্তার,"গোলদার বাড়ী, উত্তর বগাচতর, বগাচতর, সীতাকুন্ড, চট্টগ্রাম",১,Female
০৮৩৫,জোসনা আক্তার,১৫০২৯৫১০২০৪৬,নূরুল হুদা,সাজেদা বেগম,"হাসমত আলী মেস্ত্রী বাড়ী, উত্তর বগাচতর, বগাচতর, সীতাকুন্ড, চট্টগ্রাম",১,Female
০৮৩৬,হাছিনা আক্তার,১৫০২৯৫১০২০৪৭,আবুল কালাম,সালমা আক্তার,"হাসমত আলী মাার বাড়ী, উত্তর বগাচতর, বগাচতর, সীতাকুন্ড, চট্টগ্রাম",১,Female
০৮৩৭,নাছিমা আক্তার,১৫০২৯৫১০২০৪৮,আবুল কালাম,সালমা খাতুন,"হাসমত আলী মিস্ত্রী বাড়ী, উত্তর বগাচতর, বগাচতর, সীতাকুন্ড, চট্টগ্রাম",১,Female
০৮৩৮,ছবুরা খাতুন,১৫০২৯৫১০২০৫১,মনির আহম্মদ,আিয়া খাতুন,"লাল মোহন গোমস্তা বাড়ী, উত্তর বগাচতর, বগাচতর, সীতাকুন্ড, চট্টগ্রাম",১,Female
০৮৩৯,রেহানা আক্তার,১৫০২৯৫১০২০৫৩,ছেরাদল হক,আপিয়া খাতুন,"লাল মোহন গোমস্তার বাড়ী, উত্তর বগাচতর, বগাচতর, সীতাকুন্ড, চট্টগ্রাম",১,Female
০৮৪০,রাসেদা আক্তার,১৫০২৯৫১০২০৫৪,নূর মোস্তফা,রেহেনা আক্তার,"লাল মোহন গোমস্তা বাড়ী, উত্তর বগাচতর, বগাচতর, সীতাকুন্ড, চট্টগ্রাম০৮৪১. মাইগ্রেট হয়েছে",১,Female
০৮৪২,রোমেনা আক্তার,১৫০২৯৫১০২০৫৯,বদিউল আলম ভুঁঞা,ফিরোজা বেগম,"ছালেহ আহম্মদ চৌং বাড়ী, উত্তর বগাচতর, বগাচতর, সীতাকুন্ড, চট্টগ্রাম",১,Female
০৮৪৩,জাহেদা আক্তার,১৫০২৯৫১০২০৬১,আবদুল মালেক,দেল আফরোজ বেগম,"লাল মোহন গোমস্তার বাড়ী, উত্তর বগাচতর, বগাচতর, সীতাকুন্ড, চট্টগ্রাম৪৭চূড়ান্ত ভোটার তালিকাজেলা:চট্টগ্রামউপজেলা:সীতাকুন্ডইউনিয়ন:সৈয়দপুরডাকঘর:কমর আলীভোটার এলাকার কোড: ০২৯৫ভোটার এলাকার নাম: উত্তর বগাচতর",১,Female
০৮৪৪,রাবিয়া খাতুন,১৫০২৯৫১০২০৬৩,আবদুল হাই,আবেদা খাতুন,"লাল মোহন গোমস্তার বাড়ী, উত্তর বগাচতর, বগাচতর, সীতাকুন্ড, চট্টগ্রাম",১,Female
০৮৪৫,সুরমা আক্তার,১৫০২৯৫১০২০৬৪,খোরশেদ আলম,জাহেদা আক্তার,"লাল মোহন গোমস্তার বাড়ী, উত্তর বগাচতর, বগাচতর, সীতাকুন্ড, চট্টগ্রাম",১,Female
০৮৪৬,মারুফা আক্তার,১৫০২৯৫১০২০৬৫,ইিছ মিঞা,শরিফা বেগম,"ইিছ সওদাগর বাড়ী, উত্তর বগাচতর, বগাচতর, সীতাকুন্ড, চট্টগ্রাম",১,Female
০৮৪৭,জুলিয়া আক্তার,১৫০২৯৫১০২০৬৬,ইিছ মিঞা,শরিফা বেগম,"ইিছ সওদাগর বাড়ী, উত্তর বগাচতর, বগাচতর, সীতাকুন্ড, চট্টগ্রাম",১,Female
০৮৪৮,সাবিনা ইয়াসমিন,১৫০২৯৫১০২০৭৭,মোঃ শাহ আলম,আসমা আরা বেগম,"শাহ আলম মাার বাড়ী, উত্তর বগাচতর, বগাচতর, সীতাকুন্ড, চট্টগ্রাম",১,Female
০৮৪৯,উম্মে হাবিবা বেগম চৌধুরী,১৫০২৯৫১০২০৮৫,শহীদ এ বি এম আমিন শরীফ চৌধুরী,বেগম নূরুল আরওয়া চৌধুরী,"কমর আলী, প্রকাশ হেঁদা ভূইয়া বাড়ী / হাজী আহমদুর রহমান ভূইয়া, উ: বগচতর, সীতাকুন্ড, চট্টগ্রাম",১,Female
০৮৫০,কোহিনূর বেগম বেবী,১৫০২৯৫১০২০৯৩,মকবুল হোসোন,দেল আফরোজ বেগম,"হেদু ভইয়া বাড়ী প্রকাশ , হাজী আহমুদর রহমান ভূইয়া বা, উ: বগাচতর, বগাচতর, সীতাকুন্ড, চট্টগ্রাম",১,Female
০৮৫১,মনোয়ারা বেগম,১৫০২৯৫১০২১৭১,জালাল আহাম্মদ,জরিনা খাতুন,"আনোয়ার আলী বাড়ী, উত্তর বগাচতর, বগাচতর, সীতাকুন্ড, চট্টগ্রাম",১,Female
০৮৫২,বিবি আয়েশা,১৫০২৯৫১০২১৭২,নেছার আহাম্মদ,বিবি ছকিনা,"কেরামত আলী বাড়ী, উত্তর বগাচতর, বগাচতর, সীতাকুন্ড, চট্টগ্রাম",১,Female
০৮৫৩,বিবি হাজেরা,১৫০২৯৫১০২১৭৪,হাবিবের রহমান,মাজেদা খাতুন,"লাল মোহাম্মদ গোমস্তার বাড়ী, উত্তর বগাচতর, বগাচতর, সীতাকুন্ড, চট্টগ্রাম",১,Female
০৮৫৪,হাছিনা আক্তার,১৫০২৯৫১০২১৭৫,আবু মুছা,বিবি হাজেরা,"লাল মোহাম্মদ গোমস্তা বাড়ী, উত্তর বগাচতর, বগাচতর, সীতাকুন্ড, চট্টগ্রাম",১,Female
০৮৫৫,ছকিনা বেগম,১৫০২৯৫১০২১৭৭,বজলের ছোবহান,বিবি ফাতেমা,"হাফেজ রবিউল হোছাইন বাড়ী, উত্তর বগাচতর, বগাচতর, সীতাকুন্ড, চট্টগ্রাম",১,Female
০৮৫৬,মজর্িনা আক্তার,১৫০২৯৫১০২১৮০,হুমায়ন কবির,বিবি আমেনা,"রাজা মিয়া চৌধুরী বাড়ি, উত্তর বগাচতর, বগাচতর, সীতাকুন্ড, চট্টগ্রাম",১,Female
০৮৫৭,শাহানা বেগম,১৫০২৯৫১০২১৮২,সফি উল্যা্যাহ,জাহেদা খাতুন,"রাজা মিয়া চৌধুরী, উত্তর বগাচতর, বগাচতর, সীতাকুন্ড, চট্টগ্রাম",১,Female
০৮৫৮,রহিমা বেগম,১৫০২৯৫১০২১৮৪,আমিনূল হক,মেহের আফরোজ,"রাজা মিয়া চৌধুরী বাড়ী, উত্তর বগাচতর, বগাচতর, সীতাকুন্ড, চট্টগ্রাম",১,Female
০৮৫৯,ফাহিমা আক্তার,১৫০২৯৫১০২১৯০,খন্দাকার জামাল উদ্দীন,লায়লা জামাল,"ওমর খঁা পাঠান বাড়ী, উত্তর বগাচতর, বগাচতর, সীতাকুন্ড, চট্টগ্রাম",১,Female
০৮৬০,ছকিনা খাতুন,১৫০২৯৫১০২১৯১,মোখলেছুর রহমান,সফিউন্নেছা,"ওমর খঁা পাঠান বাড়ী, উত্তর বগাচতর, বগাচতর, সীতাকুন্ড, চট্টগ্রাম",১,Female
০৮৬১,রেহেনা আক্তার,১৫০২৯৫১০২১৯২,আবুল কাশেম,দেল আফরোজ বেগম,"ওমর খঁা পাঠান বাড়ী, উত্তর বগাচতর, বগাচতর, সীতাকুন্ড, চট্টগ্রাম৪৮চূড়ান্ত ভোটার তালিকাজেলা:চট্টগ্রামউপজেলা:সীতাকুন্ডইউনিয়ন:সৈয়দপুরডাকঘর:কমর আলীভোটার এলাকার কোড: ০২৯৫ভোটার এলাকার নাম: উত্তর বগাচতর",১,Female
০৮৬২,সাহেরা বানূ,১৫০২৯৫১০২১৯৩,ওমর খৈয়াম,হাছিনা বেগম,"ওমর খঁা পাঠান বাড়ী, উত্তর বগাচতর, বগাচতর, সীতাকুন্ড, চট্টগ্রাম",১,Female
০৮৬৩,মাহমুদা আক্তার,১৫০২৯৫১০২১৯৪,মোয়াজ্জেম হোসেন,ছেমনা আফরোজ,"ওমর খঁা পাঠান বাড়ী, উত্তর বগাচতর, বগাচতর, সীতাকুন্ড, চট্টগ্রাম",১,Female
০৮৬৪,নাজমা আক্তার,১৫০২৯৫১০২১৯৮,এনামুল হক,ছলিমা খাতুন,"রাজা মিয়া চৌধুরী বাড়ী, উত্তর বগাচতর, বগাচতর, সীতাকুন্ড, চট্টগ্রাম",১,Female
০৮৬৫,খালেদা আক্তার,১৫০২৯৫১০২১৯৯,নূরুল মোস্তফা,ছুফিয়া বেগম,"রাজা মিয়া চৌধুরী বাড়ী, উত্তর বগাচতর, বগাচতর, সীতাকুন্ড, চট্টগ্রাম",১,Female
০৮৬৬,কহিনূর বেগম,১৫০২৯৫১০২২০৩,আবদুল্যাাহ,ছকিনা খাতুন,"ওমর খঁা পাঠান বাড়ী, উত্তর বগাচতর, বগাচতর, সীতাকুন্ড, চট্টগ্রাম",১,Female
০৮৬৭,মোছাম্মৎ রোজিনা আক্তার,১৫০২৯৫১০২২০৫,মোহাম্মদ আবু বর ছিদ্দিক,ফিরোজা বেগম,"ওমর খঁা পাঠান বাড়ী, উত্তর বগাচতর, বগাচতর, সীতাকুন্ড, চট্টগ্রাম",১,Female
০৮৬৮,রিজিয়া বেগম,১৫০২৯৫১০২২০৬,মোহাম্মদ ইসহাক মিয়া,নূর খাতুন,"রাজা মিয়া চৌধুরী বাড়ী, উত্তর বগাচতর, বগাচতর, সীতাকুন্ড, চট্টগ্রাম",১,Female
০৮৬৯,আফিয়া খাতুন,১৫০২৯৫১০২২০৭,নূরুল হক,আমেনা খাতুন,"রাজা মিয়া চৌধুরী বাড়ী, উত্তর বগাচতর, বগাচতর, সীতাকুন্ড, চট্টগ্রাম",১,Female
০৮৭০,নূর নাহার,১৫০২৯৫১০২২০৮,আমির হোসেন,আনা খাতুন,"রাজা মিয়া চৌধুরী বাড়ী, উত্তর বগাচতর, বগাচতর, সীতাকুন্ড, চট্টগ্রাম",১,Female
০৮৭১,আয়েশা খাতুন,১৫০২৯৫১০২২১১,ছালামত উল্যাহ,মমতাজ,"রাজা মিয়া চৌধুরী বাড়ী, উত্তর বগাচতর, বগাচতর, সীতাকুন্ড, চট্টগ্রাম",১,Female
০৮৭২,মাসুদা আক্তার,১৫০২৯৫১০২২১৩,ফজলুল হক,হোসনা আরা বেগম,"রাজা মিঞা চৌধুরী বাড়ী, উত্তর বগাচতর, বগাচতর, সীতাকুন্ড, চট্টগ্রাম",১,Female
০৮৭৩,আরজুমান আরা বেগম,১৫০২৯৫১০২২১৪,মোঃ আনোয়ারুল আজিম,আয়েশা খাতুন,"রাজা মিয়া চৌধুরী বাড়ি, উত্তর বগাচতর, বগাচতর, সীতাকুন্ড, চট্টগ্রাম",১,Female
০৮৭৪,বিবি রহিমা,১৫০২৯৫১০২২১৮,আলিউজ্জামান,শামছুন্নাহার,"রাজা মিয়া চৌধুরী বাড়ী, উত্তর বগাচতর, বগাচতর, সীতাকুন্ড, চট্টগ্রাম",১,Female
০৮৭৫,ফেরদৌস আরা বেগম,১৫০২৯৫১০২২২১,আমির আহম্মদ,হামেনা খাতুন,"রাজা মিয়া চৌধুরী বাড়ী, উত্তর বগাচতর, বগাচতর, সীতাকুন্ড, চট্টগ্রাম",১,Female
০৮৭৬,রাজিয়া সোলতানা,১৫০২৯৫১০২২২২,মোঃ শামছুল আলম,ফেরদৌস আরা বেগম,"রাজা মিয়া চৌধুরীর বাড়ী, উত্তর বগাচতর, বগাচতর, সীতাকুন্ড, চট্টগ্রাম",১,Female
০৮৭৭,রাশেদা আক্তার,১৫০২৯৫১০২২২৩,মোঃ শামছুল হুদা,ফেরদৌস আরা বেগম,"রাজা মিয়া চৌধুরী বাড়ী, উত্তর বগাচতর, বগাচতর, সীতাকুন্ড, চট্টগ্রাম",১,Female
০৮৭৮,শাম্মী আক্তার,১৫০২৯৫১০২২২৫,নূরুল মোস্তফা,শাহেদা বেগম,"রাজা মিয়া চৌধুরী বাড়ী, উত্তর বগাচতর, বগাচতর, সীতাকুন্ড, চট্টগ্রাম",১,Female
০৮৭৯,ছালেহা বেগম,১৫০২৯৫১০২২২৬,রেনূ মিয়া,সফিউন্নেসা,"রাজা মিয়া চৌধুরী বাড়ী, উত্তর বগাচতর, বগাচতর, সীতাকুন্ড, চট্টগ্রাম৪৯চূড়ান্ত ভোটার তালিকাজেলা:চট্টগ্রামউপজেলা:সীতাকুন্ডইউনিয়ন:সৈয়দপুরডাকঘর:কমর আলীভোটার এলাকার কোড: ০২৯৫ভোটার এলাকার নাম: উত্তর বগাচতর",১,Female
০৮৮০,শাহীন সুলতানা,১৫০২৯৫১০২২২৭,শাহজাহান,শরিফা বেগম,"রাজা মিয়া চৌধুরী বাড়ী, উত্তর বগাচতর, বগাচতর, সীতাকুন্ড, চট্টগ্রাম",১,Female
০৮৮১,ছালমা আক্তার,১৫০২৯৫১০২২২৮,শামছুদ্দোহা,মাজেদা খাতুন,"রাজা মিয়া চোধুরী বাড়ী, উত্তর বগাচতর, বগাচতর, সীতাকুন্ড, চট্টগ্রাম০৮৮২. মাইগ্রেট হয়েছে",১,Female
০৮৮৩,জাহানারা বেগম,১৫০২৯৫১০২২৩০,ছালামত উল্যাহ,খায়রুন নেছা,"রাজা মিয়া চৌধুরী বাড়ী, উত্তর বগাচতর, বগাচতর, সীতাকুন্ড, চট্টগ্রাম",১,Female
০৮৮৪,নূর বানূ,১৫০২৯৫১০২২৩১,আবুল বশর,জাহানারা বেগম,"রাজা মিয়া চৌধুরী বাড়ী, উত্তর বগাচতর, বগাচতর, সীতাকুন্ড, চট্টগ্রাম",১,Female
০৮৮৫,রাশেদা আক্তার,১৫০২৯৫১০২২৩৬,রোশনেজ্জমান,মনোয়ারা বেগম,"রাজা মিয়া চৌধুরী বাড়ী, উত্তর বগাচতর, বগাচতর, সীতাকুন্ড, চট্টগ্রাম",১,Female
০৮৮৬,জাহেদা বেগম,১৫০২৯৫১০২২৩৭,নূরুল হুদা,সাফিউন্নেছা,"রাজা মিয়া চৌধুরী বাড়ী, উত্তর বগাচতর, বগাচতর, সীতাকুন্ড, চট্টগ্রাম",১,Female
০৮৮৭,আয়েশা খাতুন,১৫০২৯৫১০২২৩৮,মোখলেছুর রহমান,ছুফিয়া খাতুন,"রাজা মিয়া চৌধুরী বাড়ী, উত্তর বগাচতর, বগাচতর, সীতাকুন্ড, চট্টগ্রাম",১,Female
০৮৮৮,জোবেদা আক্তার,১৫০২৯৫১০২২৩৯,আবুল কাশেম,আয়েশা খাতুন,"রাজা মিয়া চৌধুরী, উত্তর বগাচতর, বগাচতর, সীতাকুন্ড, চট্টগ্রাম",১,Female
০৮৮৯,আমাতুন নূর,১৫০২৯৫১০২২৪০,ছৈয়দুল হক,ওহিদেন্নেছা,"রাজামিয়া ছৌধুরি বাড়ী, উ: বগাচতর, বগাচতর, সীতাকুন্ড, চট্টগ্রাম",১,Female
০৮৯০,আফিয়া খাতুন,১৫০২৯৫১০২২৪৪,আহমেদের রহমান,রাবেয়া খাতুন,"রাজা মিয়া চৌধুরী বাড়ী, উত্তর বগাচতর, বগাচতর, সীতাকুন্ড, চট্টগ্রাম",১,Female
০৮৯১,সাজেদা আক্তার,১৫০২৯৫১০২২৪৫,জহুরুল হক,ছাবেরা খাতুন,"রাজা মিয়া চৌধুরী, উত্তর বগাচতর, বগাচতর, সীতাকুন্ড, চট্টগ্রাম",১,Female
০৮৯২,মাইনূর বেগম,১৫০২৯৫১০২২৪৬,অজন মিয়া,জরিনা খাতুন,"রাজা মিয়া চৌধুরী বাড়ী, উত্তর বগাচতর, বগাচতর, সীতাকুন্ড, চট্টগ্রাম",১,Female
০৮৯৩,কামরু ন্নাহার,১৫০২৯৫১০২২৪৭,মজিবুল হক,আফিয়া খাতুন,"রাজা মিয়া চোধুরী বাড়ী, উত্তর বগাচতর, বগাচতর, সীতাকুন্ড, চট্টগ্রাম",১,Female
০৮৯৪,আফরোজা বেগম,১৫০২৯৫১০২২৪৮,খুরশেদ আলম,আয়শা খাতুন,"রাজা মিয়া চৌধুরী বাড়ী, উত্তর বগাচতর, বগাচতর, সীতাকুন্ড, চট্টগ্রাম",১,Female
০৮৯৫,আয়েশা আক্তার,১৫০২৯৫১০২২৫০,মাহবুবুল হক,লায়লা বেগম,"রাজা মিয়া চৌধুরী বাড়ী, উত্তর বগাচতর, বগাচতর, সীতাকুন্ড, চট্টগ্রাম",১,Female
০৮৯৬,লুৎফুন নেছা,১৫০২৯৫১০২২৫১,নূরজ্জমান,হাবেজা খাতুন,"রাজা মিয়া চৌধুরী বাড়ী, উত্তর বগাচতর, বগাচতর, সীতাকুন্ড, চট্টগ্রাম",১,Female
০৮৯৭,জাহানারা বেগম,১৫০২৯৫১০২২৫৬,সফিউল হক,ফাতেমা,"হাফেজ রবিউল হোছেন বাড়ী, উত্তর বগাচতর, বগাচতর, সীতাকুন্ড, চট্টগ্রাম৫০চূড়ান্ত ভোটার তালিকাজেলা:চট্টগ্রামউপজেলা:সীতাকুন্ডইউনিয়ন:সৈয়দপুরডাকঘর:কমর আলীভোটার এলাকার কোড: ০২৯৫ভোটার এলাকার নাম: উত্তর বগাচতর",১,Female
০৮৯৮,খালেদা আক্তার,১৫০২৯৫১০২২৫৭,এনামুল হক,বিবি ফাতেমা,"হাফেজ রবিউল হোছাইন বাড়ী, উত্তর বগাচতর, বগাচতর, সীতাকুন্ড, চট্টগ্রাম",১,Female
০৮৯৯,বিবি আলেয়া,১৫০২৯৫১০২২৫৯,মজুর উল্যাহ,মাসুদা খাতুন,"হাফেজ বদিউল হোসেন বাড়ী, উত্তর বগাচতর, বগাচতর, সীতাকুন্ড, চট্টগ্রাম",১,Female
০৯০০,ফরিদা বেগম,১৫০২৯৫১০২২৬০,আবদু রজব,আমিরের নেছা,"হাফেজ রবিউল(হোসাইন বাড়ী), উ: বগাচতর, বগাচতর, সীতাকুন্ড, চট্টগ্রাম",১,Female
০৯০১,হোছনে আরা বেগম,১৫০২৯৫১০২২৬১,খুরশিদ আলম,ফায়াতুন নেছা,"হাফেজ রবিউল হোছাইন বাড়ী, উত্তর বগাচতর, বগাচতর, সীতাকুন্ড, চট্টগ্রাম",১,Female
০৯০২,শাহানা আক্তার,১৫০২৯৫১০২২৬৪,মো: কলিম উল্যাহ,রৈয়ছা খাতুন,"হাফেজ রবিউল হোছাইন বাড়ী, উ: বগাচতর, বগাচতর, সীতাকুন্ড, চট্টগ্রাম",১,Female
০৯০৩,আছমা বেগম,১৫০২৯৫১০২২৭২,নূর ব,বিবি রহিমা,"মৌলভী মোছানূজুমা বাড়ী, উত্তর বগাচতর, বগাচতর, সীতাকুন্ড, চট্টগ্রাম",১,Female
০৯০৪,হাজেরা খাতুন,১৫০২৯৫১০২২৭৩,সোনা মিয়া,বিবি আমেনা,"মৌঃ হোছানূজ্জামান বাড়ী, উত্তর বগাচতর, বগাচতর, সীতাকুন্ড, চট্টগ্রাম",১,Female
০৯০৫,রাশেদা আক্তার,১৫০২৯৫১০২২৭৫,নূরুল আমিন,ফিরোজা বেগম,"মৌলভী হোছাইনূজ্জমান বাড়ী, উত্তর বগাচতর, বগাচতর, সীতাকুন্ড, চট্টগ্রাম",১,Female
০৯০৬,হাসিনা আক্তর,১৫০২৯৫১০২২৭৭,আবুল কালাম,হাজেরা খাতুন,"মৌঃ হোছাইনূজ্জামান বাড়ী, উত্তর বগাচতর, বগাচতর, সীতাকুন্ড, চট্টগ্রাম",১,Female
০৯০৭,নূর জাহান বেগম,১৫০২৯৫১০২২৭৯,হারেছ আহাম্মদ,তাহেরুন্নেছা,"ধন কাজী বাড়ী, উত্তর বগাচতর, বগাচতর, সীতাকুন্ড, চট্টগ্রাম",১,Female
০৯০৮,হাছিনা আক্তার,১৫০২৯৫১০২২৮০,নাছিম,ময়না খাতুন,"ধন কাজী বাড়ী, উ: বগাচতর, বগাচতর, সীতাকুন্ড, চট্টগ্রাম",১,Female
০৯০৯,হাছিনা আক্তার,১৫০২৯৫১০২২৮৫,মিজানূর রহমান,ফাতেমা বেগম,"রাজা মিয়া চৌধুরী বাড়ী, উত্তর বগাচতর, বগাচতর, সীতাকুন্ড, চট্টগ্রাম",১,Female
০৯১০,রুমা আক্তার,১৫০২৯৫১০২২৮৬,শাহ আলম,হোসনে আরা বেগম,"রাজা মিয়া চৌধুরী বাড়ি, উত্তর বগাচতর, বগাচতর, সীতাকুন্ড, চট্টগ্রাম",১,Female
০৯১১,নূর জাহান বেগম,১৫০২৯৫১০২২৮৭,জাগির হোসেন,শামছুন্নাহার,"লাতু চৌকিদার বাড়ী, উত্তর বগাচতর, বগাচতর, সীতাকুন্ড, চট্টগ্রাম",১,Female
০৯১২,শাহজাহান বেগম,১৫০২৯৫১০২২৮৮,আবুল কালাম,বিবি আিয়া খাতুন,"হেরমত খঁা বাড়ী, উত্তর বগাচতর, বগাচতর, সীতাকুন্ড, চট্টগ্রাম",১,Female
০৯১৩,বিয়াধন,১৫০২৯৫১০২২৯১,নূর আহম্মদ,নছিয়া খাতুন,"লাতু চৌকিদার বাড়ী, উত্তর বগাচতর, বগাচতর, সীতাকুন্ড, চট্টগ্রাম",১,Female
০৯১৪,নাহিদা বেগম,১৫০২৯৫১০২২৯৩,রুহুল আমিন,তাজেনূর বেগম,"লাতু চৌধুরী বাড়ী, উত্তর বগাচতর, বগাচতর, সীতাকুন্ড, চট্টগ্রাম",১,Female
০৯১৫,শিরিনা আক্তার,১৫০২৯৫১০২২৯৫,আবুল হোসেন,আলেয়া বেগম,"লাতু চৌকিদার বাড়ি, উত্তর বগাচতর, বগাচতর, সীতাকুন্ড, চট্টগ্রাম৫১চূড়ান্ত ভোটার তালিকাজেলা:চট্টগ্রামউপজেলা:সীতাকুন্ডইউনিয়ন:সৈয়দপুরডাকঘর:কমর আলীভোটার এলাকার কোড: ০২৯৫ভোটার এলাকার নাম: উত্তর বগাচতর",১,Female
০৯১৬,নূর জাহান বেগম,১৫০২৯৫১০২২৯৭,কলিম উল্যা্যাহ মিস্ত্রী,রৈয়ছা খাতুন,"মুছা হাজি বাড়ী, উত্তর বগাচতর, বগাচতর, সীতাকুন্ড, চট্টগ্রাম",১,Female
০৯১৭,শামছুন্নাহার,১৫০২৯৫১০২২৯৯,আমিনূল হক,নূর জাহান বেগম,"মুছা হাজী বাড়ী, উ: বগাচতর, বগাচতর, সীতাকুন্ড, চট্টগ্রাম",১,Female
০৯১৮,সেলিনা আক্তার,১৫০২৯৫১০২৩০১,জাগির হোসেন,দেল আফোরোজ বেগম,"মুছা হাজী বাড়ী, উত্তর বগাচতর, বগাচতর, সীতাকুন্ড, চট্টগ্রাম",১,Female
০৯১৯,নূরজাহান বেগম,১৫০২৯৫১০২৩০২,নূর হোসেন মিস্ত্রি,আবেদা খাতুন,"মুছা হাজী বাড়ী, উত্তর বগাচতর, বগাচতর, সীতাকুন্ড, চট্টগ্রাম",১,Female
০৯২০,ফয়জুন্নেছা,১৫০২৯৫১০২৩০৩,হাফেজ আহম্মদ,সবুরা খাতুন,"মুছা হাজী বাড়ী, উত্তর বগাচতর, বগাচতর, সীতাকুন্ড, চট্টগ্রাম",১,Female
০৯২১,কামরুন্নাহার,১৫০২৯৫১০২৩০৮,নূরুল মোস্তফা,ছিকধন,"মুছা হাজী বাড়ী, উত্তর বগাচতর, বগাচতর, সীতাকুন্ড, চট্টগ্রাম",১,Female
০৯২২,জাহানারা বেগম,১৫০২৯৫১০২৩০৯,আজিজুর রহমান,ফরিদা বেগম,"মুছা হাজী বাড়ী, উত্তর বগাচতর, বগাচতর, সীতাকুন্ড, চট্টগ্রাম",১,Female
০৯২৩,রুমা আক্তার,১৫০২৯৫১০২৩১০,তাজুল ইসলাম,রেহানা বেগম,"মুছা হাজী বাড়ী, উত্তর বগাচতর, বগাচতর, সীতাকুন্ড, চট্টগ্রাম",১,Female
০৯২৪,আনোয়ারা বেগম,১৫০২৯৫১০২৩১১,মনির আহাম্মদ,নূর বানূ,"মুছা হাজী বাড়ী, উ: বগাচতর, বগাচতর, সীতাকুন্ড, চট্টগ্রাম",১,Female
০৯২৫,রাহেলা আক্তার,১৫০২৯৫১০২৩১২,নূরুল আবছার,আমাতু নূর বেগম,"মুছা হাজী বাড়ী, উ: বগাচতর, বগাচতর, সীতাকুন্ড, চট্টগ্রাম",১,Female
০৯২৬,সুলতানা রাজিয়া,১৫০২৯৫১০২৩১৩,মোঃ মোস্তফা,আনোয়ারা বেগম,"মুছা হাজী বাড়ী, উত্তর বগাচতর, বগাচতর, সীতাকুন্ড, চট্টগ্রাম",১,Female
০৯২৭,শামিমা আক্তার,১৫০২৯৫১০২৩১৪,নূরুল হক,নূর জাহান বেগম,"মুছাহাজি বাড়ি, উত্তর বাগাচতর, বাগাচতর, সীতাকুন্ড, চট্টগ্রাম",১,Female
০৯২৮,হোসনে আরা বেগম,১৫০২৯৫১০২৩১৬,মোজাফফর আহম্মদ,ফিরোজা বেগম,"মুছা হাজী বাড়ী, উত্তর বগাচতর, বগাচতর, সীতাকুন্ড, চট্টগ্রাম",১,Female
০৯২৯,জাহানারা বেগম,১৫০২৯৫১০২৩১৭,আবদুল্যাাহ,ছকিনা খাতুন,"মুছা হাজী বাড়ী, উত্তর বগাচতর, বগাচতর, সীতাকুন্ড, চট্টগ্রাম",১,Female
০৯৩০,আমাতুর নূর বেগম,১৫০২৯৫১০২৩১৮,গনী মোল্যাা,লেদু বিয়া,"মুছা হাজি বাড়ী, উত্তর বগাচতর, বগাচতর, সীতাকুন্ড, চট্টগ্রাম",১,Female
০৯৩১,আফিয়া খাতুন,১৫০২৯৫১০২৩২০,শামছুল হক,আিয়ের নেছা,"মুছা হাজী বাড়ী, উত্তর বগাচতর, বগাচতর, সীতাকুন্ড, চট্টগ্রাম",১,Female
০৯৩২,নাজমা বেগম,১৫০২৯৫১০২৩২১,শাহ জাহান,হাছিনা বেগম,"মুছা হাজী বাড়ী, উত্তর বগাচতর, বগাচতর, সীতাকুন্ড, চট্টগ্রাম",১,Female
০৯৩৩,হাছিনা আক্তার,১৫০২৯৫১০২৩২২,গোলাম খালেক,রোকেয়া বেগম,"মুছা হাজি বাড়ী, উত্তর বগাচতর, বগাচতর, সীতাকুন্ড, চট্টগ্রাম৫২চূড়ান্ত ভোটার তালিকাজেলা:চট্টগ্রামউপজেলা:সীতাকুন্ডইউনিয়ন:সৈয়দপুরডাকঘর:কমর আলীভোটার এলাকার কোড: ০২৯৫ভোটার এলাকার নাম: উত্তর বগাচতর",১,Female
০৯৩৪,রাশেদা আক্তার,১৫০২৯৫১০২৩২৩,সফিউল্যা্যাহ,ছকিনা খাতুন,"মুছা হাজী বাড়ী, উত্তর বগাচতর, বগাচতর, সীতাকুন্ড, চট্টগ্রাম",১,Female
০৯৩৫,বিবি আমেনা খাতুন,১৫০২৯৫১০২৩২৫,নূরুল ইসলাম,ছুফিয়া খাতুন,"মুছা হাজী বাড়ী, উত্তর বগাচতর, বগাচতর, সীতাকুন্ড, চট্টগ্রাম",১,Female
০৯৩৬,মনোয়ারা বেগম,১৫০২৯৫১০২৩২৯,নূরজামান,দেল আফরোজ,"মুছা হাজী বাড়ী, উ: বগাচতর, বগাচতর, সীতাকুন্ড, চট্টগ্রাম",১,Female
০৯৩৭,নাজমা আরা বেগম,১৫০২৯৫১০২৩৩১,আবু বকর,নূর জাহান বেগম,"মুছা হাজী বাড়ী, উত্তর বগাচতর, বগাচতর, সীতাকুন্ড, চট্টগ্রাম",১,Female
০৯৩৮,রিজিয়া বেগম,১৫০২৯৫১০২৩৩৪,শামছুল হক,দেল আফরোজ,"একরামুল হক চৌধুরী বাড়ী, উত্তর বগাচতর, বগাচতর, সীতাকুন্ড, চট্টগ্রাম",১,Female
০৯৩৯,বিবি কুলছুম,১৫০২৯৫১০২৩৩৫,আক্তারুজ্জামান,বিবি ফাতেমা,"ডাঃ ওয়াহিদুন্নবী গাফারী চেয়ারম্যান বাড়ী, উত্তর বগাচতর, বগাচতর, সীতাকুন্ড, চট্টগ্রাম",১,Female
০৯৪০,আছমা খানম,১৫০২৯৫১০২৩৩৬,মোহাম্মদ ছালে আহম্মদ,মোছাম্মৎ ছালেহা বেগম,"ডাঃ ওয়াহিদুন্নবী গাফারী চেয়ারম্যান বাড়ী, উত্তর বগাচতর, বগাচতর, সীতাকুন্ড, চট্টগ্রাম",১,Female
০৯৪১,বিবি আয়েশা,১৫০২৯৫১০২৩৪০,মজিবুর রহমান,স বিয়া,"মুছা হাজী বাড়ী, উত্তর বগাচতর, বগাচতর, সীতাকুন্ড, চট্টগ্রাম",১,Female
০৯৪২,তাছলিমা আক্তার,১৫০২৯৫১০২৩৪২,আব্দুল মন্নান,জাহানারা বেগম,"মুছা হাজি বাড়ী, উত্তর বগাচতর, বগাচতর, সীতাকুন্ড, চট্টগ্রাম",১,Female
০৯৪৩,বিবি হাজেরা,১৫০২৯৫১০২৩৪৪,মুহাম্মদ ইসমাঈল,মাহমুদা খাতুন,"হেরমত খঁা বাড়ী, উত্তর বগাচতর, বগাচতর, সীতাকুন্ড, চট্টগ্রাম",১,Female
০৯৪৪,আলেয়া বেগম,১৫০২৯৫১০২৩৬১,আমান উল্যা্যাহ,হালিমা খাতুন,"হাজি গোলাম নূর মাস্টার বাড়ী, উত্তর বগাচতর, বগাচতর, সীতাকুন্ড, চট্টগ্রাম",১,Female
০৯৪৫,শারমিন আক্তার,১৫০২৯৫১০২৩৬২,নূরুল আবছার,নূর নাহার,"রাজা মিয়া চৌধুরী বাড়ী, উত্তর বগাচতর, বগাচতর, সীতাকুন্ড, চট্টগ্রাম",১,Female
০৯৪৬,নিলুফা ইয়াসমিন,১৫০২৯৫১০২৩৬৩,বশিরুল হক,জাহেদা বেগম,"রাজা মিয়া চৌধুরী বাড়ী, উত্তর বগাচতর, বগাচতর, সীতাকুন্ড, চট্টগ্রাম",১,Female
০৯৪৭,নাছিমা আক্তার,১৫০২৯৫১০২৩৬৪,হুমায়ন কবির,বিবি আমেনা,"রাজা মিয়া চৌধুরী বাড়ী, উত্তর বগাচতর, বগাচতর, সীতাকুন্ড, চট্টগ্রাম",১,Female
০৯৪৮,বিবি ফাতেমা,১৫০২৯৫১০২৩৬৭,রিদোয়ানূল হক,নূরজাহান বেগম,"লাতু চৌকিদার বাড়ী, উত্তর বগাচতর, বগাচতর, সীতাকুন্ড, চট্টগ্রাম০৯৪৯. মাইগ্রেট হয়েছে",১,Female
০৯৫০,নিলুফা আক্তার,১৫০২৯৫১০২৪৮২,মকছুদ আহম্মদ,জাহানারা বেগম,"আব্দুল ভূঁঞা বাড়ী, উত্তর বগাচতর, বগাচতর, সীতাকুন্ড, চট্টগ্রাম",১,Female
০৯৫১,রাহেলা আক্তার,১৫০২৯৫১০২৪৮৩,সিরাজ উদদৌলা,হাসেন আরা বেগম,"আব্দুল ভুঁঞা বাড়ী, উত্তর বগাচতর, বগাচতর, সীতাকুন্ড, চট্টগ্রাম৫৩চূড়ান্ত ভোটার তালিকাজেলা:চট্টগ্রামউপজেলা:সীতাকুন্ডইউনিয়ন:সৈয়দপুরডাকঘর:কমর আলীভোটার এলাকার কোড: ০২৯৫ভোটার এলাকার নাম: উত্তর বগাচতর",১,Female
০৯৫২,রোকেয়া বেগম,১৫০২৯৫১০২৪৮৪,ছেরাদল হক,ফাতেমা বেগম,"আব্দুল ভুঁঞা বাড়ী, উত্তর বগাচতর, বগাচতর, সীতাকুন্ড, চট্টগ্রাম",১,Female
০৯৫৩,শিরিনা আক্তার,১৫০২৯৫১০২৪৮৫,রুহুল আমিন,রোকেয়া বেগম,"আবদুল ভঁাঞা বাড়ী, উত্তর বগাচতর, বগাচতর, সীতাকুন্ড, চট্টগ্রাম",১,Female
০৯৫৪,নূর নাহার,১৫০২৯৫১০২৪৮৬,রুহুল আমিন,রোকেয়া বেগম,"আব্দুল ভুঁঞা বাড়ী, উত্তর বগাচতর, বগাচতর, সীতাকুন্ড, চট্টগ্রাম",১,Female
০৯৫৫,জেসমিন আক্তার,১৫০২৯৫১০২৪৮৭,রুহুল আমিন,রোকেয়া বেগম,"আব্দুল ভুঁঞা বাড়ী, উত্তর বগাচতর, বগাচতর, সীতাকুন্ড, চট্টগ্রাম",১,Female
০৯৫৬,রোজি সুলতানা,১৫০২৯৫১০২৪৯১,আবু বর সিদ্দিক,খাদিজা বেগম,"আবদুল ভূঁঞা বাড়ী, উত্তর বগাচতর, বগাচতর, সীতাকুন্ড, চট্টগ্রাম",১,Female
০৯৫৭,নাহিদা আক্তার মুন্নি,১৫০২৯৫১০২৪৯৫,সিরাজুল ইসলাম,রাহেনা বেগম,"আব্দুল ভুঁঞা বাড়ী, উত্তর বগাচতর, বগাচতর, সীতাকুন্ড, চট্টগ্রাম",১,Female
০৯৫৮,মনোয়ারা বেগম,১৫০২৯৫১০২৪৯৬,আবুল খায়ের,নজুমন্নেছা,"আব্দুল ভূঁঞা বাড়ী, উত্তর বগাচতর, বগাচতর, সীতাকুন্ড, চট্টগ্রাম",১,Female
০৯৫৯,জাকিয়া বেগম,১৫০২৯৫১০২৪৯৮,কোাদ আহাম্মদ,তাজেন্নেছা,"আব্দুল ভুঁইয়া বাড়ী, উত্তর বগাচতর, বগাচতর, সীতাকুন্ড, চট্টগ্রাম",১,Female
০৯৬০,কুলসুমা আক্তার,১৫০২৯৫১০২৪৯৯,জাহাঙ্গীর আলম,আনোয়ারা বেগম,"আব্দুল ভূঁইয়া বাড়ী, উত্তর বগাচতর, বগাচতর, সীতাকুন্ড, চট্টগ্রাম",১,Female
০৯৬১,নূর আক্তার,১৫০২৯৫১০২৫০৫,মোঃ আমিনূজ্জামান,বিবি মরিয়ম,"আব্দুল ভুঁইয়া বাড়ী, উত্তর বগাচতর, বগাচতর, সীতাকুন্ড, চট্টগ্রাম",১,Female
০৯৬২,ছেমনা আক্তার,১৫০২৯৫১০২৫০৮,আব্দুল,বেগম,"আব্দুল ভূঁঞা বাড়ী, উত্তর বগাচতর, বগাচতর, সীতাকুন্ড, চট্টগ্রাম",১,Female
০৯৬৩,নাগর্িস বেগম,১৫০২৯৫১০২৫০৯,মাহবুবুল হক,ছেমনা আক্তার,"আব্দুল ভুঁইয়া বাড়ী, উত্তর বগাচতর, বগাচতর, সীতাকুন্ড, চট্টগ্রাম",১,Female
০৯৬৪,খাইরুন্নেছা,১৫০২৯৫১০২৫১০,সলিম উল্যাহ,বিবি মরিয়ম,"আব্দুল ভুঁঞা বাড়ী, উত্তর বগাচতর, বগাচতর, সীতাকুন্ড, চট্টগ্রাম",১,Female
০৯৬৫,রোশনে আরা বেগম,১৫০২৯৫১০২৫১২,এরাদত উল্যাহ ভুঁঞা,হোসনে আরা বেগম,"আব্দুল ভুঁঞা বাড়ী, উত্তর বগাচতর, বগাচতর, সীতাকুন্ড, চট্টগ্রাম",১,Female
০৯৬৬,কহিনূর বেগম,১৫০২৯৫১০২৫১৪,আবুল কালাম,ফরিদা বেগম,"আব্দুল ভুঁঞা বাড়ী, উত্তর বগাচতর, বগাচতর, সীতাকুন্ড, চট্টগ্রাম",১,Female
০৯৬৭,সাজেদা আক্তার,১৫০২৯৫১০২৫১৫,সলিম উল্যা্যাহ,রহিমা বেগম,"আব্দুল ভুঁইয়া বাড়ী, উত্তর বগাচতর, বগাচতর, সীতাকুন্ড, চট্টগ্রাম",১,Female
০৯৬৮,বিবি মরিয়ম,১৫০২৯৫১০২৫১৬,হারুন অর রশীদ,হাছিনা আক্তার,"আব্দুল ভূঁঞা বাড়ী, উত্তর বগাচতর, বগাচতর, সীতাকুন্ড, চট্টগ্রাম",১,Female
০৯৬৯,আছমা বেগম,১৫০২৯৫১০২৫২০,নূরুল ইসলাম,হালিমা খাতুন,"আব্দুর ভুঁইয়া বাড়ী, উত্তর বগাচতর, বগাচতর, সীতাকুন্ড, চট্টগ্রাম৫৪চূড়ান্ত ভোটার তালিকাজেলা:চট্টগ্রামউপজেলা:সীতাকুন্ডইউনিয়ন:সৈয়দপুরডাকঘর:কমর আলীভোটার এলাকার কোড: ০২৯৫ভোটার এলাকার নাম: উত্তর বগাচতর",১,Female
০৯৭০,নাজমা বেগম,১৫০২৯৫১০২৫২৩,জাকের হোসেন,নূরন্নাহার বেগম,"আব্দুল ভূঁঞা বাড়ী, উত্তর বগাচতর, বগাচতর, সীতাকুন্ড, চট্টগ্রাম",১,Female
০৯৭১,হাসনা বেগম,১৫০২৯৫১০২৫২৪,ওসমান গণি,রিজিয়া বেগম,"আব্দুল ভূঞা বাড়ী, উত্তর বগচতর, বগচতর, সীতাকুন্ড, চট্টগ্রাম",১,Female
০৯৭২,খোন্দাকার ফেরদৌস নাহার,১৫০২৯৫১০২৫২৭,কোাদ আহম্মদ,শামছুন্নাহার,"আব্দুল ভূঁঞা বাড়ী, উত্তর বগাচতর, বগাচতর, সীতাকুন্ড, চট্টগ্রাম",১,Female
০৯৭৩,জাহানারা বেগম,১৫০২৯৫১০২৫২৮,শামছুল হক,নূর খাতুন,"আব্দুল ভূঁইয়া বাড়ী, উত্তর বগাচতর, বগাচতর, সীতাকুন্ড, চট্টগ্রাম",১,Female
০৯৭৪,মাহফুজা সিদ্দিকা,১৫০২৯৫১০২৫২৯,নূরুল আলম,আহমদুন্নেছা,"আব্দুল ভুঁঞা বাড়ী, উত্তর বগাচতর, বগাচতর, সীতাকুন্ড, চট্টগ্রাম",১,Female
০৯৭৫,জোবেদা খানম,১৫০২৯৫১০২৫৩০,ইাহীম ভুঁইয়া,আিয়া খাতুন,"আব্দুল ভুঁঞা বাড়ী, উত্তর বগাচতর, বগাচতর, সীতাকুন্ড, চট্টগ্রাম",১,Female
০৯৭৬,নাইমা শারমিন দিপু,১৫০২৯৫১০২৫৩২,মোঃ একরামুল হক,জোবেদা খানম,"আব্দুল ভুইয়া বাড়ী, উত্তর বগাচতর, বগাচতর, সীতাকুন্ড, চট্টগ্রাম",১,Female
০৯৭৭,মোছাম্মৎ শামছুন্নাহার,১৫০২৯৫১০২৫৩৪,মোঃ আহমদুর রহমান,ওয়াজ খাতুন,"আব্দুল ভুঁঞা বাড়ী, উত্তর বগাচতর, বগাচতর, সীতাকুন্ড, চট্টগ্রাম",১,Female
০৯৭৮,শামিনা ইয়াছমিন,১৫০২৯৫১০২৫৩৭,আবুল কালাম,সেলিনা আক্তার,"আব্দুল ভৃঁঞা বাড়ী, উঃ বগাচতর, বগাচতর, সীতাকুন্ড, চট্টগ্রাম",১,Female
০৯৭৯,লিপি আক্তার,১৫০২৯৫১০২৫৪১,নূরুল আলম,আয়েশা খাতুন,"আব্দুল ভূঁইয়া বাড়ী, উত্তর বগাচতর, বগাচতর, সীতাকুন্ড, চট্টগ্রাম",১,Female
০৯৮০,হাসনা আরা বেগম,১৫০২৯৫১০২৫৪৪,বজলের রহমান,আনোয়ারা বেগম,"আবদুল ভুঁইয়া বাড়ী, উ: বগাচতর, বগাচতর, সীতাকুন্ড, চট্টগ্রাম",১,Female
০৯৮১,আয়েশা খাতুন,১৫০২৯৫১০২৫৪৫,এবদুর রহমান,মাহমুদা খাতুন,"আব্দুল ভুঁঞা বাড়ি, উত্তর বগাচতর, বগাচতর, সীতাকুন্ড, চট্টগ্রাম",১,Female
০৯৮২,লাকি আরা বেগম,১৫০২৯৫১০২৫৪৬,আবুল কাশেম,আয়েশা খাতুন,"আবদুল ভুঁঞা বাড়ি, উত্তর বগাচতর, বগাচতর, সীতাকুন্ড, চট্টগ্রাম",১,Female
০৯৮৩,আলেয়া বেগম,১৫০২৯৫১০২৫৪৭,মোঃ জেবাল হক,শকিয়েন্নেছা,"আব্দুল ভূঁইয়া বাড়ী, উত্তর বগাচতর, বগাচতর, সীতাকুন্ড, চট্টগ্রাম",১,Female
০৯৮৪,শামছুন্নাহার,১৫০২৯৫১০২৫৪৮,মফিজুর রহমান,মুরা বেগম,"আব্দুল ভুঁঞা বাড়ী, উত্র বগচতর, বগচতর, সীতাকুন্ড, চট্টগ্রাম",১,Female
০৯৮৫,রুমা দাস,১৫০২৯৫১০২৫৫২,সুনীল দাস,জুতিকা দাস,"বেছারাম কবিরাজ বাড়ী, উ: বগাচতর, বগাচতর, সীতাকুন্ড, চট্টগ্রাম",১,Female
০৯৮৬,প্রতিমা দাস,১৫০২৯৫১০২৫৫৩,ঐিনী দাস,বিনদা,"বেছারাম কবিরাজ বাড়ী, উ: বগাচতর, বগাচতর, সীতাকুন্ড, চট্টগ্রাম",১,Female
০৯৮৭,মিনা দাস,১৫০২৯৫১০২৫৫৪,নিরন্জন দাস,হেমলতা,"বেছারাম কবিরাজ বাড়ী, উঃ বগাচতর, বগাচতর, সীতাকুন্ড, চট্টগ্রাম৫৫চূড়ান্ত ভোটার তালিকাজেলা:চট্টগ্রামউপজেলা:সীতাকুন্ডইউনিয়ন:সৈয়দপুরডাকঘর:কমর আলীভোটার এলাকার কোড: ০২৯৫ভোটার এলাকার নাম: উত্তর বগাচতর",১,Female
০৯৮৮,গীতা রানী দাস,১৫০২৯৫১০২৫৫৫,বড়দা দাস,বেলু দাস,"বেছারাম কবিরাজ বাড়ী, উত্তর বগাচতর, বগাচতর, সীতাকুন্ড, চট্টগ্রাম",১,Female
০৯৮৯,কলা রানী দাশ,১৫০২৯৫১০২৫৫৭,তেজন্দ্র দাস,শেফালী দাস,"বেছারাম কবিরাজ বাড়ী, উত্তর বগাচত্তর, বগাচতর, সীতাকুন্ড, চট্টগ্রাম",১,Female
০৯৯০,সবিতা রানী দাস,১৫০২৯৫১০২৫৬০,নিতাই,চন্দ্র চুয়া,"বেছারাম কবিরাজ বাড়ী, উত্তর বগাচতর, বগাচতর, সীতাকুন্ড, চট্টগ্রাম",১,Female
০৯৯১,আবু বালা,১৫০২৯৫১০২৫৬১,কুমদ দাস,কুকি বালা দাস,"বেছারাম কবিরাজ বাড়ী, উত্তর বগাচতর, বগাচতর, সীতাকুন্ড, চট্টগ্রাম",১,Female
০৯৯২,বেবি রানী দাস,১৫০২৯৫১০২৫৬২,সুনীল চন্দ্র দাস,চায়া রানী দাস,"বেছারাম কবিরাজ বাড়ী, উত্তর বগাচতর, বগাচতর, সীতাকুন্ড, চট্টগ্রাম",১,Female
০৯৯৩,উষা রানী দাস,১৫০২৯৫১০২৫৬৩,ললিত বালা দাস,সরু বালা দাস,"বেছারাম কবিরাজ বাড়ী, উত্তর বগাচতর, বগাচতর, সীতাকুন্ড, চট্টগ্রাম",১,Female
০৯৯৪,দিপালী,১৫০২৯৫১০২৫৬৭,তোয়ামন কৃষ্ণ,বিলাসী,"বজেন্দ্র কবিরাজ বাড়ী, উত্তর বগাচতর, বগাচতর, সীতাকুন্ড, চট্টগ্রাম",১,Female
০৯৯৫,শিখা দাস,১৫০২৯৫১০২৫৬৮,রায়মোহন দাস,ললিতা দাস,"বজেন্দ্র কবিরাজ বাড়ী, উত্তর বগাচতর, বগাচতর, সীতাকুন্ড, চট্টগ্রাম",১,Female
০৯৯৬,বি রাণী,১৫০২৯৫১০২৫৬৯,জোতিন্দ্র কুমার দাস,রানী,"বজেন্দ্র কবিরাজ বাড়ী, উত্তর বগাচতর, বগাচতর, সীতাকুন্ড, চট্টগ্রাম",১,Female
০৯৯৭,লী,১৫০২৯৫১০২৫৭১,অভিলাষ চন্দ্র দাস,সুখি রানী দাস,"বজেন্দ্র কবিরাজী বাড়ী, উত্তর বগাচতর, বগাচতর, সীতাকুন্ড, চট্টগ্রাম",১,Female
০৯৯৮,সীমা রানী দাস,১৫০২৯৫১০২৫৭৩,অভিলাষ,লী,"বজেন্দ্র কবিরাজ বাড়ী, উত্তর বগাচতর, বগাচতর, সীতাকুন্ড, চট্টগ্রাম",১,Female
০৯৯৯,সাবিত্রী দাস,১৫০২৯৫১০২৫৭৪,প্রেমক দাস,কোমদিনী দাস,"বজেন্দ্র কবিরাজি বাড়ী, উত্তর বগাচতর, বগাচতর, সীতাকুন্ড, চট্টগ্রাম",১,Female
১০০০,শিখা রাণী দাস,১৫০২৯৫১০২৫৭৫,কিরন চন্দা দাস,লী রাণী দাস,"বজেন্দ্র কবিরাজ বাড়ী, উত্তর বগাচতর, বগাচতর, সীতাকুন্ড, চট্টগ্রাম",১,Female
১০০১,রিতা,১৫০২৯৫১০২৫৭৬,ননিমোন,বাছু,"বজেন্দ্র কবিরাজ বাড়ী, উত্তর বগাচতর, বগাচতর, সীতাকুন্ড, চট্টগ্রাম",১,Female
১০০২,লাভলী রানী দাশ,১৫০২৯৫১০২৫৭৭,ললিত মোহন দাশ,মমতা রাণী দাশ,"বজেন্দ্র কবিরাজ বাড়ী, উত্তর বগাচতর, বগাচতর, সীতাকুন্ড, চট্টগ্রাম",১,Female
১০০৩,পেয়ারা বেগম,১৫০২৯৫১০২৫৮০,দেলোয়ারা বেগম,বিলকিছ,"আব্দুর রউফ হাজী বাড়ী, উত্তর বগাচতর, বগাচতর, সীতাকুন্ড, চট্টগ্রাম",১,Female
১০০৪,শামছুন্নাহার,১৫০২৯৫১০২৫৮১,সুরুজ মিয়া,মুরা বেগম,"আব্দুর রউফ হাজী বাড়ী, উত্তর বগাচতর, বগাচতর, সীতাকুন্ড, চট্টগ্রাম",১,Female
১০০৫,মনোয়ারা বেগম,১৫০২৯৫১০২৫৮২,দেলোয়ার হোসেন,ছেমনা আফরোজ,"আবদুর রউফ হাজী বাড়ী, উত্তর বগাচতর, বগাচতর, সীতাকুন্ড, চট্টগ্রাম৫৬চূড়ান্ত ভোটার তালিকাজেলা:চট্টগ্রামউপজেলা:সীতাকুন্ডইউনিয়ন:সৈয়দপুরডাকঘর:কমর আলীভোটার এলাকার কোড: ০২৯৫ভোটার এলাকার নাম: উত্তর বগাচতর",১,Female
১০০৬,আফিয়া খাতুন,১৫০২৯৫১০২৫৮৩,আমির বকস,আমেনা খাতুন,"আব্দুর রউফ বাড়ী, উত্তর বগাচতর, বগাচতর, সীতাকুন্ড, চট্টগ্রাম",১,Female
১০০৭,হাবিয়া খাতুন,১৫০২৯৫১০২৫৮৪,মোখলেছুর রহমান,আিয়া খাতুন,"আব্দুর রউফ হাী বাড়ী, উত্তর বগচতর, বগচতর, সীতাকুন্ড, চট্টগ্রাম",১,Female
১০০৮,নূরের নাহার,১৫০২৯৫১০২৫৮৫,ওবায়দুল হক,হালিমা খাতুন,"আব্দুর রউফ হাজী বাড়ি, উত্তর বগাচতর, বগাচতর, সীতাকুন্ড, চট্টগ্রাম",১,Female
১০০৯,হামিদা আক্তার লিপি,১৫০২৯৫১০২৫৮৬,মিজানূল হক,বিবি খতিজা,"আবদুর রউফ হাজী বাড়ী, উ: বগাচতর, বগাচতর, সীতাকুন্ড, চট্টগ্রাম",১,Female
১০১০,ফরিদা আক্তার,১৫০২৯৫১০২৫৮৭,সামছুল আলম,নূরের জাহান,"আব্দুর রউফ হাজী বাড়ী, উত্তর বগাচতর, বগাচতর, সীতাকুন্ড, চট্টগ্রাম",১,Female
১০১১,রাহেলা আক্তার,১৫০২৯৫১০২৫৮৮,কোরবান আলী,আয়েশা খাতুন,"আব্দুর রউফ হাজী বাড়ী, উঃ বগাচতর, বগাচতর, সীতাকুন্ড, চট্টগ্রাম",১,Female
১০১২,খতিজা বেগম,১৫০২৯৫১০২৫৮৯,নূরুল ইসলাম,অহিদা বেগম,"আবদুর রউফ হাজী বাড়ী, উ: বগাচতর, বগাচতর, সীতাকুন্ড, চট্টগ্রাম",১,Female
১০১৩,আনোয়ারা বেগম,১৫০২৯৫১০২৫৯০,জয়নাল আবেদীন,রিজিয়া বেগম,"আব্দুল রউফ হাী বাড়ী, উত্তর বগাচতর, বগাচতর, সীতাকুন্ড, চট্টগ্রাম",১,Female
১০১৪,মোছাম্মৎ সোলতানা আক্তার,১৫০২৯৫১০২৫৯১,মোহাম্মদ মীর হোসেন,মোছাম্মৎ আনোয়ারা বেগম,"আব্দুর রউফ হাজী বাড়ী, উত্তর বগাচতর, বগাচতর, সীতাকুন্ড, চট্টগ্রাম",১,Female
১০১৫,সুফিয়া বেগম,১৫০২৯৫১০২৫৯২,ছেরাদুল হক,মাহমুদা খাতুন,"আব্দুর রউফ হাজী বাড়ী, উত্তর বগাচতর, বগাচতর, সীতাকুন্ড, চট্টগ্রাম",১,Female
১০১৬,বেবি আক্তার,১৫০২৯৫১০২৫৯৪,জাকির হোসেন,হোসনে আরা,"আব্দুর রউফ হাজী বাড়ী, উত্তর বগাচতর, বগাচতর, সীতাকুন্ড, চট্টগ্রাম",১,Female
১০১৭,নাছিমা আক্তার,১৫০২৯৫১০২৬০০,নিজাম উদ্দিন,হালিমা বেগম,"আব্দুল ভৃঁঞা বাড়ী, উত্তর বগাচতর, বগাচতর, সীতাকুন্ড, চট্টগ্রাম",১,Female
১০১৮,ছবুরা খাতুন,১৫০২৯৫১০২৬০৩,মোহাম্মদ আতাউল হক,সিদ্দিকা খাতুন,"আব্দুল ভুঁঞা বাড়ি, উত্তর বগাচতর, বগাচতর, সীতাকুন্ড, চট্টগ্রাম",১,Female
১০১৯,মহিনূর আক্তার,১৫০২৯৫১০২৬০৪,আবুল কালাম,বিবি রোকেয়া,"আব্দুল ভূঁঞা বাড়ী, উত্তর বগাচতর, বগাচতর, সীতাকুন্ড, চট্টগ্রাম",১,Female
১০২০,নূরের আলেকা,১৫০২৯৫১০২৬০৫,আবুল খায়ের,শফিউন্নেছা,"আাস মিয়ার বাড়ী, উত্তর বগাচতর, বগাচতর, সীতাকুন্ড, চট্টগ্রাম",১,Female
১০২১,সাবিনা ইয়াছমিন,১৫০২৯৫১০২৬০৬,মাওঃ নূরুল বারী,হাসনা বেগম,"আাস মিয়ার বাড়ী, উত্তর বগাচতর, বগাচতর, সীতাকুন্ড, চট্টগ্রাম",১,Female
১০২২,কাওছার পারভীন,১৫০২৯৫১০২৬০৭,নূরুল আমিন,জান্নাতুল ফেরদৌস,"আাছ মিয়ার বাড়ী, উত্তর বগাচতর, বগাচতর, সীতাকুন্ড, চট্টগ্রাম",১,Female
১০২৩,জেসমিন আক্তার,১৫০২৯৫১০২৬০৯,হাজী মোঃ সিরাজ উদ দৌলা,নূরেন্নাহার,"আাস মিয়ার বাড়ী, উত্তর বগাচতর, বগাচতর, সীতাকুন্ড, চট্টগ্রাম৫৭চূড়ান্ত ভোটার তালিকাজেলা:চট্টগ্রামউপজেলা:সীতাকুন্ডইউনিয়ন:সৈয়দপুরডাকঘর:কমর আলীভোটার এলাকার কোড: ০২৯৫ভোটার এলাকার নাম: উত্তর বগাচতর",১,Female
১০২৪,বিবি মরিয়ম,১৫০২৯৫১০২৬১০,ওবায়দুল হক,নূরজাহান বেগম,"আাস মিয়ার বাড়ি, উত্তর বগাচতর, বগাচতর, সীতাকুন্ড, চট্টগ্রাম",১,Female
১০২৫,জাহানারা বেগম,১৫০২৯৫১০২৬১২,শেখ আহম্মদ বেগম,আরমো জাহান বেগম,"আাস মিয়ার বাড়ী, উত্তর বগাচতর, বগাচতর, সীতাকুন্ড, চট্টগ্রাম",১,Female
১০২৬,শাহানা আক্তার,১৫০২৯৫১০২৬১৩,আমিনূল হক মাস্টার,আন্জুমান আরা বেগম,"আাস মিয়ার বাড়ী, উত্তর বগাচতর, বগাচতর, সীতাকুন্ড, চট্টগ্রাম",১,Female
১০২৭,মোছাম্মৎ সুমাইয়া সুমি,১৫০২৯৫১০২৬১৪,আওরঙ্গজেব,কামরুজ্জাহান,"আাস মিয়ার বাড়ী, উত্তর বগাচতর, বগাচতর, সীতাকুন্ড, চট্টগ্রাম",১,Female
১০২৮,মাজেদা খাতুন,১৫০২৯৫১০২৬১৭,ইমাম শরীফ,গোল বাহার,"মৌতালি ব্যাপারী বাড়ী, উত্তর বগাচতর, বগাচতর, সীতাকুন্ড, চট্টগ্রাম",১,Female
১০২৯,আফিয়া বেগম,১৫০২৯৫১০২৬১৯,রুহুল আমিন,সাকেরা কাতুন,"মৌতালী ব্যাপারী বাড়ী, উত্তর বগাচতর, বগাচতর, সীতাকুন্ড, চট্টগ্রাম",১,Female
১০৩০,আয়েশা খাতুন,১৫০২৯৫১০২৬২১,তাজুল ইসলাম,আফিয়া বেগম,"মোতালি ব্যাপারী বাড়ি, উত্তর বগাচতর, বগাচতর, সীতাকুন্ড, চট্টগ্রাম",১,Female
১০৩১,ফারহানা আক্তার,১৫০২৯৫১০২৬২২,নূরুল আফছার,শামছুন্নাহার,"মৌতলী ব্যাপারী বাড়ী, উত্তর বগাচতর, বগাচতর, সীতাকুন্ড, চট্টগ্রাম",১,Female
১০৩২,ফিরোজা আক্তার মুন্নি,১৫০২৯৫১০২৬২৩,সিরাজ উদ দৌলা,বিবি ফাতেমা,"মৌতালী ব্যাপারী বাড়ী, উত্তর বগাচতর, বগাচতর, সীতাকুন্ড, চট্টগ্রাম",১,Female
১০৩৩,রোসনে আরা বেগম,১৫০২৯৫১০২৬২৪,জাকির হোসেন,শামছদ্দীন,"মৌতালী ব্যাপারী বাড়ী, উত্তর বগাচতর, বগাচতর, সীতাকুন্ড, চট্টগ্রাম",১,Female
১০৩৪,হাছিনা বেগম,১৫০২৯৫১০২৬২৫,মকছুদ আহম্মদ,হালিমা বেগম,"মৌতালি ব্যাপারী বাড়ী, উত্তর বগাচতর, বগাচতর, সীতাকুন্ড, চট্টগ্রাম",১,Female
১০৩৫,শাহীন আক্তার,১৫০২৯৫১০২৬২৬,মফিজুর রহমান,হাছিনা বেগম,"মৌতালি ব্যাপারী বাড়ী, উত্তর বগাচতর, বগাচতর, সীতাকুন্ড, চট্টগ্রাম",১,Female
১০৩৬,জোহরা আক্তার,১৫০২৯৫১০২৬২৭,মহবুল হক,ফরিদা আক্তার,"মৌতালি ব্যাপারী বাড়ী, উত্তর বগাচতর, বগাচতর, সীতাকুন্ড, চট্টগ্রাম",১,Female
১০৩৭,হোসনে আরা বেগম,১৫০২৯৫১০২৬৩১,আজিজুল হক,বিবি আমেনা,"মৌতালি ব্যাপারী বাড়ী, উ: বগাচতর, বগাচতর, সীতাকুন্ড, চট্টগ্রাম",১,Female
১০৩৮,কহিনূর বেগম,১৫০২৯৫১০২৬৩২,খোরশেদ আলম,আয়েশা খাতুন,"মোতালি ব্যাপারী বাড়ী, উত্তর বগাচতর, বগাচতর, সীতাকুন্ড, চট্টগ্রাম",১,Female
১০৩৯,শিরিনা আক্তার,১৫০২৯৫১০২৬৩৫,আবুল কাশেম,সালেহা বেগম,"আাস মিয়ার বাড়ী, উত্তর বগাচতর, বগাচতর, সীতাকুন্ড, চট্টগ্রাম",১,Female
১০৪০,রেশমা বেগম,১৫০২৯৫১০২৬৩৬,আনোয়ার খঁান,রওশান আরা বেগম,"আাস মিয়ার বাড়ী, উত্তর বগাচতর, বগাচতর, সীতাকুন্ড, চট্টগ্রাম",১,Female
১০৪১,রিনা আক্তার,১৫০২৯৫১০২৬৪৬,ইমাম হোসেন,দিলোয়ারা বেগম,"বাহার মাঝির বাড়ী, উত্তর বগাচতর, বগাচতর, সীতাকুন্ড, চট্টগ্রাম৫৮চূড়ান্ত ভোটার তালিকাজেলা:চট্টগ্রামউপজেলা:সীতাকুন্ডইউনিয়ন:সৈয়দপুরডাকঘর:কমর আলীভোটার এলাকার কোড: ০২৯৫ভোটার এলাকার নাম: উত্তর বগাচতর ১০৪২. মাইগ্রেট হয়েছে",১,Female
১০৪৩,আলেয়া বেগম,১৫০২৯৫১০২৬৪৮,আব্দুল রশীদ,বদিউন্নেছা,"বাহার মাঝি বাড়ী, উত্তর বগাচতর, বগাচতর, সীতাকুন্ড, চট্টগ্রাম",১,Female
১০৪৪,নয়নতারা,১৫০২৯৫১০২৬৪৯,ফজলে আলী খান,জয়তুন্নেছা,"বাহার মাঝি বাড়ী, উত্তর বগাচতর, বগাচতর, সীতাকুন্ড, চট্টগ্রাম",১,Female
১০৪৫,রাশেদা আক্তার,১৫০২৯৫১০২৬৫০,শফিউল আলম,আনোয়ারা বেগম,"আাস মিয়ার বাড়ী, উত্তর বগাচতর, বগাচতর, সীতাকুন্ড, চট্টগ্রাম",১,Female
১০৪৬,আনোয়ারা বেগম,১৫০২৯৫১০২৬৫১,মৌলভী নূরুল হক,রইয়ছা খাতুন,"আাস মিয়ার বাড়ী, উত্তর বগাচতর, বগাচতর, সীতাকুন্ড, চট্টগ্রাম",১,Female
১০৪৭,বিবি ফাতেমা,১৫০২৯৫১০২৬৫২,শফিউল আলম,আনোয়ারা,"আাস মিয়য়র বাড়ী, উত্তর বগাচতর, বগাচতর, সীতাকুন্ড, চট্টগ্রাম",১,Female
১০৪৮,ছেনোয়ারা বেগম,১৫০২৯৫১০২৬৫৩,হাজী ছালামত উল্যা্যাহ,বিবি আয়েশা,"আাস মিয়ার বাড়ী, উত্তর বগাচতর, বগাচতর, সীতাকুন্ড, চট্টগ্রাম",১,Female
১০৪৯,জোসনা আক্তার,১৫০২৯৫১০২৬৫৫,আব্দুল মালেক,হাছিনা আক্তার,"আাস মিয়ার বাড়ী, উত্তর বগাচতর, বগাচতর, সীতাকুন্ড, চট্টগ্রাম",১,Female
১০৫০,পারভীন আক্তার,১৫০২৯৫১০২৬৫৭,জাহরুল আলম,সালেহা খাতুন,"আাস মিয়ার বাড়ী, উত্তর বগাচতর, বগাচতর, সীতাকুন্ড, চট্টগ্রাম",১,Female
১০৫১,নাছরিন সুলতানা,১৫০২৯৫১০২৬৫৯,নূরুল ইসলাম,পারভীন আকতার,"আাস মিয়ার বাড়ী, উত্তর বগাচতর, বগাচতর, সীতাকুন্ড, চট্টগ্রাম",১,Female
১০৫২,কামরুজ্জাহান,১৫০২৯৫১০২৬৬০,আহমদুর রহমান,মাহমুদ খাতুন,"আাস মিয়ার বাড়ি, উত্তর বগাচতর, বগাচতর, সীতাকুন্ড, চট্টগ্রাম",১,Female
১০৫৩,সেলিনা আক্তার,১৫০২৯৫১০২৬৬৪,একরামুল হক,শাহিনূর বেগম,"বাহার মাঝি বাড়ী, উত্তর বগাচতর, বগাচতর, সীতাকুন্ড, চট্টগ্রাম১০৫৪. মাইগ্রেট হয়েছে",১,Female
১০৫৫,শাহানা আক্তার,১৫০২৯৫১০২৬৬৯,নিজাম উদ্দিন,নূর জাহান বেগম,"বহার মাজি বাড়ী, উত্তর বগাচতর, বগাচতর, সীতাকুন্ড, চট্টগ্রাম",১,Female
১০৫৬,সুরুজ্জাহান,১৫০২৯৫১০২৬৭২,হাজী মজিবুল হক,সুফিয়া খাতুন,"আব্দুল ভূঁয়া বাড়ী, উত্তর বগাচতর, বগাচতর, সীতাকুন্ড, চট্টগ্রাম",১,Female
১০৫৭,হালিমা খাতুন,১৫০২৯৫১০২৬৭৩,মোবারক আলী,আবেদা খাতুন,"মোক্রম আলী সারেং বাড়ি, উত্তর বগাচতর, বগাচতর, সীতাকুন্ড, চট্টগ্রাম",১,Female
১০৫৮,নিলুফা আক্তার,১৫০২৯৫১০২৬৭৪,বাদশা মিয়া মেস্ত্রী,হাসান বানূ,"মোক্রম আলী সারেং বাড়ি, উত্তর বগাচতর, বগাচতর, সীতাকুন্ড, চট্টগ্রাম",১,Female
১০৫৯,রানী,১৫০২৯৫১০২৬৭৫,বজলু ছোবাহান,আনোয়ারা বেগম,"মোক্রম আলী সারেং বাড়ী, উত্তর বগাচতর, বগাচতর, সীতাকুন্ড, চট্টগ্রাম৫৯চূড়ান্ত ভোটার তালিকাজেলা:চট্টগ্রামউপজেলা:সীতাকুন্ডইউনিয়ন:সৈয়দপুরডাকঘর:কমর আলীভোটার এলাকার কোড: ০২৯৫ভোটার এলাকার নাম: উত্তর বগাচতর",১,Female
১০৬০,বিবি খাদিজা,১৫০২৯৫১০২৬৭৬,গোলাম রানী,বিবি মরিয়ম,"মোক্রম আলী সারেং বাড়ী, উত্তর বগাচতর, বগাচতর, সীতাকুন্ড, চট্টগ্রাম",১,Female
১০৬১,চসমা,১৫০২৯৫১০২৬৭৭,শামছুল হক,সকিনা,"মোক্রম আলী সেরেং বাড়ী, উত্তর বগাচতর, বগাচতর, সীতাকুন্ড, চট্টগ্রাম",১,Female
১০৬২,শিরিন আকতার,১৫০২৯৫১০২৬৭৮,শামছুল হক,নূরের নাহার,"মোক্রম আলী সারেং বাড়ী, উত্তর বগাচতর, বগাচতর, সীতাকুন্ড, চট্টগ্রাম",১,Female
১০৬৩,ফরিদা বেগম,১৫০২৯৫১০২৬৮০,হাফিজুর রহমান,বিবি আয়েশা খাতুন,"মোক্রল আলী সারেং বাড়ী, উত্তর বগাচতর, বগাচতর, সীতাকুন্ড, চট্টগ্রাম",১,Female
১০৬৪,হাসান বানূ,১৫০২৯৫১০২৬৮১,সুলতান আহম্মদ,মন্দান বিবি,"মোক্রম আলী সারেং বাড়ী, উত্তর বগাচতর, বগাচতর, সীতাকুন্ড, চট্টগ্রাম",১,Female
১০৬৫,শামিমা আক্তার,১৫০২৯৫১০২৬৮২,শামছুল হক,সখিনা,"মোক্রম আলী সারেং বাড়ী, উত্তর বগাচতর, বগাচতর, সীতাকুন্ড, চট্টগ্রাম",১,Female
১০৬৬,আয়েশা খাতুন,১৫০২৯৫১০২৬৮৯,গনি আহম্মদ,আবিয়া খাতুন,"মোক্রম আলী সারেং বাড়ী, উত্তর বগাচতর, বগাচতর, সীতাকুন্ড, চট্টগ্রাম",১,Female
১০৬৭,আমাতুন্নুর,১৫০২৯৫১০২৬৯০,সুলতান আহম্মদ,নজুমুন্নেছা,"মোক্রম আলী সারেং বাড়ী, উত্তর বগাচতর, বগাচতর, সীতাকুন্ড, চট্টগ্রাম",১,Female
১০৬৮,রহিমা আক্তার,১৫০২৯৫১০২৬৯১,এনামুল হক,হাসান বানূ,"মোক্রম আলী সারেংবাড়ী, উত্তর বগাচতর, বগাচতর, সীতাকুন্ড, চট্টগ্রাম",১,Female
১০৬৯,জাহানারা বেগম,১৫০২৯৫১০২৬৯৩,মোহাম্মদ আমিন,হামেলা খাতুন,"মোক্রমআলী সারেং বাড়ী, উত্তর বগাচতর, বগাচতর, সীতাকুন্ড, চট্টগ্রাম",১,Female
১০৭০,হাছিনা বেগম,১৫০২৯৫১০২৬৯৪,জালাল আহমেদ,জরিনা খাতুন,"মোক্রম আলী সারেং বাড়ী, উত্তর বগাচতর, বগাচতর, সীতাকুন্ড, চট্টগ্রাম",১,Female
১০৭১,রোজিনা বেগম,১৫০২৯৫১০২৬৯৫,আলী হোসেন,রেহানা বেগম,"মোক্রোম আলী, উত্তর বগাচতর, বগাচতর, সীতাকুন্ড, চট্টগ্রাম",১,Female
১০৭২,আছমা আক্তার,১৫০২৯৫১০২৬৯৬,নূরুল আলম,হাসিনা বেগম,"মোক্রম আলী সারেং বাড়ী, উত্তর বগাচতর, বগাচতর, সীতাকুন্ড, চট্টগ্রাম",১,Female
১০৭৩,তৌহিদা আক্তার,১৫০২৯৫১০২৬৯৭,খুরশীদ আলম,রাবেয়া খাতুন,"মোক্রম আলী সারেং বাড়ী, উত্তর বগাচতর, বগাচতর, সীতাকুন্ড, চট্টগ্রাম",১,Female
১০৭৪,সাহেদা আক্তার,১৫০২৯৫১০২৬৯৮,আলী মতর্ুজা,নূর জাহান বেগম,"মোক্রম আলী সারেং বাড়ী, উত্তর বগাচতর, বগাচতর, সীতাকুন্ড, চট্টগ্রাম",১,Female
১০৭৫,সাহেদা আক্তার,১৫০২৯৫১০২৬৯৯,নূরুল মোস্তফা,আয়েশা সিদ্দিকা,"মোক্রম আলি সারেং বাড়ী, উত্তর বগাচতর, বগাচতর, সীতাকুন্ড, চট্টগ্রাম",১,Female
১০৭৬,খুকী রানী দাস,১৫০২৯৫১০২৭০০,ধনা কুমার দাস,শোভা রানী দাস,"বজেন্দ্র কবীরাজ বাড়ী, উত্তর বগাচতর, বগাচতর, সীতাকুন্ড, চট্টগ্রাম",১,Female
১০৭৭,ফাতেমা বেগম,১৫০২৯৫১০২৭০৫,সুলতান আহম্মদ,নূর খাতুন,"মোক্রম আলী সারেং বাড়ী, উত্তর বগাচতর, বগাচতর, সীতাকুন্ড, চট্টগ্রাম৬০চূড়ান্ত ভোটার তালিকাজেলা:চট্টগ্রামউপজেলা:সীতাকুন্ডইউনিয়ন:সৈয়দপুরডাকঘর:কমর আলীভোটার এলাকার কোড: ০২৯৫ভোটার এলাকার নাম: উত্তর বগাচতর",১,Female
১০৭৮,জাহেদা বেগম,১৫০২৯৫১০২৭০৭,সুলতান আহম্মদ,নূর খাতুন,"মোক্রম আলী সারেং বাড়ী, উত্তর বগাচতর, বগাচতর, সীতাকুন্ড, চট্টগ্রাম",১,Female
১০৭৯,রোকেয়া বেগম,১৫০২৯৫১০২৭০৮,আহমদুর রহমান,ছখিনা খাতুন,"মোক্রম আলি সারেং বাড়ী, উত্তর বগাচতর, বগাচতর, সীতাকুন্ড, চট্টগ্রাম",১,Female
১০৮০,সালমা বেগম,১৫০২৯৫১০২৭০৯,নূরুল আফছার ভূঁইয়া,ফিরোজা বেগম,"মোক্রম আলী সারেং বাড়ী, উত্তর বগাচতর, বগাচতর, সীতাকুন্ড, চট্টগ্রাম",১,Female
১০৮১,সেলিনা আক্তার,১৫০২৯৫১০২৭১১,আব্দুল মান্নান,বিবি খতিজা,"মোক্রম আলী সারেং বাড়ী, উত্তর বগাচতর, বগাচতর, সীতাকুন্ড, চট্টগ্রাম",১,Female
১০৮২,রাহেলা আক্তার,১৫০২৯৫১০২৭২২,জালাল আহম্মদ চৌঃ,হোসনে আরা বেগম,"আাস মিয়ার বাড়ী, উত্তর বগাচতর, বগাচতর, সীতাকুন্ড, চট্টগ্রাম",১,Female
১০৮৩,শকিউন্নেছা,১৫০২৯৫১০২৭২৪,নূর আহম্মদ,বিবি ফাতেমা,"আব্দুল ভুঁঞা বাড়ী, উত্তর বগাচতর, বগাচতর, সীতাকুন্ড, চট্টগ্রাম",১,Female
১০৮৪,সুফিয়া,১৫০২৯৫১০২৭৩২,নূরহোসেন,জোসনা আরা,"লাতু চৌকিদার বাড়ী, উত্তর বগাচতর, বগাচতর, সীতাকুন্ড, চট্টগ্রাম",১,Female
১০৮৫,রুবিয়া বেগম,১৫০২৯৫১০২৭৩৩,আব্দুল কাদের জিলানী,হরান ধন,"লাতু চৌকিদার বাড়ী, উত্তর বগাচতর, বগাচতর, সীতাকুন্ড, চট্টগ্রাম",১,Female
১০৮৬,নাজমা আক্তার,১৫০২৯৫১০২৭৩৫,আব্দুল হক,ফিরোজা বেগম,"লাতু চৌকিদার বাড়ী, উত্তর বগাচতর, বগাচতর, সীতাকুন্ড, চট্টগ্রাম",১,Female
১০৮৭,মিনারা বেগম,১৫০২৯৫১০২৭৩৬,আব্দুল মন্নান,হাজেরা খাতুন,"লাতু চকীদারের বাড়ী, উত্তর বগাচতর, বগাচতর, সীতাকুন্ড, চট্টগ্রাম",১,Female
১০৮৮,মমতাজ বেগম,১৫০২৯৫১০২৭৩৭,ইাহিম,রাবেয়া বেগম,"লাতু চৌকিদার বাড়ী, উত্তর বগাচতর, বগাচতর, সীতাকুন্ড, চট্টগ্রাম",১,Female
১০৮৯,খাইরুন্নেছা,১৫০২৯৫১০২৭৩৮,ছেরাজুল হক,মানিক বিয়া,"হুরমত খঁা বাড়ী, উত্তর বগাচতর, বগাচতর, সীতাকুন্ড, চট্টগ্রাম",১,Female
১০৯০,নাছিমা আক্তার,১৫০২৯৫১০২৭৪০,মোঃ আবু তাহের,রুবিয়া বেগম,"লাতু চৌকিদার ◌াড়ী, উত্র বগাচতর, বগাচতর, সীতাকুন্ড, চট্টগ্রাম",১,Female
১০৯১,শাহিন,১৫০২৯৫১০২৭৪৩,মোঃ আবু তাহের,রুবিয়া বেগম,"লাতু চৌকিদার বাড়ী, উত্তর বগচতর, বগচতর, সীতাকুন্ড, চট্টগ্রাম",১,Female
১০৯২,রিজিয়া বেগম,১৫০২৯৫১০২৭৪৪,ছালেহ আহম্মদ,আজব খাতুন,"লাতু চৌকিদার বাড়ী, উত্তর বগাচতর, বগাচতর, সীতাকুন্ড, চট্টগ্রাম",১,Female
১০৯৩,ইয়াসমিন আক্তার,১৫০২৯৫১০২৭৪৬,সোহরাব হোসেন,নূর খাতুন,"হুরমত খঁা বাড়ী, উত্তর বগাচতর, বগাচতর, সীতাকুন্ড, চট্টগ্রাম",১,Female
১০৯৪,আয়েশা খাতুন,১৫০২৯৫১০২৭৪৮,আব্দুল কোাদ,ছিকদন বিয়া,"আব্দুর রউদ হাজী বাড়ি, উত্তর বগাচতর, বগাচতর, সীতাকুন্ড, চট্টগ্রাম",১,Female
১০৯৫,বিবি হাজেরা,১৫০২৯৫১০২৭৫০,ধন মিয়া,দেলোয়ারা বেগম,"হুরমত খঁা বাড়ী, উত্তর বগাচতর, বগাচতর, সীতাকুন্ড, চট্টগ্রাম৬১চূড়ান্ত ভোটার তালিকাজেলা:চট্টগ্রামউপজেলা:সীতাকুন্ডইউনিয়ন:সৈয়দপুরডাকঘর:কমর আলীভোটার এলাকার কোড: ০২৯৫ভোটার এলাকার নাম: উত্তর বগাচতর",১,Female
১০৯৬,সুফিয়া খাতুন,১৫০২৯৫১০২৭৫৫,আব্দুল মালেক,রইয়ছা খাতুন,"হুরমমত খঁা বাড়ী, উত্তর বগাচতর, বগাচতর, সীতাকুন্ড, চট্টগ্রাম",১,Female
১০৯৭,হাছিনা বেগম,১৫০২৯৫১০২৭৫৮,লুৎফুল হক,সুফিয়া খাতুন,"মৌতালী ব্যপারী বাড়ী, উত্তর বগাচতর, বগাচতর, সীতাকুন্ড, চট্টগ্রাম",১,Female
১০৯৮,হাজেরা বেগম,১৫০২৯৫১০২৭৫৯,ছোকধন,মমতাজ বেগম,"মৌতালী ব্যাপারী বাড়ী, উত্তর বগাচতর, বগাচতর, সীতাকুন্ড, চট্টগ্রাম",১,Female
১০৯৯,হাছিনা আমিন পলি,১৫০২৯৫১০২৭৬১,মোঃ আমিনূল হক,মোছাঃ আনোয়ারা বেগম,"একরামুল হক চৌঃ বাড়ী, উত্তর বগাচতর, বগাচতর, সীতাকুন্ড, চট্টগ্রাম",১,Female
১১০০,সারমিন আক্তার,১৫০২৯৫১০২৭৭৩,মোঃ আবু তাহের,কামরুজ্জাহান,"আাস মিয়া বাড়ী, উত্তর বগাচতর, বগাচতর, সীতাকুন্ড, চট্টগ্রাম",১,Female
১১০১,ছেমনা আফরোজ,১৫০২৯৫১০২৭৮৫,হাজী মতিউর রহমান,ছোকধন বিয়া,"জমাদার বাড়ী, উত্তর বগাচতর, বগাচতর, সীতাকুন্ড, চট্টগ্রাম",১,Female
১১০২,রুনা আক্তার,১৫০২৯৫১০২৭৯১,আমির আলী,হামলা খাতুন,"হোরা কাজী বাড়ি, উত্তর বগাচতর, বগাচতর, সীতাকুন্ড, চট্টগ্রাম",১,Female
১১০৩,আবি ধন,১৫০২৯৫১০২৭৯২,হাবিবুর রহমান,র্ণা ধন,"হোরা কাজী বাড়ী, উত্তর বগাচতর, বগাচতর, সীতাকুন্ড, চট্টগ্রাম",১,Female
১১০৪,নূর জাহান,১৫০২৯৫১০২৭৯৪,আবদুল গনি,আরব বিয়া,"হোরা কাজী বাড়ী, উত্তর বগাচতর, বগাচতর, সীতাকুন্ড, চট্টগ্রাম",১,Female
১১০৫,বিনা আক্তার,১৫০২৯৫১০২৭৯৫,এবাদল হক,চিকধন,"হোরা কাজী বাড়ী, উত্তর বগাচতর, বগাচতর, সীতাকুন্ড, চট্টগ্রাম",১,Female
১১০৬,কহিনূর,১৫০২৯৫১০২৭৯৬,আবুল হোসেন,ফিরোজ বেগম,"হোরা কাজী বাড়ী, উত্তর বগাচতর, বগাচতর, সীতাকুন্ড, চট্টগ্রাম",১,Female
১১০৭,সাহেদা,১৫০২৯৫১০২৭৯৭,রুহুল আমিন,ফরিদা বেগম,"হোরা কাজী বাড়ী, উত্তর বগাচতর, বগাচতর, সীতাকুন্ড, চট্টগ্রাম",১,Female
১১০৮,জাহেদা বেগম,১৫০২৯৫১০২৭৯৮,বজলের রহমান,আদুবা বেগম,"হোরা কাজী বাড়ী, উত্তর বগাচতর, বগাচতর, সীতাকুন্ড, চট্টগ্রাম",১,Female
১১০৯,পারভীন আক্তার,১৫০২৯৫১০২৭৯৯,আবদুল মালেক,ছবুরা খাতুন,"হোরা কাজী বাড়ী, উত্তর বগাচতর, বগাচতর, সীতাকুন্ড, চট্টগ্রাম",১,Female
১১১০,মনোয়ারা,১৫০২৯৫১০২৮০০,সফিউল আলম,সুরমা,"হোরা কাজী বাড়ী, উত্তর বগাচতর, বগাচতর, সীতাকুন্ড, চট্টগ্রাম",১,Female
১১১১,হালিমা খাতুন,১৫০২৯৫১০২৮০৩,নূর ইসলাম,নূর জাহান,"হোরা কাজী বাড়ী, উত্তর বগাচতর, বগাচতর, সীতাকুন্ড, চট্টগ্রাম",১,Female
১১১২,খতিজা বেগম,১৫০২৯৫১০২৮০৫,আহম্মদ ছোবহান,রশিদা,"হোরা কাজী বাড়ী, উত্তর বগাচতর, বগাচতর, সীতাকুন্ড, চট্টগ্রাম",১,Female
১১১৩,নূরজাহান,১৫০২৯৫১০২৮০৬,চুন্নু মিয়া,ছমনা,"ওয়াদন হক মাঝি বাড়ী, উত্তর বগাচতর, বগাচতর, সীতাকুন্ড, চট্টগ্রাম৬২চূড়ান্ত ভোটার তালিকাজেলা:চট্টগ্রামউপজেলা:সীতাকুন্ডইউনিয়ন:সৈয়দপুরডাকঘর:কমর আলীভোটার এলাকার কোড: ০২৯৫ভোটার এলাকার নাম: উত্তর বগাচতর",১,Female
১১১৪,আলেয়া আক্তার,১৫০২৯৫১০২৮০৮,আলী হোসেন,নূর জাহান,"ওয়াদুল হক মাঝি বাড়ী, উত্তর বগাচতর, বগাচতর, সীতাকুন্ড, চট্টগ্রাম",১,Female
১১১৫,ছকিনা বেগম,১৫০২৯৫১০২৮০৯,আবদুল খালেক,নবিদা খাতুন,"ওবাদুল হক মাঝি বাড়ী, উত্তর বগাচতর, বগাচতর, সীতাকুন্ড, চট্টগ্রাম",১,Female
১১১৬,নূর নাহার,১৫০২৯৫১০২৮১০,আমির হোসেন,খায়রুন্নেছা,"ওবায়দুল হক মাঝি বাড়ী, উত্তর বগাচতর, বগাচতর, সীতাকুন্ড, চট্টগ্রাম",১,Female
১১১৭,বেবী আক্তার,১৫০২৯৫১০২৮১১,আবুল খায়ের,রিজিয়া বেগম,"ওবায়দুল হক মাঝি বাড়ী, উত্তর বগাচতর, বগাচতর, সীতাকুন্ড, চট্টগ্রাম",১,Female
১১১৮,মনোয়ারা,১৫০২৯৫১০২৮১২,সুলতান,মায়মুনা,"ওবাদুল হক মাঝি বাড়ী, উত্তর বগাচতর, বগাচতর, সীতাকুন্ড, চট্টগ্রাম",১,Female
১১১৯,রহিমা আক্তার,১৫০২৯৫১০২৮১৩,আবদুল হক,কুলছুমা খাতুন,"কালা মিয়া মাঝি বাড়ী, উত্তর বগাচতর, বগাচতর, সীতাকুন্ড, চট্টগ্রাম",১,Female
১১২০,নূর নাহার বেগম,১৫০২৯৫১০২৮১৪,মোঃ সোলাইমান,দেলোয়ারা বেগম,"কালা মিয়ার মাঝির বাড়ী, উত্তর বগাচতর, বগাচতর, সীতাকুন্ড, চট্টগ্রাম",১,Female
১১২১,ছালেহা বেগম,১৫০২৯৫১০২৮১৬,আবদুল মালেক,আমেনা খাতুন,"কালা মিয়া মাঝি বাড়ী, উত্তর বগাচতর, বগাচতর, সীতাকুন্ড, চট্টগ্রাম",১,Female
১১২২,শাহানা আরা বেগম,১৫০২৯৫১০২৮১৭,আমির হোসেন,সাজেদা বেগম,"কালা মিয়া মাঝির বাড়ী, উত্তর বগাচতর, বগাচতর, সীতাকুন্ড, চট্টগ্রাম",১,Female
১১২৩,হালিমা বেগম,১৫০২৯৫১০২৮২২,রফিউজ্জামা,লেদু বিয়া,"কবির বলির বাড়ী, উত্তর বগাচতর, বগাচতর, সীতাকুন্ড, চট্টগ্রাম",১,Female
১১২৪,বিবি ফাতেমা,১৫০২৯৫১০২৮২৪,এনামুল হক,ছলিমা খাতুন,"কবির বলির বাড়ী, উত্তর বগাচতর, বগাচতর, সীতাকুন্ড, চট্টগ্রাম",১,Female
১১২৫,বিবি হাজেরা,১৫০২৯৫১০২৮২৫,নূর ইসলাম,ছেমনা আফরোজ,"কবির বলির বাড়ী, উত্তর বগাচতর, বগাচতর, সীতাকুন্ড, চট্টগ্রাম",১,Female
১১২৬,ফিরোজা বেগম,১৫০২৯৫১০২৮২৯,নূরুল আলম,আয়েশা বেগম,"কবির বলির বাড়ী, উত্তর বগাচতর, বগাচতর, সীতাকুন্ড, চট্টগ্রাম",১,Female
১১২৭,ফরিদা ইয়াছমিন,১৫০২৯৫১০২৮৩০,শেখ আহম্মদ,নূর জাহান বেগম,"কবির বলির বাড়ী, উত্তর বগাচতর, বগাচতর, সীতাকুন্ড, চট্টগ্রাম",১,Female
১১২৮,জেবনা আফরোজ,১৫০২৯৫১০২৮৩২,জাগির হোসেন,জাহানারা বেগম,"কবির বলির বাড়ী, উত্তর বগাচতর, বগাচতর, সীতাকুন্ড, চট্টগ্রাম",১,Female
১১২৯,জাহানারা বেগম,১৫০২৯৫১০২৮৩৪,বজলুর রহমান,নূর খাতুন,"কবির বলির বাড়ী, উত্তর বগাচতর, বগাচতর, সীতাকুন্ড, চট্টগ্রাম",১,Female
১১৩০,উম্মে কুমছুম,১৫০২৯৫১০২৮৩৮,আবুল খায়ের,অজিফা খাতুন,"মনকাজী ভুঁঞা বাড়ী, উত্তর বগাচতর, বগাচতর, সীতাকুন্ড, চট্টগ্রাম",১,Female
১১৩১,সুলতানা ইয়াছমিন,১৫০২৯৫১০২৮৪০,আবুল কাসেম,দেলাফরোজ,"মনকাজী ভুঁঞা বাড়ী, উত্তর বগাচতর, বগাচতর, সীতাকুন্ড, চট্টগ্রাম৬৩চূড়ান্ত ভোটার তালিকাজেলা:চট্টগ্রামউপজেলা:সীতাকুন্ডইউনিয়ন:সৈয়দপুরডাকঘর:কমর আলীভোটার এলাকার কোড: ০২৯৫ভোটার এলাকার নাম: উত্তর বগাচতর",১,Female
১১৩২,জেসমিন আক্তার,১৫০২৯৫১০২৮৪১,জাকারিয়া হোসেন,হরান ধন,"মনকাজী ভুঁঞা বাড়ী, উত্তর বগাচতর, বগাচতর, সীতাকুন্ড, চট্টগ্রাম",১,Female
১১৩৩,খোরশেদা বেগম,১৫০২৯৫১০২৮৪৬,আজিজুর রহমান ভুঁঞা,হালিমা খাতুন,"বদিউজ্জামান হাজী বাড়ী, উত্তর বগাচতর, বগাচতর, সীতাকুন্ড, চট্টগ্রাম",১,Female
১১৩৪,ছালেহা বেগম,১৫০২৯৫১০২৮৪৭,ফজলুল হক,রোকেযা বেগম,"বদিউজ্জামা হাজি বাড়ী, উত্তর বগাচতর, বগাচতর, সীতাকুন্ড, চট্টগ্রাম",১,Female
১১৩৫,নূর জাহান বেগম,১৫০২৯৫১০২৮৫৩,মজিবুল হক,মুত্তনা খাতুন,"আবদুল কাদের মোল্যাা বাড়ী, উত্তর বগাচতর, বগাচতর, সীতাকুন্ড, চট্টগ্রাম",১,Female
১১৩৬,রাশেদা আক্তার,১৫০২৯৫১০২৮৫৪,কাজী অলি উল্যাহ,হোসনে জাহান,"আবদুল কাদের মোল্যাা বাড়ী, উত্তর বগাচতর, বগাচতর, সীতাকুন্ড, চট্টগ্রাম",১,Female
১১৩৭,কামরুন্নাহার,১৫০২৯৫১০২৮৫৫,একরামুল হক,ছালেহা বেগম,"আবদুল কাদের মোল্যাা বাড়ী, উ: বগাচতর, বগাচতর, সীতাকুন্ড, চট্টগ্রাম",১,Female
১১৩৮,তহিদা আক্তার,১৫০২৯৫১০২৮৫৬,সামছুল ইসলাম চৌধরী,সৈয়দা খাতুন,"আবদুল কাদের মোল্যাা বাড়ী, উত্তর বগাচতর, বগাচতর, সীতাকুন্ড, চট্টগ্রাম",১,Female
১১৩৯,মাজেদা খাতুন,১৫০২৯৫১০২৮৫৭,আতরের জামান,আবেদা খাতুন,"আব্দুল কাদের মোল্যাা বাড়ী, ইত্তর বগাচতর, বগাচতর, সীতাকুন্ড, চট্টগ্রাম",১,Female
১১৪০,হাছিনা আক্তার,১৫০২৯৫১০২৮৫৮,আবদুল কোাদ,ফরিদা খাতুন,"আবদুল কাদের মোল্যাা বাড়ী, উত্তর বগাচতর, বগাচতর, সীতাকুন্ড, চট্টগ্রাম",১,Female
১১৪১,রাশেদা বেগম,১৫০২৯৫১০২৮৫৯,আলী আকবর,নাদেরের নেছা,"আবদুল কাদের মোল্যাা বাড়ী, উত্তর বগাচতর, বগাচতর, সীতাকুন্ড, চট্টগ্রাম",১,Female
১১৪২,রুবিনা আক্তার,১৫০২৯৫১০২৮৬১,ছালেহ আহম্মদ,বদরে জাহান,"আবদুল কাদের মোল্যাা বাড়ী, উত্তর বগাচতর, বগাচতর, সীতাকুন্ড, চট্টগ্রাম",১,Female
১১৪৩,বদরে জাহান,১৫০২৯৫১০২৮৬৪,মনির আহাম্মদ,সামছুন নাহার,"আব্দুল কাদের মোল্যাা বাড়ী, উত্তর বগাচতর, বগাচতর, সীতাকুন্ড, চট্টগ্রাম",১,Female
১১৪৪,রুজিনা আক্তার,১৫০২৯৫১০২৮৬৫,ছালেহ আহাম্মদ,বদরে জাহান,"আবদুল কাদের মোল্যাা বাড়ী, উত্তর বগাচতর, বগাচতর, সীতাকুন্ড, চট্টগ্রাম",১,Female
১১৪৫,সামছুন নাহার,১৫০২৯৫১০২৮৬৬,আব্দুল কাদ,শরিফা খাতুন,"আব্দুল কাদের মোল্যাা বাড়ী, উত্তর বগাচতর, বগাচতর, সীতাকুন্ড, চট্টগ্রাম",১,Female
১১৪৬,ফিরোজা বেগম,১৫০২৯৫১০২৮৬৭,আবদুল কুদ্দুছ,মানরুন্নেছা,"আবদুল কাদের মোল্যাা বাড়ী, উত্তর বগাচতর, বগাচতর, সীতাকুন্ড, চট্টগ্রাম",১,Female
১১৪৭,জোসনা আরা বেগম,১৫০২৯৫১০২৮৬৮,জয়নাল আবেদীন,ছকিনা বেগম,"কেরামত আলী বাড়ি, উত্তর বগাচতর, বগাচতর, সীতাকুন্ড, চট্টগ্রাম",১,Female
১১৪৮,রোকেয়া বেগম,১৫০২৯৫১০২৮৬৯,অনিছুল হক,নূরজাহান বেগম,"কেরামত আলী বাড়ী, উত্তর বগাচতর, বগাচতর, সীতাকুন্ড, চট্টগ্রাম",১,Female
১১৪৯,নাছরিন আক্তার পলি,১৫০২৯৫১০২৮৭০,আহম্মদ কবির,নূর জাহান বেগম,"কেরামত আলী বাড়ী, উত্তর বগাচতর, বগাচতর, সীতাকুন্ড, চট্টগ্রাম৬৪চূড়ান্ত ভোটার তালিকাজেলা:চট্টগ্রামউপজেলা:সীতাকুন্ডইউনিয়ন:সৈয়দপুরডাকঘর:কমর আলীভোটার এলাকার কোড: ০২৯৫ভোটার এলাকার নাম: উত্তর বগাচতর",১,Female
১১৫০,ছুফিয়া খাতুন,১৫০২৯৫১০২৮৭১,আমিনের রহমান,সৈয়দা খাতুন,"কেরামত আলী বাড়ী, উত্তর বগাচতর, বগাচতর, সীতাকুন্ড, চট্টগ্রাম",১,Female
১১৫১,রেখা,১৫০২৯৫১০২৮৭৩,গোলাম রানী,আক্তারেন্নেছা,"কেরামত আলী বাড়ী, উত্তর বগাচতর, বগাচতর, সীতাকুন্ড, চট্টগ্রাম",১,Female
১১৫২,নূর নেহার বেগম,১৫০২৯৫১০২৮৭৫,মনির আহম্মদ,রহমত বিবি,"কেরাম আরী বাড়ি, উত্তর বগাচতর, বাচতর, সীতাকুন্ড, চট্টগ্রাম",১,Female
১১৫৩,বিবি ফাতেমা,১৫০২৯৫১০২৮৭৬,হৈদ ব,ছহর বিয়া,"কেরামত আলী বাড়ী, উত্তর বগাচতর, বগাচতর, সীতাকুন্ড, চট্টগ্রাম",১,Female
১১৫৪,জাহানারা বেগম,১৫০২৯৫১০২৮৭৯,হোছনের জামা,মায়মুনা খাতুন,"কেরামত আলী বাড়ী, উত্তর বগাচতর, বগাচতর, সীতাকুন্ড, চট্টগ্রাম",১,Female
১১৫৫,হোছনারা বেগম,১৫০২৯৫১০২৮৮০,ফয়েজ আহম্মদ,খায়রুন নেছা,"কেরামত আলী বাড়ী, উত্তর বগাচতর, বগাচতর, সীতাকুন্ড, চট্টগ্রাম",১,Female
১১৫৬,রাশেদা আক্তার,১৫০২৯৫১০২৮৮১,নূর মোহাম্মদ,বিবি ফাতেমা,"কেরামত আলী বাড়ী, উত্তর বগাচতর, বগাচতর, সীতাকুন্ড, চট্টগ্রাম",১,Female
১১৫৭,আনোয়ারা বেগম,১৫০২৯৫১০২৮৮৪,মনির আহম্মদ,নূর নেহার বেগম,"কেরামত আলী বাড়ী, উত্তর বগাচতর, বগাচতর, সীতাকুন্ড, চট্টগ্রাম",১,Female
১১৫৮,আকলিমা আক্তার আখি,১৫০২৯৫১০২৮৮৫,তাজুল ইসলাম,ছুফিয়া বেগম,"কেরামত আলী বাড়ী, উত্তর বগাচতর, বগাচতর, সীতাকুন্ড, চট্টগ্রাম",১,Female
১১৫৯,জোসনা আরা বেগম,১৫০২৯৫১০২৮৮৬,এনামুল হক,শরিফা খাতুন,"কেরামত আলী বাড়ী, উত্তর বগাচতর, বগাচতর, সীতাকুন্ড, চট্টগ্রাম",১,Female
১১৬০,তাছলিমা আক্তার,১৫০২৯৫১০২৮৮৭,মোঃ নূর মোস্তাফা,নাজমা বেগম,"কেরামত আলী বাড়ী, উত্তর বগাচতর, বগাচতর, সীতাকুন্ড, চট্টগ্রাম",১,Female
১১৬১,জাহানারা বেগম,১৫০২৯৫১০২৮৯০,হাজী আবুল খায়ের,ছেমনা আফরোজ,"কেরামত আলী বাড়ি, উত্তর বগাচতর, বগাচতর, সীতাকুন্ড, চট্টগ্রাম",১,Female
১১৬২,দিল আফরোজ,১৫০২৯৫১০২৮৯১,আবুল খায়ের,ছফিয়া খাতুন,"করামত আলী বাড়ী, উত্তর বগাচতর, বগাচতর, সীতাকুন্ড, চট্টগ্রাম",১,Female
১১৬৩,হালিমা খাতুন,১৫০২৯৫১০২৮৯৩,সেকান্তর,হরতের নেছা,"কেরামত আলী বাড়ী, উত্তর বগাচতর, বগাচতর, সীতাকুন্ড, চট্টগ্রাম",১,Female
১১৬৪,মোছাম্মৎ আচমা আরা বেগম,১৫০২৯৫১০২৯০২,মোহাম্মদ আমিনূল হক,আবিধন,"হোরা কাজী বাড়ী, উত্তর বগাচতর, বগাচতর, সীতাকুন্ড, চট্টগ্রাম",১,Female
১১৬৫,মায়মুনা খাতুন,১৫০২৯৫১০২৯০৫,আবুল খায়ের,মোস্তফা খাতুন,"কালা মিয়া মাঝির বাড়ী, উত্তর বগাচতর, বগাচতর, সীতাকুন্ড, চট্টগ্রাম",১,Female
১১৬৬,কহিনূর আক্তার,১৫০২৯৫১০২৯০৭,নূরুল আলম,নূর নাহার,"কালা মিয়া মাঝি বাড়ী, উত্তর বগাচতর, বগাচতর, সীতাকুন্ড, চট্টগ্রাম",১,Female
১১৬৭,বালি খাতুন,১৫০২৯৫১০২৯০৯,নূর ব,রাবেয়া খাতুন,"কালা মিয়া মাঝি বাড়ী, উত্তর বগাচতর, বগাচতর, সীতাকুন্ড, চট্টগ্রাম৬৫চূড়ান্ত ভোটার তালিকাজেলা:চট্টগ্রামউপজেলা:সীতাকুন্ডইউনিয়ন:সৈয়দপুরডাকঘর:কমর আলীভোটার এলাকার কোড: ০২৯৫ভোটার এলাকার নাম: উত্তর বগাচতর",১,Female
১১৬৮,লিলু,১৫০২৯৫১০২৯১০,আবদুল রজক,বিবি ফাতেমা,"কালা মিয়া মাঝি বাড়ী, উত্তর বগাচতর, বগাচতর, সীতাকুন্ড, চট্টগ্রাম",১,Female
১১৬৯,ছেনয়ারা বেগম,১৫০২৯৫১০২৯১১,সেকান্তর মিয়া,ছেমনা খাতুন,"কালা মিয়া মাঝি বাড়ী, উত্তর বগাচতর, বগাচতর, সীতাকুন্ড, চট্টগ্রাম",১,Female
১১৭০,রোসনা বেগম,১৫০২৯৫১০২৯১৪,সামছুর আলম,সফিয়া খাতুন,"মোমিন মাঝি বাড়ী, উত্তর বগাচতর, বগাচতর, সীতাকুন্ড, চট্টগ্রাম",১,Female
১১৭১,আছমা বেগম,১৫০২৯৫১০২৯১৫,রুস্তম আলী,শাজান বেগম,"আবদুর রহিমের বাড়ী, উত্তর বগাচতর, বগাচতর, সীতাকুন্ড, চট্টগ্রাম",১,Female
১১৭২,মাফুজা বেগম,১৫০২৯৫১০২৯১৬,ছদিকের রহমান,বিবি জহিদা,"আবদুর রহিমের বাড়ী, উ: বগাচতর, বগাচতর, সীতাকুন্ড, চট্টগ্রাম",১,Female
১১৭৩,বিউটি খাতুন,১৫০২৯৫১০২৯১৭,আদাজ আকন্দা,অছিরন বিবি,"হোরা কাজি বাড়ী, উত্তর বগাচতর, বগাচতর, সীতাকুন্ড, চট্টগ্রাম",১,Female
১১৭৪,হাছিনা আক্তার,১৫০২৯৫১০২৯১৮,ফয়েজ আহম্মদ,আন্জুমা খাতুন,"কালা মিয়া মাঝি বাড়ী, উ: বগাচতর, বগাচতর, সীতাকুন্ড, চট্টগ্রাম",১,Female
১১৭৫,সরিফা খাতুন,১৫০২৯৫১০২৯১৯,গনি আহম্মদ,আফিয়া খাতুন,"হোরা কাজী বাড়ী, উত্তর বগাচতর, বগাচতর, সীতাকুন্ড, চট্টগ্রাম",১,Female
১১৭৬,রুবি আক্তার,১৫০২৯৫১০২৯২৩,সামছুদ্দিন,শাহানা আক্তার,"কালা মিয়া মাঝি বাড়ী, উত্তর বগাচতর, বগাচতর, সীতাকুন্ড, চট্টগ্রাম",১,Female
১১৭৭,হোসনেয়ারা বেগম,১৫০২৯৫১০২৯২৯,মহিত উল্যা্যাহ,ছকিনা বেগম,"বদিউজ্জামা হাজী বাড়ী, উত্তর বগাচতর, বগাচতর, সীতাকুন্ড, চট্টগ্রাম",১,Female
১১৭৮,তাহমিনা সুলতানা,১৫০২৯৫১০২৯৩২,সফিকুর রহমান,মনোয়ারা শফিক,"বদিউজ্জামান হাজী বাড়ী, উত্তর বগাচতর, বগাচতর, সীতাকুন্ড, চট্টগ্রাম",১,Female
১১৭৯,বোরহানা আক্তার,১৫০২৯৫১০২৯৩৩,মোঃ নূরুল আবছার,ছালেহা খাতুন,"বদিউজ্জামান হাজী বাড়ি, উত্তর বগাচতর, বগাচতর, সীতাকুন্ড, চট্টগ্রাম",১,Female
১১৮০,আনোয়ারা বেগম,১৫০২৯৫১০২৯৩৭,নূরুল আবছার,বছারা খাতুন,"শাহ আলম মাস্টার বাড়ী, উত্তর বগাচতর, বগাচতর, সীতাকুন্ড, চট্টগ্রাম",১,Female
১১৮১,আমবিয়া খাতুন,১৫০২৯৫১০২৯৪৫,বজলের রহমান,তাহেরেন্নছা,"লমির বাড়ী, উত্তর বগাচতর, বগাচতর, সীতাকুন্ড, চট্টগ্রাম",১,Female
১১৮২,সাহেদা আক্তার,১৫০২৯৫১০২৯৪৮,আবুল কালাম,ফরিদা বেগম,"মীর বাড়ী, উত্তর বগাচতর, বগাচতর, সীতাকুন্ড, চট্টগ্রাম",১,Female
১১৮৩,তাছলিমা আক্তার,১৫০২৯৫১০২৯৪৯,রুহুল আমিন,আয়েশা খাতুন,"মকরম আলি সারেং বাড়ী, উত্তর বগাচতর, বগাচতর, সীতাকুন্ড, চট্টগ্রাম",১,Female
১১৮৪,ফাতেমা জিন্নাহ,১৫০২৯৫১০২৯৫২,মনির আহমদ,সামছুল নেছা,"হোরা কাজী বাড়ী, উত্তর বগাচতর, বগাচতর, সীতাকুন্ড, চট্টগ্রাম",১,Female
১১৮৫,ফিরোজা,১৫০২৯৫১০২৯৫৩,অছি আহম্মদ,মায়মুনা খাতুন,"হোরা কাজী বাড়ী, উত্তর বগাচতর, বগাচতর, সীতাকুন্ড, চট্টগ্রাম৬৬চূড়ান্ত ভোটার তালিকাজেলা:চট্টগ্রামউপজেলা:সীতাকুন্ডইউনিয়ন:সৈয়দপুরডাকঘর:কমর আলীভোটার এলাকার কোড: ০২৯৫ভোটার এলাকার নাম: উত্তর বগাচতর",১,Female
১১৮৬,গোলমের,১৫০২৯৫১০২৯৫৪,আবদুল মালেক,আয়েশা খাতুন,"হোরা কাজী বাড়ী, উত্তর বগাচতর, বগাচতর, সীতাকুন্ড, চট্টগ্রাম",১,Female
১১৮৭,রেহানা আক্তার,১৫০২৯৫১০২৯৫৫,আবুল বশর,সামছুন নাহার,"কেরামত আলী বাড়ী, উত্তর বগাচতর, বগাচতর, সীতাকুন্ড, চট্টগ্রাম",১,Female
১১৮৮,জাহানারা বেগম,১৫০২৯৫১০২৯৫৬,সুলতান আহম্মদ,অজিবা খাতুন,"উত্তর বগাচতর, বগাচতর, সীতাকুন্ড, চট্টগ্রাম",১,Female
১১৮৯,জেসমিন,১৫০২৯৫১০২৯৫৭,সোহরাব,নূর খাতুন,"মীর বাড়ী, উত্তর বগচতর, বগচতর, সীতাকুন্ড, চট্টগ্রাম",১,Female
১১৯০,নাছরিন আক্তার,১৫০২৯৫১০২৯৫৯,আলী আকবর,হাছিনা আক্তার,"ওবায়দুল হক মাঝি বাড়ী, উত্তর বগাচতর, বগাচতর, সীতাকুন্ড, চট্টগ্রাম",১,Female
১১৯১,ছালেহা বেগম,১৫০২৯৫১০২৯৬৩,নূর ব,হোনদা খাতুন,"আবদুল মজিদ বাড়ী, উত্তর বগাচতর, বগাচতর, সীতাকুন্ড, চট্টগ্রাম",১,Female
১১৯২,রোকেয়া আক্তার,১৫০২৯৫১০৫০৪৬,সফিউল আলম,সাহেনা আক্তার,"সফি সওদাগরের বাড়ি, উঃ বগাচতর, বগাচতর, সীতাকুন্ড, চট্টগ্রাম",১,Female
১১৯৩,অজিবা খাতুন,১৫০২৯৫১০৫৬২০,আহমদের রহমান,আনজুমা খাতুন,"দরবেশ আলীর বাড়ী, দিন বগাচতর, বগাচতর, সীতাকুন্ড, চট্টগ্রাম",১,Female
১১৯৪,নাশপতি জলদাস,১৫০২৯৫১০৭৭৭৫,লী চরম জলদাস,চা রানী জলদাস,"অনন্ত কুমার জলদাসের বাড়ী, উত্তর বগাচতর, সীতাকুন্ড, চট্টগ্রাম",১,Female
১১৯৫,রোজী সুলতানা,১৫০২৯৫১১৩৬৭০,মোঃ আব্দুল কাইয়ুম,নূর জাহান,"উঃ বগাচতর, সীতাকুন্ড, চট্টগ্রাম",১,Female
১১৯৬,মোছাম্মৎ ফারহানা আফরোজ লাভলী,১৫০২৯৫৩৪৭৭৪৫,মোহাং আবু জাফর,রেনূহুর বেগম,"মুনছুর কাজীর বাড়ি, মঃ বগাচতর, সীতাকুন্ড, চট্টগ্রাম",১,Female
১১৯৭,ছালেহা বেগম,১৫০২৯৫৩৪৭৭৬৪,সোলতান আহম্মদ,মামুদা খাতুন,"হেদু ভূঞা বাড়ী, উত্তর বগাচতর, সীতাকুন্ড, চট্টগ্রাম",১,Female
১১৯৮,ফারহানা মুশতারী,১৫০২৯৫০০০০০১,আলমগীর চৌধুরী,সাবিনা ইয়াছমিন,"আাছ মিঞার বাড়ী, উঃ বগাচতর, বগাচতর, সীতাকুন্ড, চট্টগ্রাম",১,Female
১১৯৯,আইরিন আকতার,১৫০২৯৫০০০০০২,নূরুল আবছার,সুলতানা রাজিয়া,"আবদুল মুনাফ সওদাগর বাড়ী, বগাচতর, সীতাকুন্ড, চট্টগ্রাম",১,Female
১২০০,মিরা রানী দাস,১৫০২৯৫০০০০২৯,সন্তোষ কুমার দাস,গীতা রানী দাস,"বাগচতর, উ: বাগচতর, বাগতির, সীতাকুন্ড, চট্টগ্রাম",১,Female
১২০১,নাসরীন সুলতানা,১৫০২৯৫০০০০৩১,নূরুল মোস্তফা,হোসেন আরা বেগম,"আমান উল্যাা আহুরী বাড়ি, দঃ বাগচতর, বাগচতর, সীতাকুন্ড, চট্টগ্রাম",১,Female
১২০২,শামিনা,১৫০২৯৫০০০০৪২,নেজাম উদ্দিন,হোসনে আরা,"ছাবির আলী বাড়ি, উত্তর বগাচতর, বগাচতর, সীতাকুন্ড, চট্টগ্রাম",১,Female
১২০৩,মোহছেনা আক্তার,১৫০২৯৫০০০০৫২,নিজামুল হক,সফিয়া,"নিজামুল হক বাড়ী, উত্তর বগাচতর, বগাচতর, সীতাকুন্ড, চট্টগ্রাম৬৭চূড়ান্ত ভোটার তালিকাজেলা:চট্টগ্রামউপজেলা:সীতাকুন্ডইউনিয়ন:সৈয়দপুরডাকঘর:কমর আলীভোটার এলাকার কোড: ০২৯৫ভোটার এলাকার নাম: উত্তর বগাচতর",১,Female
১২০৪,সুরভি রহমান রা,১৫০২৯৫০০০০৫৩,মোহাম্মদ মোস্তাফিজুর রহমান,খন্দাকার ফেরদৌস নাহার,"আব্দুল ভুঞা বাড়ী, আব্দুল ভুঞা বাড়ী, বগাচতর, সীতাকুন্ড, চট্টগ্রাম",১,Female
১২০৫,পিনজুরা আক্তার,১৫০২৯৫০০০০৫৪,আবুল বসর,জাহেদা খাতুন,"২৯১, খোরশেদ মাস্টার বাড়ী, বগাচতর, সীতাকুন্ড, চট্টগ্রাম",১,Female
১২০৬,সাজেদা আক্তার সুমি,১৫০২৯৫০০০০৫৭,মোয়াজ্জেম হোসেন,রাজিয়া বেগম,"হেদু ভুঁইয়া বাড়ী, উত্তর বগাচতর, বগাচতর, সীতাকুন্ড, চট্টগ্রাম",১,Female
১২০৭,রহিমা আক্তার ভুঁইয়া,১৫০২৯৫০০০০৫৮,সিরাজুল ইসলাম,সুরুজ জাহান,"আবদুল ভুঁইয়া বাড়ী, আবদুল ভুঁইয়া বাড়ী, বগাচতর, সীতাকুন্ড, চট্টগ্রাম",১,Female
১২০৮,ফারজানা আক্তার জেনি,১৫০২৯৫০০০০৫৯,মোঃ আলী আকবর,মোছাঃ জোবায়দা খানম,"হুরমুত খঁা বাড়ি, বগাচতর, সীতাকুন্ড, চট্টগ্রাম",১,Female
১২০৯,চকিনা আক্তার,১৫০২৯৫০০০০৬১,সিরাজুল ইসলাম,সুরুজ জাহান,"আব্দুল ভুইয়া বাড়ি, উত্তর বগাচতর আবদুল ভুইয়া বাড়ী, বগাচতর, সীতাকুন্ড, চট্টগ্রাম",১,Female
১২১০,মোহছেনা আকতার,১৫০২৯৫০০০০৬২,মোঃ ছলিম উল্যাহ,শাহিনূর বেগম,"লমির বাড়ী, উত্তর বগাচতর, বগাচতর, সীতাকুন্ড, চট্টগ্রাম",১,Female
১২১১,সাদিয়া কুলছুমা,১৫০২৯৫০০০০৬৪,বশির উল্যাহ,নূর জাহান বেগম,"সামমাঝী বাড়ী, উত্তর বগাচতর, বগাচতর, সীতাকুন্ড, চট্টগ্রাম",১,Female
১২১২,কহিনূর বেগম,১৫০২৯৫০০০০৬৫,নিজামুল হক,হোসনে আরা,"নূর আহম্মদ সারেং বাড়ী, উত্তর বগাচতর, বগাচতর, সীতাকুন্ড, চট্টগ্রাম",১,Female
১২১৩,ফারহানা আকতার,১৫০২৯৫০০০০৬৬,সফিজুর রহমান ভূইয়া,মনোয়ারা বেগম,"তোফর আলী ভুইয়া বাড়ী, উত্তর বগাচতর, বগাচতর, সীতাকুন্ড, চট্টগ্রাম",১,Female
১২১৪,ফারাহানা আক্তার,১৫০২৯৫০০০০৭৪,মোঃ রবিউল হোসাইন,শাহানা আক্তার,"পূর্ব বাকখালী, উত্তর বগাচতর, বগাচতর, সীতাকুন্ড, চট্টগ্রাম",১,Female
১২১৫,লিপি রাণী দাস,১৫০২৯৫০০০১০১,হারাধন চন্দ্র দাস,টুনি রাণী দাস,"২৪১, উত্তর বগাচতর, বগাচতর, সীতাকুন্ড, চট্টগ্রাম",১,Female
১২১৬,বিবি মরিয়ম,১৫০২৯৫০০০১০২,খলিলুর রহমান,চেমনা আফরোজ,"লমির বাড়ী, উত্তর বগাচতর, বগাচতর, সীতাকুন্ড, চট্টগ্রাম",১,Female
১২১৭,আয়শা আক্তার,১৫০২৯৫০০০১০৩,রিদোয়ানূল হক,নূরজাহান বেগম,"কাঠির পাড়, বগাচতর, সীতাকুন্ড, চট্টগ্রাম",১,Female
১২১৮,নূর নাহার বেগম,১৫০২৯৫০০০১০৪,ছৈদের রহমান ভূঁইয়া,জয়নাব বিবি,"আবু তাহের সওদাগরের বাড়ি, বগাচতর, সীতাকুন্ড, চট্টগ্রাম",১,Female
১২১৯,তাহমিনা পারভীন,১৫০২৯৫০০০১০৫,নরুল হুদা,রিজিয়া বেগম,"মম আলী সেরাং বাড়ি, বগাচতর, সীতাকুন্ড, চট্টগ্রাম",১,Female
১২২০,রোজিনা আক্তার,১৫০২৯৫০০০১০৬,নূরুল আলম,জরিনা বেগম,"সামমাঝী বাড়ী, উত্তর বগাচতর, বগাচতর, সীতাকুন্ড, চট্টগ্রাম",১,Female
১২২১,ফেরদৌসি আকতার,১৫০২৯৫০০০১১৯,মোঃ আবু তাহের,আয়েশা বেগম,"তোয়ানী মীর বাড়ি, উত্তর বগাচতর, বগাচতর, সীতাকুন্ড, চট্টগ্রাম৬৮চূড়ান্ত ভোটার তালিকাজেলা:চট্টগ্রামউপজেলা:সীতাকুন্ডইউনিয়ন:সৈয়দপুরডাকঘর:কমর আলীভোটার এলাকার কোড: ০২৯৫ভোটার এলাকার নাম: উত্তর বগাচতর",১,Female
১২২২,বিবি খতিজা,১৫০২৯৫০০০১৩৬,মোহাঃ আবদুল আলী,ছেমনা আক্তার,"আবদুর রউফ হাজীর বাড়ি, উঃ বগাচতর, বগাচতর, সীতাকুন্ড, চট্টগ্রাম",১,Female
১২২৩,খালেদা আক্তার,১৫০২৯৫০০০১৩৮,জামাল উদ্দিন,আছবা খাতুন,"তোয়াব আলি বাড়ি, উঃ বগাচতর, সীতাকুন্ড, চট্টগ্রাম",১,Female
১২২৪,নূরু ন্নাহার রুমি,১৫০২৯৫০০০১৩৯,নূরুল আলম ভূঁঞা,হোসনে আরা বেগম,"সেকান্দার বাড়ি, উঃ বগাচতর, সীতাকুন্ড, চট্টগ্রাম",১,Female
১২২৫,জাহেদা আক্তার,১৫০২৯৫০০০১৪১,রবিউল হোসেন,লায়লা বেগম,"কেরমত আলী সওদাগরের বাড়ী, উঃ বগাচতর, বগাচতর, সীতাকুন্ড, চট্টগ্রাম",১,Female
১২২৬,মজর্িনা আক্তার,১৫০২৯৫০০০১৪৩,নিজামুল হক,সাফিয়া,"নিজামুল হক বাড়ী, উত্তর বগাচতর, বগাচতর, সীতাকুন্ড, চট্টগ্রাম",১,Female
১২২৭,দেবী জল দাস,১৫০২৯৫০০০১৪৪,গৌর কৃশর জল দাস,রাধা রানী,"জলদাস বাড়ী, বগাচতর, সীতাকুন্ড, চট্টগ্রাম",১,Female
১২২৮,বিলকিছ বেগম,১৫০২৯৫০০০১৪৫,জাগির হোসেন,হাজেরা বেগম,"ছবির আলী বাড়ী, বগাচতর, সীতাকুন্ড, চট্টগ্রাম",১,Female
১২২৯,বিউটি জল দাস,১৫০২৯৫০০০১৪৯,প্রিয়লাল,জোা জলদাস,"জলদাস বাড়ী, উত্তর বগাচতর, বগাচতর, সীতাকুন্ড, চট্টগ্রাম",১,Female
১২৩০,ফারহানা আক্তার,১৫০২৯৫০০০১৫০,মোঃ আলমগীর হোসেন,জাহানারা বেগম,"২৮৫, খোশন মাস্টার বাড়ি, বগাচতর, সীতাকুন্ড, চট্টগ্রাম",১,Female
১২৩১,হাজেরা বেগম,১৫০২৯৫০০০১৫২,আবুল খায়ের,বিবি ফাতেমা,"ছাবির আলী বাড়ি, উত্তর বগাচতর, বগাচতর, সীতাকুন্ড, চট্টগ্রাম",১,Female
১২৩২,বিবি ফাতেমা,১৫০২৯৫০০০১৫৫,মহরুলম আবু মুছা,বিবি হাজেরা খাতুন,"লাল মোহাম্মদ গোমস্তা বাড়ী, উত্তর বগাচতর, সীতাকুন্ড, চট্টগ্রাম",১,Female
১২৩৩,আমিনা তুর রাহীলা,১৫০২৯৫০০০১৫৮,নূরুল আলম ছিদ্দীকী,রোকেয়া বেগম,"বাহার মাঝির বাড়ী, সৈয়দপুর, সীতাকুন্ড, চট্টগ্রাম",১,Female
১২৩৪,সেলিনা আক্তার,১৫০২৯৫০০০১৬০,মোঃ নূরুল আবছার,আমাতুর নূর,"মুছা কাজী বাড়ী, বগাচতর, সীতাকুন্ড, চট্টগ্রাম",১,Female
১২৩৫,তৌহিদা আক্তার,১৫০২৯৫০০০১৬১,মোহাম্মদ হোসেন,আমিয়া খাতুন,"আবদুরুফ হাজী বাড়ী, বগাচতর, সীতাকুন্ড, চট্টগ্রাম",১,Female
১২৩৬,রোমেনা আক্তার,১৫০২৯৫০০০১৬৪,জাহের আহাম্মদ,আনোয়ারা বেগম,"৫০৪, ওমর খাপঠান বাড়ী, উঃ বগাচতর, বগাচতর, সীতাকুন্ড, চট্টগ্রাম",১,Female
১২৩৭,হাজেরা আকতার,১৫০২৯৫০০০১৬৬,আবু তাহের,ফিরোজা বেগম,"কেরমত আলী সওদাগর বাড়ী, উঃ বগাচতর, বগাচতর, সীতাকুন্ড, চট্টগ্রাম",১,Female
১২৩৮,সাজিয়া আফরিন,১৫০২৯৫০০০১৬৭,জাকারিয়া ফারুক চৌধুরী,রহিমা আক্তার,"নূরুল হক হাজী বাড়ি, উত্তর বগাচতর, বগাচতর, সীতাকুন্ড, চট্টগ্রাম",১,Female
১২৩৯,ফখরের জাহান,১৫০২৯৫০০০১৮০,আবু জাফর,মমতাজ বেগম,"মুছা হাজী বাড়ী, উঃ বগাচতর, বগাচতর, সীতাকুন্ড, চট্টগ্রাম৬৯চূড়ান্ত ভোটার তালিকাজেলা:চট্টগ্রামউপজেলা:সীতাকুন্ডইউনিয়ন:সৈয়দপুরডাকঘর:কমর আলীভোটার এলাকার কোড: ০২৯৫ভোটার এলাকার নাম: উত্তর বগাচতর",১,Female
১২৪০,ছেনোয়ারা,১৫০২৯৫০০০১৮৫,আবদুল হক,বালি খাতুন,"কালা মিয়া মাঝি বাড়ী, উঃ বগাচতর, বাঘা ছাত্তার, সীতাকুন্ড, চট্টগ্রাম",১,Female
১২৪১,খালেদা আক্তার,১৫০২৯৫০০০২০৬,শামছুল হক,কোরফুলা,"নূর আহম্মেদ সারেং বাড়ী, উঃ বগাচতর, বগাচতর, সীতাকুন্ড, চট্টগ্রাম",১,Female
১২৪২,রাহেলা আক্তার,১৫০২৯৫০০০২১৩,নূরুল আলম,শাহানা বেগম,"লাল মোহন গোমস্তা বাড়ী, উত্তর বগাচতর, বাঘা ছাত্তার, সীতাকুন্ড, চট্টগ্রাম",১,Female
১২৪৩,মাহমুদা আক্তার,১৫০২৯৫০০০২২২,মোঃ নিজাম উদ্দিন,রেহেনা আহম্মেদ,"হাজী গোলাম নূর বাড়ী, উঃ বাগাছত্তর, বাঘা ছাত্তার, সীতাকুন্ড, চট্টগ্রাম",১,Female
১২৪৪,নারগীস সুলতানা রোমানা,১৫০২৯৫০০০২২৩,মফিজুর রহমান,বিবি হাজেরা,"কুরমত খা বাড়ী, বাঘা ছাত্তার, সীতাকুন্ড, চট্টগ্রাম",১,Female
১২৪৫,সালমা আক্তার,১৫০২৯৫০০০২২৮,মোহাম্মদ বদিউল আলম,মোছাম্মৎ রিজিয়া বেগম,"আব্দুল কাদের মোল্যাার বাড়ী, বাঘা ছাত্তার, সীতাকুন্ড, চট্টগ্রাম",১,Female
১২৪৬,সৈয়দা খাতুন,১৫০২৯৫০০০২৪৩,নাজির আহম্মদ,মন্দান মিয়া,"বাঘা ছাত্তার, সীতাকুন্ড, চট্টগ্রাম",১,Female
১২৪৭,শিপ্রা রানী দাশ,১৫০২৯৫০০০২৪৪,নারায়ন দাশ,অনিমা রানী দাশ,"উঃ বগাচতর, বগাচতর, সীতাকুন্ড, চট্টগ্রাম",১,Female
১২৪৮,পা রাণী দাস,১৫০২৯৫০০০২৪৫,কমল হরি দাস,ফটো রানী দাশ,"চুল্যাাবাপের বাড়ী, উত্তর বগাচতর, বগাচতর, সীতাকুন্ড, চট্টগ্রাম",১,Female
১২৪৯,ছালেহা বেগম,১৫০২৯৫০০০২৪৯,মজিবুল হক,রশিদা খাতুন,"তোয়ানীমীর বাড়ী, উঃ বাগচতর, বাঘা ছাত্তার, সীতাকুন্ড, চট্টগ্রাম",১,Female
১২৫০,রা রানী,১৫০২৯৫০০০২৫৯,হরি দাস,পা রানী,"উঃ বগাচতর, বগাচতর, সীতাকুন্ড, চট্টগ্রাম",১,Female
১২৫১,মোছাঃ রোকেয়া বেগম,১৫০২৯৫০০০২৭২,শাহ আলম,মোমেনা খাতুন,"বেড়ীবাদ, উঃ বগাচতর, বগাচতর, সীতাকুন্ড, চট্টগ্রাম",১,Female
১২৫২,খালেদা আক্তার নাসরিন,১৫০২৯৫০০০২৭৮,কবির আহম্মদ,সেলিনা আক্তার,"উঃ বগাচতর, বগাচতর, সীতাকুন্ড, চট্টগ্রাম",১,Female
১২৫৩,সাবরিনা নাসরিন,১৫০২৯৫০০০২৮৩,মাহমুদুল হক,রাশেদা বেগম,"সুলতানের বাড়ির পাশে, বগাচতর, সীতাকুন্ড, চট্টগ্রাম",১,Female
১২৫৪,ঝর্না আকতার,১৫০২৯৫০০০২৮৭,আলী আহম্মদ,রইছা বেগম,"বাঘা ছাত্তার, সীতাকুন্ড, চট্টগ্রাম",১,Female
১২৫৫,জাহানারা বেগম,১৫০২৯৫০০০২৯৪,গনি আহম্মদ,জতন রিয়া,"বাঘা ছাত্তার, সীতাকুন্ড, চট্টগ্রাম",১,Female
১২৫৬,তাছলিমা আক্তার,১৫০২৯৫০০০২৯৭,তোফায়েল আহাম্মদ,ছেমনা আফরোজ,"উঃ বগাচতর, বগাচতর, সীতাকুন্ড, চট্টগ্রাম",১,Female
১২৫৭,নূর জাহান বেগম,১৫০২৯৫০০০৩০০,হোছুনূ জামান,মাহমুদা খাতুন,"বাঘা ছাত্তার, সীতাকুন্ড, চট্টগ্রাম৭০চূড়ান্ত ভোটার তালিকাজেলা:চট্টগ্রামউপজেলা:সীতাকুন্ডইউনিয়ন:সৈয়দপুরডাকঘর:কমর আলীভোটার এলাকার কোড: ০২৯৫ভোটার এলাকার নাম: উত্তর বগাচতর",১,Female
১২৫৮,বিবি মরিয়ম,১৫০২৯৫০০০৩০২,নূর হোসেন,জাহানারা বেগম,"হেদু ভূইঁয়ার বাড়ী, উত্তর বগাচতর, বাঘা ছাত্তার, সীতাকুন্ড, চট্টগ্রাম",১,Female
১২৫৯,মোছাঃ ফারজানা আক্তার,১৫০২৯৫০০০৩০৮,তোফায়েল আহমেদ,রিজিয়া বেগম,"মৌ: হাসনের জামাল বাড়ী, উত্তর বগাচতর, বাঘা ছাত্তার, সীতাকুন্ড, চট্টগ্রাম",১,Female
১২৬০,কুলছুমা আক্তার,১৫০২৯৫০০০৩২৩,মোঃ আবুল হোসেন,হোসেন আরা বেগম,"বাঘা ছাত্তার, সীতাকুন্ড, চট্টগ্রাম",১,Female
১২৬১,ফজলুল নাহার,১৫০২৯৫০০০৩৩৪,নূরুল মোস্তফা,বিবি ফাতেমা,"উঃ বগাচতর, বগাচতর, সীতাকুন্ড, চট্টগ্রাম",১,Female
১২৬২,সেলিনা আক্তার,১৫০২৯৫০০০৩৪২,নূরের নবী,দেলোয়ারা বেগম,"আব্দুর রহমানের বাড়ী, বাঘা ছাত্তার, সীতাকুন্ড, চট্টগ্রাম",১,Female
১২৬৩,সুলতানা আক্তার,১৫০২৯৫০০০৩৪৪,মমিনূল হক,মনোয়ারা বেগম,"দজিবাড়ী, দ:বগাচতর, বাঘা ছাত্তার, সীতাকুন্ড, চট্টগ্রাম",১,Female
১২৬৪,ফিরোজা বেগম,১৫০২৯৫০০০৩৫৭,মোহাম্মদ মিয়া,ছেমনা আফরোজ,"রাজা মিয়া চৌধুরী বাড়ী, উত্তর বগাচতর, বাঘা ছাত্তার, সীতাকুন্ড, চট্টগ্রাম",১,Female
১২৬৫,আমেনা বেগম,১৫০২৯৫০০০৩৬৪,দেলোয়ার হেসেন,মোছাঃ নাজমা বেগম,"বাঘা ছাত্তার, সীতাকুন্ড, চট্টগ্রাম",১,Female
১২৬৬,তাসলিমা আকতার,১৫০২৯৫০০০৩৭৭,নূরুল মোস্তাফা,বিবি হাজেরা,"হোছেনহমান মা: বাড়ী, উ: বগাচতর, বাঘা ছাত্তার, সীতাকুন্ড, চট্টগ্রাম",১,Female
১২৬৭,মোছাম্মদ রুজিনা আকতার,১৫০২৯৫০০০৩৮৯,মোঃ নূর আবছার,মোছাম্মাদ লায়লা বেগম,"বাঘা ছাত্তার, সীতাকুন্ড, চট্টগ্রাম",১,Female
১২৬৮,সাবিনা আকতার,১৫০২৯৫০০০৪০৭,কাজী আবুল হোসেন,মনোয়ারা বেগম,"মোক্রম আলী ারের বাড়ী, বাঘা ছাত্তার, সীতাকুন্ড, চট্টগ্রাম",১,Female
১২৬৯,মাছুমা আক্তার আরিফা,১৫০২৯৫০০০৪০৮,মোঃ মিজানূল হক,রোকেয়া বেগম,"মোক্রম আলি সওদাগরের বাড়ী, উত্তর বগাচতর, বাঘা ছাত্তার, সীতাকুন্ড, চট্টগ্রাম",১,Female
১২৭০,রুমানা মোস্তারী,১৫০২৯৫০০০৪১৪,রিদোয়ানূল হক,জাকিয়া বেগম,"বাঘা ছাত্তার, সীতাকুন্ড, চট্টগ্রাম",১,Female
১২৭১,নাহিদা আক্তার,১৫০২৯৫০০০৪১৫,মো: আওরঙ্গজের,কামরুজ্জামান,"আাস মিয়ার বাড়ী, উ:বগাচতর, বাঘা ছাত্তার, সীতাকুন্ড, চট্টগ্রাম",১,Female
১২৭২,বদুরের নেছা,১৫০২৯৫০০০৪১৭,জান মোহাম্মদ,শহর বানূ,"আমান উল্যাাহ মুির বাড়ী, উ:বগাচতর, বাঘা ছাত্তার, সীতাকুন্ড, চট্টগ্রাম",১,Female
১২৭৩,ছকিনা খাতুন,১৫০২৯৫০০০৪২০,আমিনের রহমান,হালিমা খাতুন,"বাঘা ছাত্তার, সীতাকুন্ড, চট্টগ্রাম",১,Female
১২৭৪,রাবেয়া বেগম,১৫০২৯৫০০০৪২৭,মোঃ আবদুল জলিল,ছাবেরা খাতুন,"বাঘা ছাত্তার, সীতাকুন্ড, চট্টগ্রাম",১,Female
১২৭৫,ফারজানা আক্তার,১৫০২৯৫০০০৪৪৮,সামছুদ্দীন,চশমা আরা বেগম,"হাজী গোলাম নূর মাস্টার বাড়ী, বগাচতর, সীতাকুন্ড, চট্টগ্রাম৭১চূড়ান্ত ভোটার তালিকাজেলা:চট্টগ্রামউপজেলা:সীতাকুন্ডইউনিয়ন:সৈয়দপুরডাকঘর:কমর আলীভোটার এলাকার কোড: ০২৯৫ভোটার এলাকার নাম: উত্তর বগাচতর",১,Female
১২৭৬,তাহমিনা আক্তার,১৫০২৯৫০০০৪৪৯,মোঃ আবুল হোসেন,হাছিনা বেগম,"বাঘা ছাত্তার, সীতাকুন্ড, চট্টগ্রাম",১,Female
১২৭৭,সাজিয়া কুলছুম,১৫০২৯৫০০০৪৬১,মোঃ আবুল কালাম,রহিমা আক্তার,"হাজী গোলাম নূর মাস্টার বাড়ী, বাঘা ছাত্তার, সীতাকুন্ড, চট্টগ্রাম",১,Female
১২৭৮,জোলেখা বেগম,১৫০২৯৫০০০৪৬৭,আবু তাহের,ছালেহা বেগম,"বাঘা ছাত্তার, সীতাকুন্ড, চট্টগ্রাম",১,Female
১২৭৯,জোসনা আরা বেগম,১৫০২৯৫০০০৪৭০,মোঃ রাজা মিয়া,ছোনোয়ারা বেগম,"বাঘা ছাত্তার, সীতাকুন্ড, চট্টগ্রাম",১,Female
১২৮০,আকলিমা বেগম,১৫০২৯৫০০০২৪৭,গনি আহাম্মদ,ছবিরা খাতুন,"সেকান্দার ভূইঁয়া বাড়ি, উত্তর বগাচতর, সীতাকুন্ড, চট্টগ্রাম",১,Female
১২৮১,জেসমিন আকতার সুমি,১৫০২৯৫০০০১৮৭,মোঃ আমিনূল হক,জাহানারা বেগম,"জমিদার বাড়ি, উঃ বগাচতর, বাঘা ছাত্তার, সীতাকুন্ড, চট্টগ্রাম",১,Female
১২৮২,লিমা সোলতানা,১৫০২৯৫০০০১৯৯,নূরুল আফচার,হাচনা আরা বেগম,"উঃ বগাচতর, বগাচতর, সীতাকুন্ড, চট্টগ্রাম",১,Female
১২৮৩,সাহেদা আক্তার,১৫০২৯৫০০০২০৭,নূরুল হক,কামামুল নূর,"বাঘা ছাত্তার, সীতাকুন্ড, চট্টগ্রাম",১,Female
১২৮৪,তাছলিমা আক্তার,১৫০২৯৫০০০২১০,বদিউজ্জামান,হালিমা খাতুন,"হাজী বদিউজ্জামানের বাড়ী, বগাচতর, সীতাকুন্ড, চট্টগ্রাম",১,Female
১২৮৫,শিরিনা আক্তার,১৫০২৯৫০০০২৪১,ফকির আহম্মদ,লায়লা বেগম,"উঃ বগাচতর, বগাচতর, সীতাকুন্ড, চট্টগ্রাম",১,Female
১২৮৬,খাদিজাতুল কোবরা,১৫০২৯৫০০০২৫১,সিরাজুল ইসলাম,মনোয়ারা বেগম,"গফারী চেয়ারম্যান বাড়ী, উঃ বগাচতর, বাঘা ছাত্তার, সীতাকুন্ড, চট্টগ্রাম",১,Female
১২৮৭,সোলতানা রাজিয়া,১৫০২৯৫০০০২৬৪,নরুল হক মিয়ন,মনোয়ারা বেগম,"লাল মোহন গোমস্তা বাড়ী, উঃ বগাচতর, বগাচতর, সীতাকুন্ড, চট্টগ্রাম",১,Female
১২৮৮,বিবি কুলচুমা,১৫০২৯৫০০০২৮৮,মো: জাকারিয়া,কোহিনূর বেগম,"তোয়নীসীল বাড়ী, সৈয়দপুর, বাঘা ছাত্তার, সীতাকুন্ড, চট্টগ্রাম",১,Female
১২৮৯,তাইয়োবা আক্তার,১৫০২৯৫০০০২৯১,হাজী আবুল বশার,শামছুল নাহার,"-=, বাঘা ছাত্তার, সীতাকুন্ড, চট্টগ্রাম",১,Female
১২৯০,লায়লা আক্তার,১৫০২৯৫০০০৩৩৬,আবুল কালাম,সালমা খাতুন,"হাসমত আলী মেস্ত্রী বাড়ী, উ; বগাচতর, বাঘা ছাত্তার, সীতাকুন্ড, চট্টগ্রাম",১,Female
১২৯১,বিবি মরিয়ম,১৫০২৯৫০০০৩৩৯,মোঃ আবু তাহের,রিজিয়া বেগম,"উঃ বগাচতর, বগাচতর, সীতাকুন্ড, চট্টগ্রাম",১,Female
১২৯২,ফারজানা আক্তার,১৫০২৯৫০০০৩৪৯,নূরুল গনি,নূর জাহান বেগম,"জমাদার বাড়ী, উঃ বগাচতর, বগাচতর, সীতাকুন্ড, চট্টগ্রাম",১,Female
১২৯৩,কামরুন নাহার রিপা,১৫০২৯৫০০০৩৫১,মোঃ সাহাব উদ্দিন,নাছিমা বেগম,"বাঘা ছাত্তার, সীতাকুন্ড, চট্টগ্রাম৭২চূড়ান্ত ভোটার তালিকাজেলা:চট্টগ্রামউপজেলা:সীতাকুন্ডইউনিয়ন:সৈয়দপুরডাকঘর:কমর আলীভোটার এলাকার কোড: ০২৯৫ভোটার এলাকার নাম: উত্তর বগাচতর",১,Female
১২৯৪,ফারজানা আক্তার,১৫০২৯৫০০০৩৫৩,মোহাম্মদ আলী,জোা বেগম,"রফিউজ্জামান মাস্টার বাড়ী, উঃ বগাচতর, বগাচতর, সীতাকুন্ড, চট্টগ্রাম",১,Female
১২৯৫,মোছাম্মদ আকলিমা বেগম,১৫০২৯৫০০০৩৭১,মোঃ গোলাম নূর,মোছাম্মদ নূর বেগম,"ছাবিদ আলী বাড়ী, বগাচতর, সীতাকুন্ড, চট্টগ্রাম",১,Female
১২৯৬,কাওছার পারভীন,১৫০২৯৫০০০৪০৩,আবু তাহের,আনোয়ারা বেগম,"মনসুর কাজী বাড়ী, বাঘা ছাত্তার, সীতাকুন্ড, চট্টগ্রাম",১,Female
১২৯৭,লায়লা বেগম,১৫০২৯৫০০০৪১০,আবুল কালাম,হাসনা আরা বেগম,"বাঘা ছাত্তার, সীতাকুন্ড, চট্টগ্রাম",১,Female
১২৯৮,ফাহমিদা শারমিন,১৫০২৯৫০০০৪১২,একরামুল হক ভুইয়া,জোবেদা খানম,"আব্দুল ভুইয়া বাড়ী, উঃ বগাচতর, বগাচতর, সীতাকুন্ড, চট্টগ্রাম",১,Female
১২৯৯,শাহীনূর আক্তার,১৫০২৯৫০০০৪২৬,মোঃ আবুল বশর,জরিনা খানম,"বাঘা ছাত্তার, সীতাকুন্ড, চট্টগ্রাম",১,Female
১৩০০,জুলিয়া,১৫০২৯৫০০০৪৩৯,মোঃ সোলেমান,ফিরুজা বেগম,"বাঘা ছাত্তার, সীতাকুন্ড, চট্টগ্রাম",১,Female
১৩০১,খালেদা আকতার,১৫০২৯৫০০০৪৪৪,নূরুল হুদা,সাজেদা বেগম,"হাসমত আলীর বাড়ী, উত্তর বগাচতর, সীতাকুন্ড, চট্টগ্রাম",১,Female
১৩০২,সারমিন সুলতানা পপি,১৫০২৯৫০০০৪৬০,মোঃ জসিম উদ্দিন ভূঁঞা,আজর্িনা সুলতানা,"রফিউজ্জামান মাার বাড়ী, বাঘা ছাত্তার, সীতাকুন্ড, চট্টগ্রাম",১,Female
১৩০৩,শামীমা তারমিন তানিয়া,১৫০২৯৫০০০৪৮০,আবু নূর,তাছরিমা আক্তার,"বাঘা ছাত্তার, সীতাকুন্ড, চট্টগ্রাম",১,Female
১৩০৪,সাহানা আক্তার,১৫০২৯৫০০০৪৮৪,দেলোয়ার হোসেন,নূর নাহার,"বাঘা ছাত্তার, সীতাকুন্ড, চট্টগ্রাম",১,Female
১৩০৫,মোছাম্মৎ ফাতেমা আক্তার সুমি,১৫০২৯৫০০০৫০২,এজাজুল হক,আয়েশা বেগম,"উঃ বগাচতর, বগাচতর, সীতাকুন্ড, চট্টগ্রাম",১,Female
১৩০৬,রা দাস,১৫০২৯৫০০০১৮৪,হরি দাস,রবি বালা,"জলদাস পাড়া, উঃ বগাচতর, বাঘা ছাত্তার, সীতাকুন্ড, চট্টগ্রাম",১,Female
১৩০৭,সালমা আক্তার,১৫০২৯৫০০০১৮৮,ওমর ফারুক,সেলিনা আকতার,"গফা চেয়ারম্যান বাড়ি, উঃ বগাচতর, সীতাকুন্ড, চট্টগ্রাম",১,Female
১৩০৮,মাসুদা আকতার,১৫০২৯৫০০০১৯০,আলী আকবর,ছকিনা বেগম,"রবি হাপেজের বাড়ী, বাঘা ছাত্তার, সীতাকুন্ড, চট্টগ্রাম",১,Female
১৩০৯,তৈয়বা আক্তার,১৫০২৯৫০০০১৯৭,মো: কলিমুল্যাাহ,জাহেদা বেগম,"নূর মোহাম্মদ সারেং বাড়ী, উ: বগাচতর, বাঘা ছাত্তার, সীতাকুন্ড, চট্টগ্রাম",১,Female
১৩১০,সাহারিয়া সুলতানা,১৫০২৯৫০০০২৩৬,ফজলুল হক,ফরিদা ইয়াছমিন,"গাফারী চেয়ারম্যান বাড়ি, উঃ বগাচতর, বাঘা ছাত্তার, সীতাকুন্ড, চট্টগ্রাম",১,Female
১৩১১,রাহেলা আক্তার,১৫০২৯৫০০০২৩৮,জয়নাল আবেদিন,জাহেদা বেগম,"বাঘা ছাত্তার, সীতাকুন্ড, চট্টগ্রাম৭৩চূড়ান্ত ভোটার তালিকাজেলা:চট্টগ্রামউপজেলা:সীতাকুন্ডইউনিয়ন:সৈয়দপুরডাকঘর:কমর আলীভোটার এলাকার কোড: ০২৯৫ভোটার এলাকার নাম: উত্তর বগাচতর",১,Female
১৩১২,রাজিয়া সোলতানা,১৫০২৯৫০০০২৪০,সফিউল আলম,রিজিয়া বেগম,"মান সফি ভূঞা বাড়ী, উঃ বগাচতর, বাঘা ছাত্তার, সীতাকুন্ড, চট্টগ্রাম",১,Female
১৩১৩,আইনূন নাহার,১৫০২৯৫০০০২৬১,সানা উল্যাহ,রেহানা আক্তার,"উঃ বগাচতর, বগাচতর, সীতাকুন্ড, চট্টগ্রাম",১,Female
১৩১৪,শারমিন সুলতানা,১৫০২৯৫০০০২৬৬,মো: শফিউল আলম,ছেনোয়ারা বেগম,"কালা মিয়া মাঝি বাড়ী, উ: বগাচতর, বাঘা ছাত্তার, সীতাকুন্ড, চট্টগ্রাম",১,Female
১৩১৫,হোসনেয়ারা বেগম কলি,১৫০২৯৫০০০২৬৭,আবুল কালাম,শিরিনা আক্তার,"বাঘা ছাত্তার, সীতাকুন্ড, চট্টগ্রাম",১,Female
১৩১৬,মোছাঃ নাগর্িস আক্তার,১৫০২৯৫০০০২৮৫,আবু হানিফ,আলেয়া বেগম,"বাঘা ছাত্তার, সীতাকুন্ড, চট্টগ্রাম",১,Female
১৩১৭,ফারহানা আক্তার ভুইয়া রুা,১৫০২৯৫০০০৩০১,মুহাম্মদ আজমল খান ভুঁইয়া নিজামী,শাহনা দেলগীর,"উত্তর বগাচতর, বগাচতর, সীতাকুন্ড, চট্টগ্রাম",১,Female
১৩১৮,নিলুফা আক্তার,১৫০২৯৫০০০৩২৬,ইউছুপ,রহিমা বেগম,"বাঘা ছাত্তার, সীতাকুন্ড, চট্টগ্রাম",১,Female
১৩১৯,শাহানা আকতার,১৫০২৯৫০০০৩৩৭,আবুল বশর,জোহরা খাতুন,"হাসমত আলী মিস্ত্রী বাড়ী, উঃ বগাচতরঙ, বগাচতর, সীতাকুন্ড, চট্টগ্রাম",১,Female
১৩২০,আইনূন নাহার রুপা,১৫০২৯৫০০০৩৫০,মোঃ সাহাব উদ্দিন,নাছিমা বেগম,"বাঘা ছাত্তার, সীতাকুন্ড, চট্টগ্রাম",১,Female
১৩২১,তানিয়া আক্তার,১৫০২৯৫০০০৩৫৬,আবুল খায়ের,সাহেনা আক্তার,"হাজী গোলাম নূর মাস্টার বাড়ী, উ: বগাচতর, বাঘা ছাত্তার, সীতাকুন্ড, চট্টগ্রাম",১,Female
১৩২২,নিগার সুলতানা,১৫০২৯৫০০০৩৭২,মো: নূরুল মোস্তাফা,নিলুফা সুলতানা,"সেকান্তর ভূইঁয়া বাড়ী, বাঘা ছাত্তার, সীতাকুন্ড, চট্টগ্রাম",১,Female
১৩২৩,রোকশানা আক্তার,১৫০২৯৫০০০৩৯২,শাহ আলম,রাজিয়া বেগম,"আব্দুর রউফ হাজী বাড়ী, বগাচতর, সীতাকুন্ড, চট্টগ্রাম",১,Female
১৩২৪,আইরিন সুলতানা,১৫০২৯৫০০০৩৯৩,আক্তার হোসেন,ছালেহা বেগম,"মরহুম খা বাড়ী, বাঘা ছাত্তার, সীতাকুন্ড, চট্টগ্রাম",১,Female
১৩২৫,ফারজানা মোস্তারী,১৫০২৯৫০০০৪১৩,মোঃ আলমগীর চৌধুরী,সাবিনা ইয়াছমিন,"আাস মিয়ার বাড়ি, উঃ বগাচতর, বাঘা ছাত্তার, সীতাকুন্ড, চট্টগ্রাম",১,Female
১৩২৬,মাজেদা আক্তার লিজা,১৫০২৯৫০০০৪৪৬,মোঃ মোশারফ হোসেন চৌঃ,রিজিয়া বেগম,"বাঘা ছাত্তার, সীতাকুন্ড, চট্টগ্রাম",১,Female
১৩২৭,জেসমিন সুলতানা,১৫০২৯৫০০০৪৫০,মোঃ আবুলে হোসেন,হাছিনা বেগম,"বাঘা ছাত্তার, সীতাকুন্ড, চট্টগ্রাম",১,Female
১৩২৮,সুলতানা নাছরীন,১৫০২৯৫০০০৪৫৯,মোঃ আবুল খায়ের,সামছুন নাহার,"ছদিক মৌলভী বাড়ী, উত্তর বগাচতর, বগাচতর, সীতাকুন্ড, চট্টগ্রাম",১,Female
১৩২৯,ফারজানা আক্তার,১৫০২৯৫০০০৪৯২,মোঃ ইসমাইল,মনোয়ারা বেগম,"নূরুল হক আলীর বাড়ী, বাঘা ছাত্তার, সীতাকুন্ড, চট্টগ্রাম৭৪চূড়ান্ত ভোটার তালিকাজেলা:চট্টগ্রামউপজেলা:সীতাকুন্ডইউনিয়ন:সৈয়দপুরডাকঘর:কমর আলীভোটার এলাকার কোড: ০২৯৫ভোটার এলাকার নাম: উত্তর বগাচতর",১,Female
১৩৩০,কনিকা রানী,১৫০২৯৫০০০৪৯৮,মধু মঙ্গল দাস,প্রিয়া বালা,"বাঘখালী, সীতাকুন্ড, চট্টগ্রাম",১,Female
১৩৩১,সাজেদা আক্তার,১৫০২৯৫০০০৫১১,হাজী নূরুল মোস্তফা,কাজলা বেগম,"ধন কাজির বাড়ি, বাঘা ছাত্তার, সীতাকুন্ড, চট্টগ্রাম",১,Female
১৩৩২,সা আকতার,১৫০২৯৫০০০১৮৯,আবুল কালাম,আয়েশা আক্তার,"নূর আহম্মদ সারেং বাড়ী, উঃ বাগাচতর, বাঘা ছাত্তার, সীতাকুন্ড, চট্টগ্রাম",১,Female
১৩৩৩,জান্নাতুল ফেরদৌস,১৫০২৯৫০০০১৯৮,মোঃ নূরুল আলম,হোসনে আরা,"বাঘা ছাত্তার, সীতাকুন্ড, চট্টগ্রাম",১,Female
১৩৩৪,রাশেদা আক্তার,১৫০২৯৫০০০২০৫,কলিমুল্যাাহ,জাহেদা বেগম,"নূর মুহাম্মদ ারের বাড়ী, উ; বগাচতর, বাঘা ছাত্তার, সীতাকুন্ড, চট্টগ্রাম",১,Female
১৩৩৫,শারমিন আক্তার,১৫০২৯৫০০০২১৭,মোঃ মাহবুবুল হক,নাছিমা খাতুন,"আবদুল মুনাফ সওদাগরের বাড়ী, উত্তর বগাচতর, বাঘা ছাত্তার, সীতাকুন্ড, চট্টগ্রাম",১,Female
১৩৩৬,ছালেহা আক্তার,১৫০২৯৫০০০২২০,সফিউল আলম,সাহানা আক্তার,"সফি সওঃ বাড়ী, বাঘা ছাত্তার, সীতাকুন্ড, চট্টগ্রাম",১,Female
১৩৩৭,রোমেনা শারমিন,১৫০২৯৫০০০২২৯,মোহাম্মদ আমান উল্যাাহ,মোছাম্মদ সালমা আকতার,"বাঘা ছাত্তার, সীতাকুন্ড, চট্টগ্রাম",১,Female
১৩৩৮,ফারহানা আক্তার,১৫০২৯৫০০০২৫৩,মীর হাফেজ কানূ মিয়া,হোসনে আরা বেগম,"হুরমত খা বাড়ি, উঃ বগাচতর, বাঘা ছাত্তার, সীতাকুন্ড, চট্টগ্রাম",১,Female
১৩৩৯,তাছলিমা জাহান,১৫০২৯৫০০০২৭৯,কামাল উদ্দীন,জিকরের জাহান,"মোক্রম আলী সারেং বাড়ি, উত্তর বগাচতর, বাঘা ছাত্তার, সীতাকুন্ড, চট্টগ্রাম",১,Female
১৩৪০,নাজমা আক্তার,১৫০২৯৫০০০২৮২,মোহাম্মদ শেখর ইসলাম,ফিরোজা বেগম,"বাঘা ছাত্তার, সীতাকুন্ড, চট্টগ্রাম",১,Female
১৩৪১,মিনারা আকতার,১৫০২৯৫০০০২৯৯,সফিউল আলম,হাজেরা খাতুন,"বাঘা ছাত্তার, সীতাকুন্ড, চট্টগ্রাম",১,Female
১৩৪২,সালেহা আক্তার,১৫০২৯৫০০০৩০৭,নূরুল মোমিন,রোমনা বেগম,"বাঘা ছাত্তার, সীতাকুন্ড, চট্টগ্রাম",১,Female
১৩৪৩,হামিদা সুলতানা,১৫০২৯৫০০০৩১৯,সিরাজুল ইসলাম,নাজমা আক্তার,"মৌ: হাসেন জামানের বাড়ী, উ: বগাচতর, বাঘা ছাত্তার, সীতাকুন্ড, চট্টগ্রাম",১,Female
১৩৪৪,ফিরোজা,১৫০২৯৫০০০৩৫৫,আবু তাহের,ছালেহা বেগম,"বাঘা ছাত্তার, সীতাকুন্ড, চট্টগ্রাম",১,Female
১৩৪৫,নাছরীন সুলতানা,১৫০২৯৫০০০৪০৬,মোঃ নূরুন নবী,রহিমা খানম,"হুরমত আলী, উঃ বগাচতর, বাঘা ছাত্তার, সীতাকুন্ড, চট্টগ্রাম",১,Female
১৩৪৬,সুবর্ণা রহমান,১৫০২৯৫০০০৪১১,মো: মোস্তাফিজুর রহমান,খোন্দাকার ফেরদৌস নাহার,"আব্দুল ভূইঁয়া বাড়ী, উ: বগাচতর, বাঘা ছাত্তার, সীতাকুন্ড, চট্টগ্রাম",১,Female
১৩৪৭,তাহমিনা আক্তার,১৫০২৯৫০০০৪২৩,আবু নছর,সালমা আক্তার,"বাঘা ছাত্তার, সীতাকুন্ড, চট্টগ্রাম৭৫চূড়ান্ত ভোটার তালিকাজেলা:চট্টগ্রামউপজেলা:সীতাকুন্ডইউনিয়ন:সৈয়দপুরডাকঘর:কমর আলীভোটার এলাকার কোড: ০২৯৫ভোটার এলাকার নাম: উত্তর বগাচতর",১,Female
১৩৪৮,শিী আক্তার মনি,১৫০২৯৫০০০৪২৮,তাজুল ইসলাম,মরিবিয়া বেগম,"বাঘা ছাত্তার, সীতাকুন্ড, চট্টগ্রাম",১,Female
১৩৪৯,নিলুফা আক্তার,১৫০২৯৫০০০৪৪১,আবুল কালাম,জোসানা আরা বেগম,"বাঘা ছাত্তার, সীতাকুন্ড, চট্টগ্রাম",১,Female
১৩৫০,রিনা আক্তার,১৫০২৯৫০০০৪৫১,মোঃ নূরুল আলম,হোসনেআরা বেগম,"সেকান্তর ভুইয়া বাড়ী, উত্তর বগাচতর, বগাচতর, সীতাকুন্ড, চট্টগ্রাম",১,Female
১৩৫১,তাছলিমা আক্তার,১৫০২৯৫০০০৪৬৩,আবু তাহের,ছালেহা বেগম,"ছাবেদ আলী ভূইঁয়া বাড়ী, উত্তর বগাচতর, বাঘা ছাত্তার, সীতাকুন্ড, চট্টগ্রাম",১,Female
১৩৫২,রাজিনা আক্তার,১৫০২৯৫০০০৪৭১,নাছির উদ্দিন,শাহানা আক্তার,"সাম মাঝী বাড়ি, উঃ বগাচতর, বগাচতর, সীতাকুন্ড, চট্টগ্রাম",১,Female
১৩৫৩,ইয়াছমিন আকতার,১৫০২৯৫০০০৪৭৪,মোঃ নূর মোস্তাফা,জাহানারা বেগম,"মোক্রম আলী সারেং বাড়ী, উঃ বগাচতর, বাঘা ছাত্তার, সীতাকুন্ড, চট্টগ্রাম",১,Female
১৩৫৪,বিবি আমেনা,১৫০২৯৫০০০৪৮১,মাহবুবুর রহমান,মাজেদা বেগম,"আব্দুল কাদের মোল্যাার বাড়ী, বগাচতর, সীতাকুন্ড, চট্টগ্রাম",১,Female
১৩৫৫,পারভীন আক্তার,১৫০২৯৫০০০৪৮২,দেলোয়ার হোসেন,নূর নাহার,"ওবায়দুল হক মাঝী বাড়ী, উঃ বগাচতর, বগাচতর, সীতাকুন্ড, চট্টগ্রাম",১,Female
১৩৫৬,রাশেদা আকতার,১৫০২৯৫০০০৪৯০,মোঃ ফয়েজ ব,কহিনূর বেগম,"মনূছুর কাজী বাড়ী, বগাচতর, সীতাকুন্ড, চট্টগ্রাম",১,Female
১৩৫৭,মজর্িনা আক্তার,১৫০২৯৫০০০৪৯১,নূরুল মোস্তাফা,আনোয়ারা,"নরুল হক হাজী বাড়ী, উ: বগাচতর, বাঘা ছাত্তার, সীতাকুন্ড, চট্টগ্রাম",১,Female
১৩৫৮,শিলু রানী দাস,১৫০২৯৫০০০৪৯৫,উফেতা চন্দ্র দাস,সাধন বালা,"বাঘা ছাত্তার, সীতাকুন্ড, চট্টগ্রাম",১,Female
১৩৫৯,মুরশিদা খানম মুকুল,১৫০২৯৫০০০৫০৩,আলি আকবর,ছকিনা বেগম,"হাফেজ বরিউলের বাড়ী, বাঘা ছাত্তার, সীতাকুন্ড, চট্টগ্রাম",১,Female
১৩৬০,বিশাখা,১৫০২৯৫০০০৫১৮,খেমস দাস,গেন রানী দাস,"জলদাস পাড়া, উত্তর বগাচতর, বগাচতর, সীতাকুন্ড, চট্টগ্রাম",১,Female
১৩৬১,পাখী বালা দাস,১৫০২৯৫০০০৫২০,নদৈর বাসী দাস,সুবাশী,"ঠাকুর বাড়ি, উত্তর বগাচতর, বগাচতর, সীতাকুন্ড, চট্টগ্রাম",১,Female
১৩৬২,জুবলী রানী,১৫০২৯৫০০০৫২৩,দয়াল হরি,অস্টমী বালা,"জলদাশ পাড়া, উত্তর বগাচতর, বগাচতর, সীতাকুন্ড, চট্টগ্রাম",১,Female
১৩৬৩,মনি দাস,১৫০২৯৫০০০৫২৬,নির্মল দে,শশী দে,"জলদাস পাড়া, উঃ বগাচতর, বগাচতর, সীতাকুন্ড, চট্টগ্রাম",১,Female
১৩৬৪,কবিতা রানী,১৫০২৯৫০০০৫২৮,রাখাল দাস,কাজল দাস,"ঠাকুর বাড়ি, উত্তর বগাচত্তর, বগাচত্তর, সীতাকুন্ড, চট্টগ্রাম",১,Female
১৩৬৫,ববিতা রানী,১৫০২৯৫০০০৫২৯,রাখাল,কাজল বালা,"ঠাকুর বাড়ি, উত্তর বগাচতর, বগাচতর, সীতাকুন্ড, চট্টগ্রাম৭৬চূড়ান্ত ভোটার তালিকাজেলা:চট্টগ্রামউপজেলা:সীতাকুন্ডইউনিয়ন:সৈয়দপুরডাকঘর:কমর আলীভোটার এলাকার কোড: ০২৯৫ভোটার এলাকার নাম: উত্তর বগাচতর",১,Female
১৩৬৬,চন্দ্র রানী,১৫০২৯৫০০০৫৩০,গোপাল,সব্য রানী,"জলদাস পাড়া, উঃ বগাচতর, বগাচতর, সীতাকুন্ড, চট্টগ্রাম",১,Female
১৩৬৭,রুপসী রাণী,১৫০২৯৫০০০৫৩১,ধাং,দিপালী,"উঃ বগাচতর, বগাচতর, সীতাকুন্ড, চট্টগ্রাম",১,Female
১৩৬৮,জবা আক্তার,১৫০২৯৫০০০৫৩৩,মফিজুর রহমান,রেহানা আক্তার,"নূর মোহাম্মদ সারেং বাড়ি, বাঘা ছাত্তার, সীতাকুন্ড, চট্টগ্রাম",১,Female
১৩৬৯,ফাহমিদা আক্তার,১৫০২৯৫০০০৫৩৬,আবুল কালাম,রিজিয়া বেগম,"মান সফি ভূঞা বাড়ি, উত্তর বগাচত্তর, বগাচত্তর, সীতাকুন্ড, চট্টগ্রাম",১,Female
১৩৭০,মোশর্েদা আক্তার,১৫০২৯৫০০০৫৩৮,সিরাজুল ইসলাম,নিলুফা আক্তার,"আক্রম গোলদার বাড়ি, উত্তর বগাচতর, বগাচতর, সীতাকুন্ড, চট্টগ্রাম",১,Female
১৩৭১,সোলতানা রাজিয়া,১৫০২৯৫০০০৫৩৯,মোঃ আলমগীর হোসেন,রেহানা আক্তার,"ওমর খঁা পাঠান বাড়ী, উত্তর বগাচতর, বগাচতর, সীতাকুন্ড, চট্টগ্রাম",১,Female
১৩৭২,বিবি জোলেখা,১৫০২৯৫০০০৫৪০,ওহিদ মিয়া,সুফিয়া খাতুন,"হরমত খঁা বাড়ী, উত্তর বগাচতর, বাঘা ছাত্তার, সীতাকুন্ড, চট্টগ্রাম",১,Female
১৩৭৩,ফারজানা আক্তার,১৫০২৯৫০০০৫৪৬,মুছা মিয়া,আলেয়া বেগম,"ইউচুপ আলী মিস্ত্রী বাড়ী, উত্তর বগাচতর, বাঘা ছাত্তার, সীতাকুন্ড, চট্টগ্রাম",১,Female
১৩৭৪,জে্যাৎা আক্তার,১৫০২৯৫০০০৫৪৭,কবির আহম্মদ,ফিরোজা বেগম,"শেরমত খঁার বাড়ি, উত্তর বগাচত্তর, বগাচত্তর, সীতাকুন্ড, চট্টগ্রাম",১,Female
১৩৭৫,মোছাম্মৎ সাফিয়া সুলতানা,১৫০২৯৫০০০৫৫০,হাজী রেনূ মিয়া,নূর খাতুন,"হুরমত খার বাড়ি, উত্তর বগাচতর, বগাচতর, সীতাকুন্ড, চট্টগ্রাম",১,Female
১৩৭৬,জান্নাতুল ফেরদাউস,১৫০২৯৫০০০৫৫২,মোঃ হোসেন,নাগর্িস বেগম,"হুরমত খঁার বাড়ি, বগাচতর, সীতাকুন্ড, চট্টগ্রাম",১,Female
১৩৭৭,খালেদা আক্তার,১৫০২৯৫০০০৫৬০,নূরুল মোস্তফা,রিজিয়া বেগম,"আব্দুল ভূইয়া বাড়ী, উত্তর বগাচতর, বগাচতর, সীতাকুন্ড, চট্টগ্রাম",১,Female
১৩৭৮,রাবেয়া আক্তার রাবু,১৫০২৯৫০০০৫৭০,নূরুল হক,কমলা বেগম,"তোয়ানী মীর বাড়ি, বগাচতর, সীতাকুন্ড, চট্টগ্রাম",১,Female
১৩৭৯,মোছাম্মৎ শারমিন সুলতানা,১৫০২৯৫০০০৫৭৪,মোঃ ছাদাকাত উল্যাহ,মোছাম্মৎ শাহানারা বেগম,"লমির বাড়ী, উত্তর বগাচতর, বগাচতর, সীতাকুন্ড, চট্টগ্রাম",১,Female
১৩৮০,খালেদা আক্তার,১৫০২৯৫০০০৫৭৬,নূরুল মোস্তফা,হোসনে আরা বেগম,"আব্দুল মজিদ বাড়ি, বগাচতর, সীতাকুন্ড, চট্টগ্রাম",১,Female
১৩৮১,বিবি মরিয়ম,১৫০২৯৫০০০৫৭৮,নূরুল মোস্তফা,হালিমা খাতুন,"মুনছুর কাজী বাড়ী, উঃ বগাচতর, বগাচতর, সীতাকুন্ড, চট্টগ্রাম",১,Female
১৩৮২,আছমা বেগম,১৫০২৯৫০০০৫৭৯,নূরুল আলম,জাহানারা বেগম,"মান সফি ভুঞা বাড়ি, বগাচতর, সীতাকুন্ড, চট্টগ্রাম",১,Female
১৩৮৩,হাজী কাজলা বেগম,১৫০২৯৫০০০৫৮১,সফি উল্যাাহ,সুফিয়া খাতুন,"ধন কাজীর বাড়ী, উত্তর বগাচতর, বগাচতর, সীতাকুন্ড, চট্টগ্রাম৭৭চূড়ান্ত ভোটার তালিকাজেলা:চট্টগ্রামউপজেলা:সীতাকুন্ডইউনিয়ন:সৈয়দপুরডাকঘর:কমর আলীভোটার এলাকার কোড: ০২৯৫ভোটার এলাকার নাম: উত্তর বগাচতর",১,Female
১৩৮৪,ফারজানা আক্তার,১৫০২৯৫০০০৫৮৭,গোলাম রানী,রোকেয়া বেগম,"তোফার আলী ভূঁইয়া বাড়ি, বগাচতর, সীতাকুন্ড, চট্টগ্রাম",১,Female
১৩৮৫,সেলিনা আক্তার,১৫০২৯৫০০০৫৮৮,মোহাম্মদ মনির উদ্দীন,বিবি খাদিজা,"হাজী গোলাম নূর মাস্টার বাড়ী, উঃ বগাচতর, বাঘা ছাত্তার, সীতাকুন্ড, চট্টগ্রাম",১,Female
১৩৮৬,সিমা আক্তার,১৫০২৯৫০০০৫৮৯,নূরুল গনী,ছবুরা খাতুন,"লাল মোহন গোমস্তা বাড়ি, উত্তর বগাচতর, বগাচতর, সীতাকুন্ড, চট্টগ্রাম",১,Female
১৩৮৭,জান্নাতুল ফেরদাউস,১৫০২৯৫০০০৫৯৪,শেখের ইসলাম,হাসনা বেগম,"আবদুল ভূঞা, উত্তর বগাচত্তর, সীতাকুন্ড, চট্টগ্রাম",১,Female
১৩৮৮,লায়লা বেগম,১৫০২৯৫০০০৫৯৫,শেখের ইসলাম,হাসনা বেগম,"আবদুল ভূঞা বাড়ি, বগাচতর, সীতাকুন্ড, চট্টগ্রাম",১,Female
১৩৮৯,তপুরা পারভীন তপু,১৫০২৯৫০০০৫৯৯,মফিজুর রহমান,ফারুল,"রফিউজ্জামান মাার বাড়ি, উত্তর বগাচত্তর, বগাচত্তর, সীতাকুন্ড, চট্টগ্রাম",১,Female
১৩৯০,মজর্িনা আক্তার,১৫০২৯৫০০০৬০১,মোঃ রিদোয়ানূল হক,নূরজাহান বেগম,"লাতু চকিদার বাড়ি, বগাচতর, সীতাকুন্ড, চট্টগ্রাম",১,Female
১৩৯১,নাছরিন আক্তার,১৫০২৯৫০০০৬১২,মোহাম্মদ হোসেন,আফিয়া খাতুন,"আব্দুর রউফ হাজী বাড়ি, বগাচতর, সীতাকুন্ড, চট্টগ্রাম",১,Female
১৩৯২,ফারহানা আক্তার,১৫০২৯৫০০০৬১৪,মোহাম্মদ নূর হোসেন,রোকেয়া বেগম,"দেলোয়ার মেস্ত্রী বাড়ি, উত্তর বগাচতর, সীতাকুন্ড, চট্টগ্রাম",১,Female
১৩৯৩,কান রানী দাশ,১৫০২৯৫০০০৬৩০,ফিয়ারী মোহন দাশ,কালা বাশী রানী দাশ,"কালী কৃষ্ণ জলদাস বাড়ী, উত্তর বগাচতর, সীতাকুন্ড, চট্টগ্রাম",১,Female
১৩৯৪,মজর্িনাতুল ফেরদৌস,১৫০২৯৫০০০৬৩৫,নাসির উদ্দীন,হাছিনা আকতার,"উত্তর বগাচতর, সীতাকুন্ড, চট্টগ্রাম",১,Female
১৩৯৫,পারভীন আক্তার,১৫০২৯৫০০০৬৩৬,মাহামুদুল হক,সাফিয়া আক্তার,"হাবীবুল্যাাহ মির বাড়ী, বাঘা ছাত্তার, সীতাকুন্ড, চট্টগ্রাম",১,Female
১৩৯৬,পারভীন আকতার,১৫০২৯৫০০০৬৩৭,জয়নাল আবেদিন,হোসনে আরা বেগম,"উত্তর বগাচতর, সীতাকুন্ড, চট্টগ্রাম",১,Female
১৩৯৭,তাহামিনা আক্তার,১৫০২৯৫০০০৬৩৯,আলী আকবর,রীমা আক্তার,"-, উত্তর বগাচতর, সীতাকুন্ড, চট্টগ্রাম",১,Female
১৩৯৮,আরজু মনি,১৫০২৯৫০০০৬৪১,শেখের ইসলাম,জাহেদা বেগম,"লাল মোহন গোমস্তা বাড়ী, বাঘা ছাত্তার, সীতাকুন্ড, চট্টগ্রাম",১,Female
১৩৯৯,ফারজানা আক্তার,১৫০২৯৫০০০৬৪৪,নূর হোসেন,ফরিদা বেগম,"হাফেজ রবিউল হোসেনের বাড়ী, উত্তর বগাচতর, বগাচতর, সীতাকুন্ড, চট্টগ্রাম",১,Female
১৪০০,জয়া রানী দাস,১৫০২৯৫০০০৬৪৭,হীর লাল চন্দ্র দাস,বিনা রানী দাস,"রবিচন্দ্র জলদাসের বাড়ী, বাঘা ছাত্তার, সীতাকুন্ড, চট্টগ্রাম",১,Female
১৪০১,ফারজানা আকতার,১৫০২৯৫০০০৬৫০,আবুল কালাম,নূর জাহান বেগম,"ধনকাজী বাড়ী, উত্তর বগাচতর, বগাচতর, সীতাকুন্ড, চট্টগ্রাম৭৮চূড়ান্ত ভোটার তালিকাজেলা:চট্টগ্রামউপজেলা:সীতাকুন্ডইউনিয়ন:সৈয়দপুরডাকঘর:কমর আলীভোটার এলাকার কোড: ০২৯৫ভোটার এলাকার নাম: উত্তর বগাচতর",১,Female
১৪০২,রুজিনা আক্তার,১৫০২৯৫০০০৬৫১,বদরের দৌজা,নূর খাতুন,"জমাদার বাড়ী, বাঘা ছাত্তার, সীতাকুন্ড, চট্টগ্রাম",১,Female
১৪০৩,ইসরাত জাহান তানজিনা,১৫০২৯৫০০০৬৫৩,মোহাম্মদ সেলিম,নাজমা আক্তার,"রাজা মিয়া চৌঃ বাড়ি, বাঘা ছাত্তার, সীতাকুন্ড, চট্টগ্রাম",১,Female
১৪০৪,ফাহমিদা আক্তার,১৫০২৯৫০০০৬৫৪,আনোয়ার হোসেন,মনোয়ারা বেগম,"সাম মাঝি বাড়ী, উত্তর বগাচতর, বগাচতর, সীতাকুন্ড, চট্টগ্রাম",১,Female
১৪০৫,া রানী,১৫০২৯৫০০০৬৫৬,হরিদাস,বিটু রানী,"অনন্ত কুমার জলদাস পাড়া, বগাচতর, সীতাকুন্ড, চট্টগ্রাম",১,Female
১৪০৬,রাহেলা আক্তার,১৫০২৯৫০০০৬৫৭,আলী আকবর,সলিনা আক্তার,"মীর হাফেজ কানূ মিয়ার বাড়ী, বাঘা ছাত্তার, সীতাকুন্ড, চট্টগ্রাম",১,Female
১৪০৭,শাহিন সোলতানা,১৫০২৯৫০০০৬৬৪,সফিউল আলম,আয়েশা খাতুন,"আবদুর রউফ হাজীর বাড়ি, বগাচতর, সীতাকুন্ড, চট্টগ্রাম",১,Female
১৪০৮,নাজমা বেগম,১৫০২৯৫০০০৬৬৬,আবদুর রাজ্জাক,নিপু বেগম,"হুরমত খঁা ভুইয়ার বাড়ি, বগাচতর, সীতাকুন্ড, চট্টগ্রাম",১,Female
১৪০৯,জাকিয়া আক্তার ভূঁইয়া,১৫০২৯৫০০০৬৬৭,মুহাম্মদ আজমল খান নিজামী,শাহানা দেলগীর,"মান সাফি ভূইয়া বাড়ী, উত্তর বগাচতার, বগাচতর, সীতাকুন্ড, চট্টগ্রাম",১,Female
১৪১০,ফারজানা আক্তার,১৫০২৯৫০০০৬৬৮,মীর আবদুল কাইয়ুম,খুরশিদা আক্তার,"মীর কানূ হাফেজের বাড়ি, বগাচতর, সীতাকুন্ড, চট্টগ্রাম",১,Female
১৪১১,চনিয়া আক্তার,১৫০২৯৫০০০৬৬৯,মোঃ ওহিদুজ্জামান,মোছাঃ সাজেদা আক্তার,"হাজী নূরুল হক বাড়ী, বগাচতর, সীতাকুন্ড, চট্টগ্রাম",১,Female
১৪১২,খালেদা আকতার,১৫০২৯৫০০০৬৭১,নূর মোহাম্মদ,বিবি ফাতেমা,"কেরামত আলী বাড়ী, উত্তর বগাচতর, বগাচতর, সীতাকুন্ড, চট্টগ্রাম",১,Female
১৪১৩,তাছলিমা আক্তার,১৫০২৯৫০০০৬৭২,মোঃ কামাল উদ্দিন,রিজিয়া বেগম,"কবির বলীর বাড়ী, উত্তর বগাচতর, বগাচতর, সীতাকুন্ড, চট্টগ্রাম",১,Female
১৪১৪,পেনসিনা আক্তার,১৫০২৯৫০০০৬৭৩,নূরুল মোস্তফা,জাহানারা বেগম,"কবির বলীর বাড়ী, উত্তর বগাচতর, বগাচতর, সীতাকুন্ড, চট্টগ্রাম",১,Female
১৪১৫,জান্নাতুন নাহার,১৫০২৯৫০০০৬৭৫,মোঃ ইমরান কবির,সাহানা আক্তার,"দজর্ি বাড়ী, উত্তর বগাচতর, বগাচতর, সীতাকুন্ড, চট্টগ্রাম",১,Female
১৪১৬,ফারহানা আক্তার,১৫০২৯৫০০০৬৭৬,মোহাম্মদ ফায়জুল ইসলাম,জাহেদা বেগম,"মোকরম আলী সারাং বাড়ী, উত্তর বগাচতর, বগাচতর, সীতাকুন্ড, চট্টগ্রাম",১,Female
১৪১৭,হাছিনা আক্তার,১৫০২৯৫০০০৬৭৯,ছগির আহাম্মদ,রেজনো আরা বেগম,"হাফেজ মঈন উদ্দিনের বাড়ী, বগাচতর, সীতাকুন্ড, চট্টগ্রাম",১,Female
১৪১৮,ফারজানা আক্তার,১৫০২৯৫০০০৬৮০,নাসির উদ্দিন,রহিমা বেগম,"ডাঃ মাহবুবুল হকের বাড়ী, বগাচতর, সীতাকুন্ড, চট্টগ্রাম",১,Female
১৪১৯,আইরিন সুলতানা,১৫০২৯৫০০০৬৮২,সিরাজুল ইসলাম,ছেনোয়ারা বেগম,"আাস মিয়ার বাড়ী, উত্তর বগাচতর, বগাচতর, সীতাকুন্ড, চট্টগ্রাম৭৯চূড়ান্ত ভোটার তালিকাজেলা:চট্টগ্রামউপজেলা:সীতাকুন্ডইউনিয়ন:সৈয়দপুরডাকঘর:কমর আলীভোটার এলাকার কোড: ০২৯৫ভোটার এলাকার নাম: উত্তর বগাচতর",১,Female
১৪২০,শাহেদা আক্তার সাথী,১৫০২৯৫০০০৬৮৩,হারুনূর রশিদ,হোসনে আরা বেগম,"নূর হোসেন মিস্ত্রির বাড়ি, বাঘা ছাত্তার, সীতাকুন্ড, চট্টগ্রাম",১,Female
১৪২১,মাহমুদা আক্তার,১৫০২৯৫০০০৬৮৪,নূরুল আমিন,আফিয়া বেগম,"নূর হোসেন মিস্ত্রী বাড়ী, উত্তর বগাচতর, বগাচতর, সীতাকুন্ড, চট্টগ্রাম",১,Female
১৪২২,সাজেদা আকতার,১৫০২৯৫০০০৬৮৬,মোঃ নূরুল আমিন,পিনজুরা বেগম,"মুনছুর কাজী বাড়ী, উত্তর বগাচতর, বগাচতর, সীতাকুন্ড, চট্টগ্রাম",১,Female
১৪২৩,হামিদা আকতার,১৫০২৯৫০০০৬৮৭,মোঃ নূরুল আমিন,পিনজুরা বেগম,"মুনছুর কাজী বাড়ী, উত্তর বগাচতর, বগাচতর, সীতাকুন্ড, চট্টগ্রাম",১,Female
১৪২৪,নাহিদা আক্তার,১৫০২৯৫০০০৬৮৮,মোঃ আবু নছর,জাহানারা বেগম,"মুনছুর কাজী বাড়ী, উত্তর বগাচতর, বগাচতর, সীতাকুন্ড, চট্টগ্রাম",১,Female
১৪২৫,মাহমুদা আকতার,১৫০২৯৫০০০৬৮৯,রশীদ আহমদ নিজামী,কাউছার ইয়াছমিন,"আবদুল মুনাফ সওঃ বাড়ী, বাঘা ছাত্তার, সীতাকুন্ড, চট্টগ্রাম",১,Female
১৪২৬,সাদিয়া আফরোজ,১৫০২৯৫০০০৬৯০,নূরুল হুদা,ফারহানা আফরোজ,"মনছূর কাজীর বাড়ি, বগাচতর, সীতাকুন্ড, চট্টগ্রাম",১,Female
১৪২৭,বিবি আয়শা,১৫০২৯৫০০০৬৯২,মোঃ সাহেব মিয়া,দেলোয়ারা বেগম,"নূরুল হক হাজীর বাড়ী, বগাচতর, সীতাকুন্ড, চট্টগ্রাম",১,Female
১৪২৮,মোছাৎ মজর্িনা আক্তার,১৫০২৯৫০০০৬৯৩,শরিয়ত উল্যাাহ,কহিনূর বেগম,"নূর আহমদ সারেং বাড়ি, বাঘা ছাত্তার, সীতাকুন্ড, চট্টগ্রাম",১,Female
১৪২৯,জোসনা আক্তার,১৫০২৯৫০০০৬৯৪,রুহুল আমিন,সকিনা বেগম,"নূর আহমদ সারেং বাড়ি, বাঘা ছাত্তার, সীতাকুন্ড, চট্টগ্রাম",১,Female
১৪৩০,পা রানী,১৫০২৯৫০০০৬৯৬,মাখন দাষ,প্রিয় বালা,"অনন্ত কুমার জলদাস বাড়ী, বগাচতর, সীতাকুন্ড, চট্টগ্রাম",১,Female
১৪৩১,রোকসানা আকতার,১৫০২৯৫০০০৬৯৮,আলতাফ হোসেন,মোছাম্মৎ মমতাজ বেগম,"হাবীবুল্যাাহ মীর বাড়ী, বাঘা ছাত্তার, সীতাকুন্ড, চট্টগ্রাম",১,Female
১৪৩২,রোকেয়া বেগম,১৫০২৯৫০০০৬৯৯,সামছুল আলম,আছিয়া বেগম,"উত্তর বগাচতর, বগাচতর, সীতাকুন্ড, চট্টগ্রাম",১,Female
১৪৩৩,সোলতানা আক্তার,১৫০২৯৫০০০৭০০,এছাক,আমেনা খাতুন,"উত্তর বগাচতর, সীতাকুন্ড, চট্টগ্রাম",১,Female
১৪৩৪,তাছলিমা আক্তার,১৫০২৯৫০০০৭০১,আবুল ুর,সাহেদা আক্তার,"কেরামত আলী সওঃ বাড়ি, বাঘা ছাত্তার, সীতাকুন্ড, চট্টগ্রাম",১,Female
১৪৩৫,সাকিলা ইয়াছমিন,১৫০২৯৫০০০৭০৩,মফিজুল হক,আকলিমা বেগম,"উজির আলী ফকির বাড়ি, বগাচতর, সীতাকুন্ড, চট্টগ্রাম",১,Female
১৪৩৬,রহিমা আকতার,১৫০২৯৫০০০৭০৪,কামাল উদ্দীন,আনোয়ারা বেগম,"ছদিক মৌলভী বাড়ী, বগাচতর, সীতাকুন্ড, চট্টগ্রাম",১,Female
১৪৩৭,ফিরোজা বেগম,১৫০২৯৫০০০৭০৬,নূর নবী,আনোয়ারা বেগম,"উত্তর বগাচতর, বগাচতর, সীতাকুন্ড, চট্টগ্রাম৮০চূড়ান্ত ভোটার তালিকাজেলা:চট্টগ্রামউপজেলা:সীতাকুন্ডইউনিয়ন:সৈয়দপুরডাকঘর:কমর আলীভোটার এলাকার কোড: ০২৯৫ভোটার এলাকার নাম: উত্তর বগাচতর",১,Female
১৪৩৮,মাহমুদা ইয়াছমিন,১৫০২৯৫০০০৭০৭,শাহ আলম,আছমা আরা বেগম,"শাহা আলম মাস্টারের বাড়ী, বগাচতর, সীতাকুন্ড, চট্টগ্রাম",১,Female
১৪৩৯,ফাহমিদা ইয়াছমিন,১৫০২৯৫০০০৭০৮,শাহ আলম,আছমা আরা বেগম,"শাহ আলম মাস্টারের বাড়ী, উত্তর বগাচতর, সীতাকুন্ড, চট্টগ্রাম",১,Female
১৪৪০,যমুনা বালা,১৫০২৯৫০০০৭০৯,বাবুল জলদাস,সাধন বালা,"উত্তর বগাচতর, সীতাকুন্ড, চট্টগ্রাম",১,Female
১৪৪১,বিবি ফাতেমা,১৫০২৯৫০০০৭১১,সিরাজুল ইসলাম,বিবি আয়েশা,"আবু ছৈয়দ মিয়া বাড়ী, উত্তর বগাচতর, সীতাকুন্ড, চট্টগ্রাম",১,Female
১৪৪২,ফাতেমা তুজ জোহরা,১৫০২৯৫০০০৭২৫,আবু তাহের,রাশেদা আক্তার,"রফিকুজ্জামান মাস্টার বাড়ি, বাঘা ছাত্তার, সীতাকুন্ড, চট্টগ্রাম",১,Female
১৪৪৩,বিবি আমেনা,১৫০২৯৫০০০৭২৬,এরাদুল্যাাহ,আনোয়ারা বেগম,"শাহা আলম মাস্টার বাড়ী, বাঘা ছাত্তার, সীতাকুন্ড, চট্টগ্রাম",১,Female
১৪৪৪,সালমা আক্তার,১৫০২৯৫০০০৭২৭,শহিদ উল্যা্যা,কহিনূর আক্তার,"শাহা আলম মাস্টারের বাড়ী, বাঘা ছাত্তার, সীতাকুন্ড, চট্টগ্রাম",১,Female
১৪৪৫,সারমিন আক্তার,১৫০২৯৫০০০৭৩০,আবু জাফর ভূঞা,জাহেদা আকতার,"তোফার আলী ভুঁইয়ার বাড়ী, বগাচতর, সীতাকুন্ড, চট্টগ্রাম",১,Female
১৪৪৬,ডলি রাণী দাস,১৫০২৯৫০০০৭৩১,জহুর লাল দাস,শেফালী রানী,"উত্তর বগাচতর, সীতাকুন্ড, চট্টগ্রাম",১,Female
১৪৪৭,আরজু আকতার,১৫০২৯৫০০০৭৪০,রহিম উল্যাাহ,রহিচা খাতুন,"উত্তর বগাচতর, সীতাকুন্ড, চট্টগ্রাম",১,Female
১৪৪৮,ইয়াছমিন আক্তার,১৫০২৯৫০০০৭৪৪,রুপুল আমিন,রিজিয়া বেগম,"মনসুর কাজীর বাড়ী, বগাচতর, সীতাকুন্ড, চট্টগ্রাম",১,Female
১৪৪৯,আইরিন সুলতানা,১৫০২৯৫০০০৭৪৬,নূরুল মোস্তফা,হোসনে আরা বেগম,"আমানূল্যাাহ মুহুরীর বাড়ী, বাঘা ছাত্তার, সীতাকুন্ড, চট্টগ্রাম",১,Female
১৪৫০,সাবিনা আকতার,১৫০২৯৫০০০৭৪৭,আবুল বশর,আনোয়ারা বেগম,"উত্তর বগাচতর, সীতাকুন্ড, চট্টগ্রাম",১,Female
১৪৫১,ফেরদৌস,১৫০২৯৫০০০৭৪৮,দেলোয়ার হোসেন,বেবি আকতার,"উত্তর বগাচতর, সীতাকুন্ড, চট্টগ্রাম",১,Female
১৪৫২,জুলিয়া আক্তার,১৫০২৯৫০০০৭৫০,নূর আলম,ফিরোজা বেগম,"উত্তর বগাচতর, সীতাকুন্ড, চট্টগ্রাম",১,Female
১৪৫৩,তাহমিনা ইয়াছমিন,১৫০২৯৫০০০৭৫২,মোঃ নূরুল গনি,জান্নাতুল ফেরদৌস,"মনছূর হাজি বাড়ি, বগাচতর, সীতাকুন্ড, চট্টগ্রাম",১,Female
১৪৫৪,তাহমিনা আক্তার,১৫০২৯৫০০০৭৫৫,জাহাঙ্গীর আলম,লায়লা বেগম,"উত্তর বগাচতর, সীতাকুন্ড, চট্টগ্রাম",১,Female
১৪৫৫,শামিমা আক্তার,১৫০২৯৫০০০৭৫৭,রুহুল আমিন,রহিমা বেগম,"উত্তর বগাচতর, সীতাকুন্ড, চট্টগ্রাম৮১চূড়ান্ত ভোটার তালিকাজেলা:চট্টগ্রামউপজেলা:সীতাকুন্ডইউনিয়ন:সৈয়দপুরডাকঘর:কমর আলীভোটার এলাকার কোড: ০২৯৫ভোটার এলাকার নাম: উত্তর বগাচতর",১,Female
১৪৫৬,শারমিন আক্তার,১৫০২৯৫০০০৭৫৮,নূরুল আবছার,ফারুল আক্তার,"উত্তর বগাচতর, উত্তার বগাচতর, সীতাকুন্ড, চট্টগ্রাম",১,Female
১৪৫৭,সানজিদা আক্তার,১৫০২৯৫০০০৭৬১,সিরাজ উদ্দিন চৌধুরী,আফরোজা বেগম,"রাজা মিয়া চৌঃ বাড়ী, বগাচতর, সীতাকুন্ড, চট্টগ্রাম",১,Female
১৪৫৮,বিবি কুলছুমা আক্তার,১৫০২৯৫০০০৭৬২,বেলায়েত হোসেন ভুঁইয়া,রাশেদা আক্তার,"তোফর আলী ভূইয়া বাড়ী, উত্তর বগাচতর, বগাচতর, সীতাকুন্ড, চট্টগ্রাম",১,Female
১৪৫৯,সাবিনা ইয়াছমিন,১৫০২৯৫০০০৭৬৩,আবু জাফর ভূঁইয়া,জাহেদা আক্তার,"তোফর আলী ভুঁইয়ার বাড়ী, বগাচতর, সীতাকুন্ড, চট্টগ্রাম",১,Female
১৪৬০,বিবি ছায়রা আক্তার,১৫০২৯৫০০০৭৬৪,আবুল কাশেম,সেলিনা আক্তার,"মুছা কাজী বাড়ি, বগাচতর, সীতাকুন্ড, চট্টগ্রাম",১,Female
১৪৬১,সাজেদা আক্তার,১৫০২৯৫০০০৭৬৫,নূরুল ইসলাম,জোসনা আরা বেগম,"লাল মোহন গোমস্তার বাড়ী, উত্তর বগাচতর, বগাচতর, সীতাকুন্ড, চট্টগ্রাম",১,Female
১৪৬২,আনোয়ারা বেগম,১৫০২৯৫০০০৭৬৬,নূরেরজ্জামান,ছবিরা খাতুন,"নূর আহমদ সারেং বাড়ী, বাঘা ছাত্তার, সীতাকুন্ড, চট্টগ্রাম",১,Female
১৪৬৩,সামিমা ইয়াছমিন,১৫০২৯৫০০০৭৬৭,নেছার আহম্মদ,বিবি ছকিনা,"হুরমত খঁা ভূইয়া বাড়ী, উত্তর বগাচতর, বগাচতর, সীতাকুন্ড, চট্টগ্রাম",১,Female
১৪৬৪,রোখসানা আক্তার,১৫০২৯৫০০০৭৬৯,শহীদ উল্যাহ,কোহিনূর বেগম,"সালাম মাস্টারের বাড়ী, উত্তর বগাচতর, সীতাকুন্ড, চট্টগ্রাম",১,Female
১৪৬৫,তপুরা আক্তার,১৫০২৯৫০০০৭৭০,মোঃ বাবুল হোসেন,সাফিয়া খাতুন,"লাল মোহন গোমস্তার বাড়ী, উত্তর বগাচতর, বগাচতর, সীতাকুন্ড, চট্টগ্রাম",১,Female
১৪৬৬,নারগিছ আকতার,১৫০২৯৫০০০৭৭১,মোঃ এশাহাদল্যাাহ,ফরিদা ইয়াছমিন,"মুনছুর কাজী বাড়ী, বগাচতর, সীতাকুন্ড, চট্টগ্রাম",১,Female
১৪৬৭,মাহমুদা আক্তার,১৫০২৯৫০০০৭৭৫,শামসুল আলম,কহিনূর বেগম,"লমির বাড়ী, উত্তর বগাচতর, বগাচতর, সীতাকুন্ড, চট্টগ্রাম",১,Female
১৪৬৮,সুলতানা ইয়াছমীন ঝর্না,১৫০২৯৫০০০৭৭৭,মোঃ নূরুন নবী,মনোয়ারা বেগম,"আক্রাম গোলদার বাড়ী, উত্তর বগাচতর, সীতাকুন্ড, চট্টগ্রাম",১,Female
১৪৬৯,মজর্িনা আক্তার,১৫০২৯৫০০০৭৭৮,মোঃ নূরুল হক,হাছিনা আক্তার,"আক্রম গোলাদার বাড়ী, বগাচতর, সীতাকুন্ড, চট্টগ্রাম",১,Female
১৪৭০,আকলিমা,১৫০২৯৫০০০৭৮২,জহুরুল হক,আয়শা খাতুন,"লাল মোহন গোবাতির বাড়ী, বাঘা ছাত্তার, সীতাকুন্ড, চট্টগ্রাম",১,Female
১৪৭১,রাহেলা আকতার,১৫০২৯৫০০০৭৮৪,নূরুল আবছার,রিজিয়া বেগম,"নূর মোঃ সারেং বাড়ী, উত্তর বগাচতর, সীতাকুন্ড, চট্টগ্রাম",১,Female
১৪৭২,মোছাঃ রোকসানা আক্তার,১৫০২৯৫০০০৬৩৩,মোঃ শাহ আলম,মোছাঃ রওশন আরা বেগম,"মান সফি ভূঁঞা বাড়ী, উত্তর বগাচতর, সীতাকুন্ড, চট্টগ্রাম",১,Female
১৪৭৩,সুমাইয়া বিনতে মফিজ,১৫০২৯৫০০০৩৯৪,মফিজুর রহমান,কামরুজ্জাহান,"ছদিক মৌলভী বাড়ী, উত্তর বগাচতর, বগাচতর, সীতাকুন্ড, চট্টগ্রাম৮২চূড়ান্ত ভোটার তালিকাজেলা:চট্টগ্রামউপজেলা:সীতাকুন্ডইউনিয়ন:সৈয়দপুরডাকঘর:কমর আলীভোটার এলাকার কোড: ০২৯৫ভোটার এলাকার নাম: উত্তর বগাচতর",১,Female
১৪৭৪,তানজিনা আকতার,১৫০২৯৫০০০৭৮৯,জানে আলম,আমেনা বেগম,"মুনছুর কাজী বাড়ী, বাঘা ছাত্তার, সীতাকুন্ড, চট্টগ্রাম",১,Female
১৪৭৫,জান্নাতুল ফেরদাউছ,১৫০২৯৫০০০৭৯১,আবুল কাশেম,সাহেদা বেগম,"শেখ মুনছুর কাজী বাড়ী, উঃ বগাচতর, সীতাকুন্ড, চট্টগ্রাম",১,Female
১৪৭৬,পলি,১৫০২৯৫০০০৭৯২,মোঃ সোলেমান,ফিরুজা বেগম,"আক্রম গোলদার বাড়ী, উত্তর বগাচতর, বগাচতর, সীতাকুন্ড, চট্টগ্রাম",১,Female
১৪৭৭,আনিকা তাবাসসুম,১৫০২৯৫০০০৭৯৩,রিদোয়ান চৌধুরী,রুমা আকতার,"রাজা মিয়া চৌঃ বাড়ী, উঃ বগাচতর, সীতাকুন্ড, চট্টগ্রাম",১,Female
১৪৭৮,আয়েশা আক্তার,১৫০২৯৫০০০৭৯৯,মোঃ সিরাজুল ইসলাম,সুরুজ জাহান বেগম,"আব্দুল ভূঞা বাড়ী, উঃ বগাচতর, সীতাকুন্ড, চট্টগ্রাম",১,Female
১৪৭৯,তাজবিনা শারমিন,১৫০২৯৫০০০৮০০,একরামুল হক ভূঁইয়া,জোবেদা খানম,"আব্দুল ভূঞা বাড়ি, উঃ বগাচতর, সীতাকুন্ড, চট্টগ্রাম",১,Female
১৪৮০,সুলতানা রাজিয়া,১৫০২৯৫০০০৮০১,মফিজ,জাহানারা বেগম,"শাহা আলম মাস্টারের বাড়ী, উঃ বগাচতর, সীতাকুন্ড, চট্টগ্রাম",১,Female
১৪৮১,আখিয়া সুলতানা চৌধুরী,১৫০২৯৫০০০৮০৪,সিরাজুল ইসলাম চৌধুরী,আফরোজা বেগম,"রাজা মিয়া চৌধুরী বাড়ী, উত্তর বগাচতর, বগাচতর, সীতাকুন্ড, চট্টগ্রাম",১,Female
১৪৮২,জাহানারা বেগম,১৫০২৯৫০০০৮০৮,সিদ্দিক আহমদ,মানিক ধর বেগম,"কেরামত আলী সওদাগর বাড়ী, উঃ বগাচতর, বগাচতর, সীতাকুন্ড, চট্টগ্রাম",১,Female
১৪৮৩,ফারজানা আকতার,১৫০২৯৫০০০৮০৯,দেলোয়ার হোসেন,জাহানারা বেগম,"কেরামত আলী সওদাগরের বাড়ী, উঃ বগাচতর, সীতাকুন্ড, চট্টগ্রাম",১,Female
১৪৮৪,হোসনে আরা আক্তার পপি,১৫০২৯৫০০০৮১০,মোঃ মনির হোসেন,আলেয়া বেগম,"জাগির হোসেন বাড়ী, উঃ বগাচতর, সীতাকুন্ড, চট্টগ্রাম",১,Female
১৪৮৫,মোহছেনা সোলতানা,১৫০২৯৫০০০৮১৩,মোহাম্মদ হোসেন,শাহীন আফরোজ,"মান সফি ভূঁইয়া বাড়ী, বগাচতর, সীতাকুন্ড, চট্টগ্রাম",১,Female
১৪৮৬,মোহছেনা আক্তার,১৫০২৯৫০০০৮১৪,ফজলুল হক,শাহীনূর বেগম,"দজর্ি বাড়ী, উঃ বগাচতর, বগাচতর, সীতাকুন্ড, চট্টগ্রাম",১,Female
১৪৮৭,নাঈমা সুলতানা,১৫০২৯৫০০০৮১৫,মোঃ আবুল হুদা,বদরুন নাহার বকুল,"হাজী গোলাম নূর মাস্টারের বাড়ী, বগাচতর, সীতাকুন্ড, চট্টগ্রাম",১,Female
১৪৮৮,শামিনা আকতার নিপা,১৫০২৯৫০০০৮১৭,মোঃ ইউনূচ মিয়া,রোকেয়া বেগম,"হাজী গোলাম নূর মাার বাড়ী, উঃ বগাচতর, বগাচতর, সীতাকুন্ড, চট্টগ্রাম",১,Female
১৪৮৯,মনোয়ারা মনি,১৫০২৯৫০০০৮১৮,মোঃ মনির হোসেন,আলেয়া বেগম,"জাগির হোসেনের বাড়ী, উত্তর বগাচতর, বগাচতর, সীতাকুন্ড, চট্টগ্রাম",১,Female
১৪৯০,হামিদা আকতার,১৫০২৯৫০০০৮২১,নূরুল আলম,আুমান আরা বেগম,"কেরামত আলী বাড়ী, বগাচতর, সীতাকুন্ড, চট্টগ্রাম",১,Female
১৪৯১,রাজিয়া সুলতানা,১৫০২৯৫০০০৮২৩,শফিউল আলম,ছেমনা খাতুন,"সেকান্তর ভূঁঞা বাড়ি, উঃ বগাচতর, বগাচতর, সীতাকুন্ড, চট্টগ্রাম৮৩চূড়ান্ত ভোটার তালিকাজেলা:চট্টগ্রামউপজেলা:সীতাকুন্ডইউনিয়ন:সৈয়দপুরডাকঘর:কমর আলীভোটার এলাকার কোড: ০২৯৫ভোটার এলাকার নাম: উত্তর বগাচতর",১,Female
১৪৯২,বিবি ফাতেমা,১৫০২৯৫০০০৮২৫,মোঃ নূরুল আফচার,রেহেনা আকতার,"মোস্তফা সওদাগরের বাড়ী, উঃ বগাচতর, সীতাকুন্ড, চট্টগ্রাম",১,Female
১৪৯৩,ফারজানা আক্তার,১৫০২৯৫০০০৮২৭,মোঃ আনোয়ারুল ইসলাম,জোসনা আরা বেগম,"কেরামত আলী বাড়ী, উঃ বগাচতর, বগাচতর, সীতাকুন্ড, চট্টগ্রাম",১,Female
১৪৯৪,তাহমিনা খানম,১৫০২৯৫০০০৮২৯,মোঃ রশিদুজ্জামান,মোছাঃ হায়জেরা নিজামী,"মুছা কাজী বাড়ী, উঃ বগাচতর, বগাচতর, সীতাকুন্ড, চট্টগ্রাম",১,Female
১৪৯৫,হালিমা ছাদিয়া,১৫০২৯৫০০০৮৩২,মোঃ জসিম উদ্দিন,ছালেহা বেগম,"রাজা মিয়া চৌধুরী বাড়ী, উঃ বগাচতর, সীতাকুন্ড, চট্টগ্রাম",১,Female
১৪৯৬,ফেরদৌস বেগম,১৫০২৯৫০০০৮৩৬,মুকছুদ আহাম্মদ,ফিরোজা বেগম,"আবদুল ভূঁইয়া বাড়ী, উত্তর বগাচতর, সীতাকুন্ড, চট্টগ্রাম",১,Female
১৪৯৭,খাদিজাতুল কোবরা,১৫০২৯৫০০০৮৩৭,মোঃ জসিম উদ্দিন,ছালেহা বেগম,"মান সফি ভূঁইয়ার বাড়ী, উঃ বগাচতর, সীতাকুন্ড, চট্টগ্রাম",১,Female
১৪৯৮,নিগার সোলতানা,১৫০২৯৫০০০৮৩৯,আক্তার হোসেন,ছালেহা বেগম,"হুরমত খঁা ভূইয়া বাড়ী, উত্তর বগাচতর, বাঘা ছাত্তার, সীতাকুন্ড, চট্টগ্রাম",১,Female
১৪৯৯,জেরিন আকতার,১৫০২৯৫০০০৮৪০,মোঃ সিরাজ উদ-দৌলা,মোছাঃ রোকেয়া বেগম ফরিদা,"মা মিল, উত্তর বগাচতর, বগাচতর, সীতাকুন্ড, চট্টগ্রাম",১,Female
১৫০০,রুবিনা আক্তার,১৫০২৯৫০০০৮৪১,মোহাং জাহের আহাম্মদ,আনোয়ারা বেগম,"রাজী মিয়া চৌধুরী, উত্তর বগাচতর, বগাচতর, সীতাকুন্ড, চট্টগ্রাম",১,Female
১৫০১,মতিয়া আক্তার,১৫০২৯৫০০০৮৪৩,মোঃ আবদুল মতিন,নূর বানূ,"লমি ভূঁইয়ার বাড়ী, উত্তর বগাচতর, বগাচতর, সীতাকুন্ড, চট্টগ্রাম",১,Female
১৫০২,আফরিন সুলতানা,১৫০২৯৫০০০৮৪৪,জাকির হোসেন,জাহানারা বেগম,"মুনছুর কাজী বাড়ী, উত্তর বগাচতর, বগাচতর, সীতাকুন্ড, চট্টগ্রাম",১,Female
১৫০৩,মাহমুদা আক্তার,১৫০২৯৫০০০৮৫৫,মুহাম্মদ আলমগীর,রহিমা আক্তার,"মোকারম আলী সারেং বাড়ী, উত্তর বগাচতর, সীতাকুন্ড, চট্টগ্রাম",১,Female
১৫০৪,ফারহানা আক্তার,১৫০২৯৫০০০৮৫৭,মোঃ বেলায়েত হোসেন,ছলিমা খাতুন,"আাস মিয়া বাড়ী, উত্তর বগাচতর, বগাচতর, সীতাকুন্ড, চট্টগ্রাম",১,Female
১৫০৫,ফারজানা আকতার,১৫০২৯৫০০০৮৬৩,মোঃ হানিফ,নিলুফা আকতার,"বদি মেস্তরী বাড়ী, উত্তর বগাচতর, উঃ বগাচতর, সীতাকুন্ড, চট্টগ্রাম",১,Female
১৫০৬,তাছলিমা আক্তার,১৫০২৯৫০০০৮৬৪,আবুল কাশেম,তাহেরের নেছা,"উঃ বগাচতর, বগাচতর, সীতাকুন্ড, চট্টগ্রাম",১,Female
১৫০৭,নাজমিন কাউচার,১৫০২৯৫০০০৮৬৫,নাছির উদ্দীন,শাহানা আকতার,"সাম মাঝি বাড়ী, উত্তর বগাচতর, বগাচতর, সীতাকুন্ড, চট্টগ্রাম",১,Female
১৫০৮,রোকেয়া বেগম,১৫০২৯৫০০০৮৬৬,সোলায়মান,ছালেহা বেগম,"তোয়ানী মীর বাড়ী, উত্তর বগাচতর, সীতাকুন্ড, চট্টগ্রাম",১,Female
১৫০৯,আইরিন সুলতানা,১৫০২৯৫০০০৮৭৩,নূরুল হক,কমলা বেগম,"তোয়ানী মীর বাড়ী, উঃ বগাচতর, সীতাকুন্ড, চট্টগ্রাম৮৪চূড়ান্ত ভোটার তালিকাজেলা:চট্টগ্রামউপজেলা:সীতাকুন্ডইউনিয়ন:সৈয়দপুরডাকঘর:কমর আলীভোটার এলাকার কোড: ০২৯৫ভোটার এলাকার নাম: উত্তর বগাচতর",১,Female
১৫১০,শারমিন আকতার,১৫০২৯৫০০০৮৭৪,নাছির উদ্দীন,শাহানা আকতার,"গাফফারী চেয়াম্যান বাড়ী, উত্তর বগাচতর, সীতাকুন্ড, চট্টগ্রাম",১,Female
১৫১১,মাহবুবা সু◌্লতানা শাহীন ফারাহ,১৫০২৯৫০০০৮৮৩,মো: আবুল হাশেম ভূঁঞা,হাছিনা আক্তার ভূঁঞা,"সেকান্দার ভূঁঞা বাড়ী, উত্তর বগাচতর, উঃ বগাচতর, সীতাকুন্ড, চট্টগ্রাম",১,Female
১৫১২,মোরশেদা আক্তার,১৫০২৯৫০০০৮৮৯,মোঃ আবু নছর,সালমা আক্তার,"নূর আহাং সারেং বাড়ী, উত্তর বগাচতর, বগাচতর, সীতাকুন্ড, চট্টগ্রাম",১,Female
১৫১৩,সাজিয়া সুলতানা,১৫০২৯৫০০০৮৯০,জাফর উল্যাাহ,পেয়ারা বেগম,"হুরমত খঁা ভূঁঞা বাড়ী, উঃ বগাচতর, বগাচতর, সীতাকুন্ড, চট্টগ্রাম",১,Female
১৫১৪,বিবি মরিয়ম,১৫০২৯৫০০০৮৯২,মনিরুজ্জামান,লায়লা বেগম,"নূরুল হক হাজির বাড়ি, বগাচতর, সীতাকুন্ড, চট্টগ্রাম",১,Female
১৫১৫,আরফা বিনতে নিজাম,১৫০২৯৫০০০৮৯৬,মোঃ নিজাম উদ্দিন,খালেদা আকতার শিপু,"মোক্রম আলী সারেং বাড়ী, উত্তর বগাচতর, বগাচতর, সীতাকুন্ড, চট্টগ্রাম",১,Female
১৫১৬,ফারজানা আক্তার,১৫০২৯৫০০০৮৯৮,আবুল বশর,জরিনা খানম,"নূর আহাং সারাং বাড়ী, উত্তর বগাচতর, বগাচতর, সীতাকুন্ড, চট্টগ্রাম",১,Female
১৫১৭,ইসমত সোলতানা,১৫০২৯৫০০০৯০০,মহি উদ্দীন,মহিনূর আক্তার,"আবদুল ভূঁইয়ার বাড়ী, উঃ বগাচতর, সীতাকুন্ড, চট্টগ্রাম",১,Female
১৫১৮,তানজিনা আক্তার,১৫০২৯৫০০০৯০২,মোঃ শামছুল হুদা,নূর বানূ,"নতদুন মুনচুর কাজী বাড়ী, বগাচতর, সীতাকুন্ড, চট্টগ্রাম",১,Female
১৫১৯,রেজবী আক্তার,১৫০২৯৫০০০৯০৪,আবুল মুনসুর,লায়লা বেগম,"হেঁদু ভূঁঞা বাড়ী, উত্তর বগাচতর, উঃ বগাচতর, সীতাকুন্ড, চট্টগ্রাম",১,Female
১৫২০,জান্নাতুন্নাঈমা সুলতানা,১৫০২৯৫০০০৯০৫,আবু জাফর ভূঁইয়া,জাহেদা আক্তার,"তপুর আলী ভূইয়া বাড়ী, উত্তর বগাচতর, সীতাকুন্ড, চট্টগ্রাম",১,Female
১৫২১,শিমু রানী দাশ,১৫০২৯৫০০০৯০৮,মন্টু জলদাশ,নিয়তি রানী দাস,"চুল্যাা বাপের বাড়ী, উত্তর বগাচতর, বগাচতর, সীতাকুন্ড, চট্টগ্রাম",১,Female
১৫২২,নূসরাত জাহান,১৫০২৯৫০০০৯০৯,আবু নূর,মমতাজ বেগম,"আমান উল্যাাহ মুহুরী বাড়ী, উঃ বগাচতর, সীতাকুন্ড, চট্টগ্রাম",১,Female
১৫২৩,বিবি জোহরা,১৫০২৯৫০০০৯১৪,মোঃ শফিউল আলম,ছেমনা খাতুন,"সেকান্তর ভুঞা বাড়ি, উত্তর বগাচতর, বগাচতর, সীতাকুন্ড, চট্টগ্রাম",১,Female
১৫২৪,জেসমিন সোলতানা,১৫০২৯৫০০০৯১৭,সিরাজুল ইসলাম,ছেনোয়ারা বেগম,"আাস মিয়ার বাড়ী, উত্তর বগাচতর, বগাচতর, সীতাকুন্ড, চট্টগ্রাম",১,Female
১৫২৫,তানজিনা আক্তার,১৫০২৯৫০০০৮৭৫,মোঃ শাহজাহান,মনজুরা আকতার পান্না,"৩৬, সৈয়দ আহাম্মদ রোড, উত্তর বগাচতর, সীতাকুন্ড, চট্টগ্রাম",১,Female
১৫২৬,চেনোয়ারা আক্তার,১৫০২৯৫০০০৯৩১,আবুল কাসেম,আনোয়ারা বেগম,"মুছা হাজী বাড়ী, উত্তর বগাচতর, বগাচতর, সীতাকুন্ড, চট্টগ্রাম",১,Female
১৫২৭,আছমা বেগম,১৫০২৯৫০০০৯৩২,সফি উল্যা্যাহ,ছুফিয়া বেগম,"মনূ ভূঁইয়া বাড়ী, উঃ বগাচতর, বগাচতর, সীতাকুন্ড, চট্টগ্রাম৮৫চূড়ান্ত ভোটার তালিকাজেলা:চট্টগ্রামউপজেলা:সীতাকুন্ডইউনিয়ন:সৈয়দপুরডাকঘর:কমর আলীভোটার এলাকার কোড: ০২৯৫ভোটার এলাকার নাম: উত্তর বগাচতর",১,Female
১৫২৮,শানূ রানী দাশ,১৫০২৯৫০০০৯৩৩,দত্ত বাশী দাশ,সুভা রানী দাশ,"জল দাশ পাড়া, উত্তর বগাচতর, বগাচতর, সীতাকুন্ড, চট্টগ্রাম",১,Female
১৫২৯,ছুফিয়া বেগম,১৫০২৯৫০০০৯৩৪,হোসনের জামান,আলকুমা বেগম,"মনূ ভূঁইয়া বাড়ি, উত্তর বগাচতর, বগাচতর, সীতাকুন্ড, চট্টগ্রাম",১,Female
১৫৩০,নাছিমা আক্তার তাছনূর,১৫০২৯৫০০০৯৩৫,শামসু উদ্দিন,বিবি আমেনা সুমি,"ফোরাকাজী বাড়ি, উত্তর বগাচতর, বগাচতর, সীতাকুন্ড, চট্টগ্রাম",১,Female
১৫৩১,শাহানাজ পারভীন,১৫০২৯৫০০০৯৩৬,মোঃ শহীদুল হক,শামছুন্নাহার,"আব্দুল ভূঁইয়া বাড়ী, উত্তর বগাচতর, বগাচতর, সীতাকুন্ড, চট্টগ্রাম",১,Female
১৫৩২,তাছলিমা আক্তার,১৫০২৯৫০০০৯৩৭,মোহাম্মদ হারেছ,আনোয়ারা বেগম,"০৮৯৪, হুরমত খঁা বাড়ী, উত্তর বগাচতর, বগাচতর, সীতাকুন্ড, চট্টগ্রাম",১,Female
১৫৩৩,আইনূর নাহার,১৫০২৯৫০০০৯৩৯,মাহাববুর আলম,সাজেদা ফারুল,"হাজী গোলাম নূর মাস্টার বাড়ী, উত্তর বগাচতর, বগাচতর, সীতাকুন্ড, চট্টগ্রাম",১,Female
১৫৩৪,মজর্িনা আক্তার,১৫০২৯৫০০০৯৪০,ইমাম হোসেন,আনোয়ারা বেগম,"লমি বাড়ি, উত্তর বগাচতর, বগাচতর, সীতাকুন্ড, চট্টগ্রাম",১,Female
১৫৩৫,নাহিদা আক্তার,১৫০২৯৫০০০৯৪৩,মোঃ আব্দুল্যাাহ,সেলিনা আক্তার,"হুরমত খঁা ভূইয়া বাড়ী, উত্তর বগাচতর, বগাচতর, সীতাকুন্ড, চট্টগ্রাম",১,Female
১৫৩৬,নিলুফা আক্তার,১৫০২৯৫০০০৯৪৫,জাহাঙ্গীর আলম,রাহেনা আক্তার,"মুনছুর কাজী বাড়ী, উত্তর বগাচতর, বগাচতর, সীতাকুন্ড, চট্টগ্রাম",১,Female
১৫৩৭,বিবি আকলিমা,১৫০২৯৫০০০৯৪৮,মৃত জয়নাল আবেদিন,নূর নাহার বেগম,"সেকান্তর মিস্ত্রী বাড়ি, উত্তর বগাচতর, বগাচতর, সীতাকুন্ড, চট্টগ্রাম",১,Female
১৫৩৮,মনি দাশ,১৫০২৯৫০০০৯৫১,বাদল চন্দ্র দাশ,মিনা রানী দাশ,"বজেন্দ্র কবিরাজ বাড়ী, উত্তর বগাচতর, বগাচতর, সীতাকুন্ড, চট্টগ্রাম",১,Female
১৫৩৯,বিবি রহিমা,১৫০২৯৫০০০৯৫৩,হাবিবুর রহমান,রোশনে আরা বেগম,"মুছা হাজী বাড়ী, উত্তর বগাচতর, বগাচতর, সীতাকুন্ড, চট্টগ্রাম",১,Female
১৫৪০,তাহমিনা আক্তার,১৫০২৯৫০০০৯৫৯,জহির আহম্মদ,পারভীন আক্তার,"মুনছুর কাজী বাড়ী, মুনছুর কাজী বাড়ী, উত্তর বগাচতর, বগাচতর, সীতাকুন্ড, চট্টগ্রাম",১,Female
১৫৪১,ফারহানা আক্তার,১৫০২৯৫০০০৯৬০,শফিউল আলম,নূরের নাহার,"০৬৮৫, মুনচুর কাজী বাড়ী, উত্তর বগাচতর, বগাচতর, সীতাকুন্ড, চট্টগ্রাম",১,Female
১৫৪২,শিী রানী দেবী,১৫০২৯৫০০০৯৬৩,শিবু প্রসাদ ভৌমিক,মৃত কান বালা দেবী,"বামের মাারের বাড়ি, দিন বগাচতর, বগচতর, সীতাকুন্ড, চট্টগ্রাম",১,Female
১৫৪৩,রোমানা আফরোজ,১৫০২৯৫০০০৯৬৪,আবুল হাসেম,ফিরুজা বেগম,"মুছা কাজী বাড়ি, উত্তর বগাচতর, বগাচতর, সীতাকুন্ড, চট্টগ্রাম",১,Female
১৫৪৪,সাদিয়া আক্তার,১৫০২৯৫০০০৯৬৫,শের আলী হোসেন,জাহানারা বেগম,"০৮৫২, মোক্রম আলী সারেং বাড়ী, উত্তর বগাচতর, বগাচতর, সীতাকুন্ড, চট্টগ্রাম",১,Female
১৫৪৫,ফৌজিয়া আক্তার সুমি,১৫০২৯৫০০০৯৬৬,মোঃ ওসমান গনি,মনোয়ারা বেগম,"আবদুল মুনাফ সওদাগর বাড়ী, উত্তর বগাচতর, বগাচতর, সীতাকুন্ড, চট্টগ্রাম৮৬চূড়ান্ত ভোটার তালিকাজেলা:চট্টগ্রামউপজেলা:সীতাকুন্ডইউনিয়ন:সৈয়দপুরডাকঘর:কমর আলীভোটার এলাকার কোড: ০২৯৫ভোটার এলাকার নাম: উত্তর বগাচতর",১,Female
১৫৪৬,শারমিন আক্তার,১৫০২৯৫০০০৯৬৭,মোঃ ছৈয়দুল হক,হোসনে আরা বেগম,"আবদুল ভূঞা, উত্তর বগাচতর, বগাচতর, সীতাকুন্ড, চট্টগ্রাম",১,Female
১৫৪৭,আইনূর নাহার,১৫০২৯৫০০০৯৬৮,আত্তরঙ্গ জেব,হাছান বানূ,"০৬৬০, আলমগীর আনসার বাড়ী, উত্তর বগাচতর, বগাচতর, সীতাকুন্ড, চট্টগ্রাম",১,Female
১৫৪৮,পারভীন সুলতানা,১৫০২৯৫০০০৯৭০,আবুল কাসেম,সকিনা আক্তার,"রাজা মিয়া চৌধুরী বাড়ী, উত্তর বগাচতর, বগাচতর, সীতাকুন্ড, চট্টগ্রাম",১,Female
১৫৪৯,বিবি কুলসুম,১৫০২৯৫০০০৯৭৫,অহিদুন নবী,মনোয়ারা বেগম,"বাহাদুল্যা্যাহ দজর্ি বাড়ী, উত্তর বগাচতর, বগাচতর, সীতাকুন্ড, চট্টগ্রাম",১,Female
১৫৫০,ফারজানা আক্তার লিপি,১৫০২৯৫০০০৯৭৭,আবুল কাশেম,হাছিনা আক্তার,"আবদুল কাদের মোল্যাা বাড়ী, উত্তর বগাচতর, বগাচতর, সীতাকুন্ড, চট্টগ্রাম",১,Female
১৫৫১,কলি আক্তার,১৫০২৯৫০০০৯৮১,নূর নবী,সুর জাহান বেগম,"০৭৬০, উত্তর বগাচতর, বগাচতর, সীতাকুন্ড, চট্টগ্রাম",১,Female
১৫৫২,আমেনা আক্তার রুনা,১৫০২৯৫০০০৯৮২,মোঃ ইমাম হোসেন,মনোয়ারা বেগম,"আবদুল মুনাফ সওদাগর বাড়ী, উত্তর বগাচতর, বগাচতর, সীতাকুন্ড, চট্টগ্রাম",১,Female
১৫৫৩,সালমা আক্তার,১৫০২৯৫০০০৯৮৫,সফিউল আলম,জাহানারা বেগম,"মৌতালী ব্যাপারী বাড়ী, উত্তর বগাচতর, বগাচতর, সীতাকুন্ড, চট্টগ্রাম",১,Female
১৫৫৪,বিবি মরিয়ম,১৫০২৯৫০০০৯৮৭,দিদারুল আলম,ছেনোয়ারা বেগম,"গোলদার বাড়ি, উত্তর বগাচতর, বগাচতর, সীতাকুন্ড, চট্টগ্রাম",১,Female
১৫৫৫,সীমালী জলদাস কনিকা,১৫০২৯৫০০০৯৯১,নগেন্দ্র জলদাস,নন্দা রানী,"জলদাস পাড়া, উত্তর বগাচতর, বগাচতর, সীতাকুন্ড, চট্টগ্রাম",১,Female
১৫৫৬,মুছাম্মত তানজিনা আক্তার,১৫০২৯৫০০০৯৯৩,আলমগীর হোসেন,নাজমা আক্তার,"মোঃ হোছেনেজ্জামান বাড়ী, উত্তর বগাচতর, বগাচতর, সীতাকুন্ড, চট্টগ্রাম",১,Female
১৫৫৭,ফারজানা আক্তার লিপি,১৫০২৯৫০০০৯৯৪,সালে আহম্মদ,সুর জাহান বেগম,"ছালে আহম্মদের বাড়ী, উত্তর বগাচতর, বগাচতর, সীতাকুন্ড, চট্টগ্রাম",১,Female
১৫৫৮,সরতী,১৫০২৯৫০০০৯৯৫,মতিলাল,অরুন বালা,"কাঙ্গাল হরি বাড়ী, উত্তর বগাচতর, বগাচতর, সীতাকুন্ড, চট্টগ্রাম",১,Female
১৫৫৯,সাহেদা আক্তার,১৫০২৯৫০০০৯৯৬,মোঃ মফিজুর রহমান,হাছিনা বেগম,"মোতালী ব্যাপারী বাড়ী, উত্তর বগাচতর, বগাচতর, সীতাকুন্ড, চট্টগ্রাম",১,Female
১৫৬০,রেহানা আক্তার,১৫০২৯৫০০০৯৯৮,জাকারিয়া,কহিনূর বেগম,"হাবিব উল্যাাহ মীর বাড়ি, উত্তর বগাচতর, বগাচতর, সীতাকুন্ড, চট্টগ্রাম",১,Female
১৫৬১,সুলতানা রাজিয়া,১৫০২৯৫০০১০০৩,জয়নাল আবেদীন,বিবি কুলছুমা,"ছাবির আলী বাড়ি, উত্তর বগাচতর, বগাচতর, সীতাকুন্ড, চট্টগ্রাম",১,Female
১৫৬২,আফরোজা সোলতানা মোস্তারী,১৫০২৯৫০০১০০৪,মৃত আবু তাহের,ফরিদা বেগম,"ছদিক মৌলভী বাড়ী, উত্তর বগাচতর, বগাচতর, সীতাকুন্ড, চট্টগ্রাম",১,Female
১৫৬৩,ফরিদা ইয়াছমিন,১৫০২৯৫০০১০০৫,নূর আলম,শাহাজাদী,"হাবিবুল্যাাহ মীর বাড়ি, উত্তর বগাচতর, বগাচতর, সীতাকুন্ড, চট্টগ্রাম৮৭চূড়ান্ত ভোটার তালিকাজেলা:চট্টগ্রামউপজেলা:সীতাকুন্ডইউনিয়ন:সৈয়দপুরডাকঘর:কমর আলীভোটার এলাকার কোড: ০২৯৫ভোটার এলাকার নাম: উত্তর বগাচতর",১,Female
১৫৬৪,শারমিন আকতার লিমা,১৫০২৯৫০০১০০৭,মীর হাফেজ কানূ মিয়া,হোসেনয়ারা বেগম,"হরমত খঁা বাড়ী, উত্তর বগাচতর, বগাচতর, সীতাকুন্ড, চট্টগ্রাম",১,Female
১৫৬৫,নাজমীন আক্তার,১৫০২৯৫০০১০০৯,আবুল খায়ের,আু মনোয়ারা,"মান সফি ভঁইয়া বাড়ী, উত্তর বগাচতর, বগাচতর, সীতাকুন্ড, চট্টগ্রাম",১,Female
১৫৬৬,নাসিমা আক্তার,১৫০২৯৫০০১০১৮,এমদাদ হোসেন বাবুল,মনোয়ারা বেগম,"হাবিব উল্যাাহ মার বাড়ী, উত্তর বগাচতর, বগাচতর, সীতাকুন্ড, চট্টগ্রাম",১,Female
১৫৬৭,বিবি কুলছুমা,১৫০২৯৫০০১০২১,মোহাম্মদ সিরাজ,বিবি আয়েশা,"আবু সৈয়দ মিয়ার বাড়ী, উঃ বগাচতর, বগাচতর, সীতাকুন্ড, চট্টগ্রাম",১,Female
১৫৬৮,মাকসুদা আক্তার,১৫০২৯৫০০১০২৩,হারুন অর রশীদ,সাহেদা আক্তার,"০৮৬০, উত্তর বগাচতর, বগাচতর, সীতাকুন্ড, চট্টগ্রাম",১,Female
১৫৬৯,জান্নাতুল ফেরদৌস,১৫০২৯৫০০১০২৭,মোঃ দিদারুল ইসলাম,জরিনা বেগম,"হুরমত খঁা বাড়ী, উত্তর বগাচতর, বগাচতর, সীতাকুন্ড, চট্টগ্রাম",১,Female
১৫৭০,মোহাছেনা আক্তার,১৫০২৯৫০০১০২৮,নূর মোহাম্মদ,জাহানারা বেগম,"মোক্রম আলি সারেং বাড়ী, উত্তর বগাচতর, বগাচতর, সীতাকুন্ড, চট্টগ্রাম",১,Female
১৫৭১,জিকরের জাহান তুহিন,১৫০২৯৫০০০৯২৪,আহম্মেদ নূর ছাপা,ছলিমা আক্তার,"লমীর বাড়ী, কমর আলী, উত্তর বগাচতর, সীতাকুন্ড, চট্টগ্রাম",১,Female
১৫৭২,লায়রা বেগম,১৫০২৯৫০০১০১৫,ইমাম শরীফ,নূরজাহান বেগম,"হেদু ভূঁইয়ার বাড়ী, উত্তর বগাচতর, সীতাকুন্ড, চট্টগ্রাম",১,Female
১৫৭৩,সেলিনা আক্তার,১৫০২৯৫০০১০১৬,মোঃ আব্দুল বাজিত,আনোয়ারা আক্তার,"সেলিনার বাড়ী, উঃ বগাচতর, সীতাকুন্ড, চট্টগ্রাম",১,Female
১৫৭৪,নাছরিন আক্তার সুমি,১৫০২৯৫০০১০৩০,নূরুল আমিন,নাজমা আকতার,"রাজা মিঞা চৌধুরী বাড়ি, উত্তর বগাচতর, সীতাকুন্ড, চট্টগ্রাম",১,Female
১৫৭৫,নাছিমা বেগম,১৫০২৯৫০০১০৩২,সৈয়দুল হক,মাহফুজা বেগম,"০৪৯৪, উত্তর বগাচতর, সীতাকুন্ড, চট্টগ্রাম",১,Female
১৫৭৬,তানজিনা ইয়াছমিন,১৫০২৯৫০০০২১৪,মফিজুল হক,আকলিমা,"উজির আলী ফকিরের বাড়ী, উঃ বগাচতর, সীতাকুন্ড, চট্টগ্রাম",১,Female
১৫৭৭,ফাতেমা তুজ জোহরা,১৫০২৯৫০০১০৪১,মোঃ রবিউল হোসেন,কহিনূর আক্তার,"হুরমত খঁা ভূঁইয়া বাড়ী, উওর বগাচতর, সীতাকুন্ড, চট্টগ্রাম",১,Female
১৫৭৮,মুনতাহিনা আক্তার ছানিয়া,১৫০২৯৫০০১০৪৫,আনোয়ার হোসেন,নাছিমা আক্তার,"আব্দুল ভূইঁয়া বাড়ি, উওর বাগাচতর, সীতাকুন্ড, চট্টগ্রাম",১,Female
১৫৭৯,সুলতানা সিদ্দীকা,১৫০২৯৫০০১০৪৮,মৃত আবু বকর সিদ্দিক,ফিরোজা বেগম,"জমাদার বাড়ী, বাঘা ছাত্তার, সীতাকুন্ড, চট্টগ্রাম",১,Female
১৫৮০,নিগার সুলতানা পিংকী,১৫০২৯৫০০১০৬০,মোঃ মীর হোসেন,হাছিনা আক্তার,"হুরমত খঁান ভূইয়া বাড়ী, উত্তর বাগাচত্তর, বগাচত্তর, সীতাকুন্ড, চট্টগ্রাম",১,Female
১৫৮১,শারমিন আক্তার,১৫০২৯৫০০১০৬৩,মৃত নূর আলম,সাহানা বেগম,"হুরমত খঁান ভূইয়া বাড়ী, উত্তর বাগাচতর, সীতাকুন্ড, চট্টগ্রাম৮৮চূড়ান্ত ভোটার তালিকাজেলা:চট্টগ্রামউপজেলা:সীতাকুন্ডইউনিয়ন:সৈয়দপুরডাকঘর:কমর আলীভোটার এলাকার কোড: ০২৯৫ভোটার এলাকার নাম: উত্তর বগাচতর",১,Female
১৫৮২,ফাহিমা আক্তার,১৫০২৯৫০০১০৬৪,মৃত মহরম আলী,ফিরোজা বেগম,"মানসফি ভূঁইয়া বাড়ি, উত্তর বগাচতর, সীতাকুন্ড, চট্টগ্রাম",১,Female
১৫৮৩,আমেনা আক্তার,১৫০২৯৫০০১০৬৬,মোঃ দেলোয়ার হোসেন,মুক্তা আক্তার,"সাম মাঝি বাড়ী, উত্তর বগাচতর, সীতাকুন্ড, চট্টগ্রাম",১,Female
১৫৮৪,ফারহানা আক্তার,১৫০২৯৫০০১০৬৭,মোঃ মোশারফ হোসেন,নূর জাহান বেগম,"জমাদার বাড়ী, উত্তর বগাচতর, সীতাকুন্ড, চট্টগ্রাম",১,Female
১৫৮৫,রোকসানা আক্তার,১৫০২৯৫০০১০৭০,মৃত নূরুল আবছার,রেহানা আক্তার,"জমিদার বাড়ি, উত্তর বগাচতর, সীতাকুন্ড, চট্টগ্রাম",১,Female
১৫৮৬,নাসরিন সুলতানা,১৫০২৯৫০০১০৭২,শহীদ উল্যাাহ,জাহানারা বেগম,"কেরামত আলী বাড়ী, উত্তর বগাচতর, সীতাকুন্ড, চট্টগ্রাম",১,Female
১৫৮৭,মাইশা সুমাইয়া,১৫০২৯৫০০১০৭৩,"এস, এম, রবিউল এহেছান",পারভীন আক্তার,"মৌলভী হোছেনের জামান বাড়ী, উত্তর বগাচতর, সীতাকুন্ড, চট্টগ্রাম",১,Female
১৫৮৮,ফারিয়া রেশমী পলি,১৫০২৯৫০০১০৭৫,মোজাম্মেল হক,রেহানা বেগম,"জমাদা◌্র বাড়ী, উত্তর বগাচতর, সীতাকুন্ড, চট্টগ্রাম",১,Female
১৫৮৯,ফারহানা আক্তার জবা,১৫০২৯৫০০১০৭৬,মোঃ ইয়াছিন,লাকী আক্তার,"হোরা কাজী বাড়ী, উত্তর বগাচতর, বগাচতর, সীতাকুন্ড, চট্টগ্রাম",১,Female
১৫৯০,অস্টমী দাস,১৫০২৯৫০০১০৭৭,সরব দাশ,কিরন বালা দাশ,"জলদাস বাড়ী, উত্তর বগাচতর, উত্তর বগাচতর, সীতাকুন্ড, চট্টগ্রাম",১,Female
১৫৯১,নাছিমা আক্তার,১৫০২৯৫০০১০৭৮,মোঃ ইাহীম,আয়শা খাতুন,"আমান উল্যা্যাহ মুহুরি বাড়ী, উত্তর বগাচতর, সীতাকুন্ড, চট্টগ্রাম",১,Female
১৫৯২,মুন মুন হাজারী,১৫০২৯৫০০১০৭৯,গোলাম মতর্ুজা ভূঁইয়া,জোসনা আকতার,"মান সফি ভূঁইয়া বাড়ি, উত্তর বগাচতর, সীতাকুন্ড, চট্টগ্রাম",১,Female
১৫৯৩,কলি আক্তার,১৫০২৯৫০০১০৮১,আলী হোসেন,নূর জাহান,"কালা মিয়া মাঝির বাড়ী, বাঘা ছাত্তার, সীতাকুন্ড, চট্টগ্রাম",১,Female
১৫৯৪,ফরিদা ইয়াছমিন,১৫০২৯৫০০১০৮২,হারুন অর রশিদ,শাহানারা বেগম,"নূর আহম্মদ সারেং বাড়ি, উত্তর বগাচতর, সীতাকুন্ড, চট্টগ্রাম",১,Female
১৫৯৫,আফসানা আক্তার,১৫০২৯৫০০১০৮৮,মুঃ শহীদ উল্যা্যাহ,কহিনূর বেগম,"শাহ আলম মাার বাড়ী, বাঘা ছাত্তার, সীতাকুন্ড, চট্টগ্রাম",১,Female
১৫৯৬,সানজিদা সুলতানা,১৫০২৯৫০০১০৮৯,নূরুল্যাহ,রোকেয়া বেগম,"শাহ আলম মাস্টার বাড়ী, উত্তর বগাচতর, সীতাকুন্ড, চট্টগ্রাম",১,Female
১৫৯৭,সাদেকা সুলতানা,১৫০২৯৫০০১০৯০,নূরুল্যাাহ,রোকেয়া বেগম,"শাহ আলম মাস্টার বাড়ী, উত্তর বগাচতর, সীতাকুন্ড, চট্টগ্রাম",১,Female
১৫৯৮,শাহিন সোলতানা,১৫০২৯৫০০১০৯১,সুলতান আহাম্মদ,মৃত আছবা খাতুন,"মন গাজী ভূঁইয়া বাড়ী, উত্তর বগাচতর, সীতাকুন্ড, চট্টগ্রাম",১,Female
১৫৯৯,সায়মা নাজমিন,১৫০২৯৫০০১০৯২,আবু সাঈদ,উম্মে কুলছুম,"মনকাজী ভুঁইয়া বাড়ী, উত্তর বগাচতর, সীতাকুন্ড, চট্টগ্রাম৮৯চূড়ান্ত ভোটার তালিকাজেলা:চট্টগ্রামউপজেলা:সীতাকুন্ডইউনিয়ন:সৈয়দপুরডাকঘর:কমর আলীভোটার এলাকার কোড: ০২৯৫ভোটার এলাকার নাম: উত্তর বগাচতর",১,Female
১৬০০,জুলি আকতার,১৫০২৯৫০০১০৯৪,অহিদুন্নবী,ছেনোয়ারা বেগম,"হাশমত আলী মিস্ত্রী বাড়ি, উত্তর বগাচতর, সীতাকুন্ড, চট্টগ্রাম",১,Female
১৬০১,মোসাঃ লাবনি আক্তার,১৫০২৯৫০০১০৯৫,মোঃ হায়দার আলী,মোসঃ বিজলী বেগম,"গোলদার বাড়ী, উত্তর বগাতচর, বগাতচর, সীতাকুন্ড, চট্টগ্রাম",১,Female
১৬০২,সাবিনা ইয়াছমিন,১৫০২৯৫০০১০৯৬,মোঃ নূরুল ইসলাম,মৃত দেলাপরোজ বেগম,"রাজামিয়া চৌধুরী বাড়ী, উত্তর বগাচতর, সীতাকুন্ড, চট্টগ্রাম",১,Female
১৬০৩,জারিয়া আকতার,১৫০২৯৫০০১০৯৮,মোঃ সামছুল আলম,মৃত নূর নাহার বেগম,"গোলদার বাড়ী, উত্তর বগাচতর, বগাচতর, সীতাকুন্ড, চট্টগ্রাম",১,Female
১৬০৪,বিবি মমতাজ,১৫০২৯৫০০১১২৪,আবদুল মতিন,নূর বানূ,"লমি ভূইয়া বাড়ী, উঃ বগাচতর, বগাচতর, সীতাকুন্ড, চট্টগ্রাম",১,Female
১৬০৫,সাজেদা ইয়াছমিন,১৫০২৯৫০০১১২৭,মুফিজুর রহমান,দিল আফরোজ,"কেরামত আলী বাড়ী, বগাচতর, উঃ বগাচতর, সীতাকুন্ড, চট্টগ্রাম",১,Female
১৬০৬,সুমাইয়া সুলতানা,১৫০২৯৫০০১১২৮,মোহাম্মদ রবিউল হোসেন,শাহনাজ বেগম,"শাহ আলম মাস্টারের বাড়ী, উঃ বগাচতর, সীতাকুন্ড, চট্টগ্রাম",১,Female
১৬০৭,তামান্না আক্তার,১৫০২৯৫০০১১৫০,মোঃ নূরুল আবছার,ছেমনা আক্তার,"গোলদার বাড়ী, উত্তর বগাচতর, সীতাকুন্ড, চট্টগ্রাম",১,Female
১৬০৮,নওশীন তাবাসসুম,১৫০২৯৫০০১১৫২,বেলায়েত হোসেন,সাজেদা আক্তার,"হুরমত খঁা ভূঁইয়া বাড়ী, উত্তর বগাচতর, বগাচতর, সীতাকুন্ড, চট্টগ্রাম",১,Female
১৬০৯,আসমাউল হুসনা জেরিন,১৫০২৯৫০০১১৫৬,মোঃ ইীস মিয়া,শাফিয়া আক্তার,"গোলদার বাড়ী, উত্তর বগাচতর, সীতাকুন্ড, চট্টগ্রাম",১,Female
১৬১০,সানজিদা আক্তার,১৫০২৯৫০০১১৬৩,বদরুদ্দৌজা,নূর নাহার,"জমাদার বাড়ী, উত্তর বগাচতর, সীতাকুন্ড, চট্টগ্রাম",১,Female
১৬১১,বিবি মরিয়ম,১৫০২৯৫০০১১৬৪,মোঃ নূর ইছলাম,দিলুয়ারা বেগম,"ছদিক মৌলভীর বাড়ী, উত্তর বগাচতর, সীতাকুন্ড, চট্টগ্রাম",১,Female
১৬১২,জাকিয়া সুলতানা,১৫০২৯৫০০১১৬৫,মোঃ জসিম উদ্দিন,শাহানা আক্তার,"ছদিক মৌলভীর বাড়ী, উঃ বগাচতর, সীতাকুন্ড, চট্টগ্রাম",১,Female
১৬১৩,ইসরাত জাহান,১৫০২৯৫০০১১৬৭,মোঃ তাওহিদুল ইসলাম,রেহানা আক্তার,"জমাদার বাড়ী, উত্তর বগাচতর, সীতাকুন্ড, চট্টগ্রাম",১,Female
১৬১৪,সাবিহা আফরিন চৌধুরী,১৫০২৯৫০০১১৭০,মোয়াজ্জেম হোসেন,রাশেদা আক্তার,"রাজা মিয়া চৌধুরী বাড়ি, উত্তর বগাচতর, বগাচতর, সীতাকুন্ড, চট্টগ্রাম",১,Female
১৬১৫,ফারহানা আক্তার,১৫০২৯৫০০১১৭১,দেলোয়ার হোসেন,নূর নাহার,"কালা মিয়া মাঝির বাড়ি, উত্তর বগাচতর, সীতাকুন্ড, চট্টগ্রাম",১,Female
১৬১৬,তানসিফা তানিম,১৫০২৯৫০০১১৭২,একরামুল হক,হোসনেয়ারা বেগম,"বদিউজ্জামা হাজী বাড়ী, উত্তর বগাচতর, সীতাকুন্ড, চট্টগ্রাম",১,Female
১৬১৭,কহিনূর আক্তার,১৫০২৯৫০০১১৭৫,মোঃ আনোয়ারুল ইসলাম,মমতাজ বেগম,"মৌলভী হোসনের বাড়ী, উত্তর বগাচতর, বগাচতর, সীতাকুন্ড, চট্টগ্রাম৯০চূড়ান্ত ভোটার তালিকাজেলা:চট্টগ্রামউপজেলা:সীতাকুন্ডইউনিয়ন:সৈয়দপুরডাকঘর:কমর আলীভোটার এলাকার কোড: ০২৯৫ভোটার এলাকার নাম: উত্তর বগাচতর",১,Female
১৬১৮,সানজিদা সুলতানা,১৫০২৯৫০০১১৭৭,মৃত মতিউর রহমান,আফরোজা বেগম,"গাফফার চেয়ারম্যানের বাড়ী, উত্তর বগাচতর, বগাচতর, সীতাকুন্ড, চট্টগ্রাম",১,Female
১৬১৯,তাসনিয়া নূর,১৫০২৯৫০০১১৭৮,মোহাম্মদ আলাউদ্দিন ভূঞা,কহিনূর বেগম,"আব্দুল ভূ◌্ইয়া বাড়ি, উত্তর বগাচতর, বগাচতর, সীতাকুন্ড, চট্টগ্রাম",১,Female
১৬২০,মাইমুনা নিশাত,১৫০২৯৫০০১১৮৩,নূরুল আলম,পিনজারা বেগম,"শেখ মুনসুর কাজী বাড়ি, উত্তর বগাচতর, সীতাকুন্ড, চট্টগ্রাম",১,Female
১৬২১,তাসফিয়া জিন্নাত,১৫০২৯৫০০১১৮৪,নূরুল আলম,পিনজারা বেগম,"শেখ মুনছুর কাজী বাড়ি, উত্তর বগাচতর, সীতাকুন্ড, চট্টগ্রাম",১,Female
১৬২২,ছামিয়া সুলতানা,১৫০২৯৫০০১১৮৭,মোঃ আলমগীর,জাহানারা বেগম,"খুরশিদ মাারের বাড়ী, উত্তর বগাচতর, সীতাকুন্ড, চট্টগ্রাম",১,Female
১৬২৩,রাবেয়া সুলতানা,১৫০২৯৫০০১১৯৮,মোজাম্মেল হক,জেসমিন আক্তার,"মনকাজী ভুঁইয়া বাড়ী, উত্তর বগাচতর, সীতাকুন্ড, চট্টগ্রাম",১,Female
১৬২৪,মীর ফারিয়া হোসাইন,১৫০২৯৫০০১২০৬,মোঃ মীর হোসাইন,মোছাম্মৎ শিরিনা আক্তার,"হাবিব উল্যা্যাহ মীল বাড়ি, উত্তর বগাচতর, সীতাকুন্ড, চট্টগ্রাম",১,Female
১৬২৫,আফসানা রহমান,১৫০২৯৫০০১২০৮,মোস্তাফিজুর রহমান,খোন্দাকার ফেরদৌস নাহার,"আবদুল ভূঁইয়া বাড়ী, উত্তর বগাচতর, বগাচতর, সীতাকুন্ড, চট্টগ্রাম",১,Female
১৬২৬,সাবরিনা সোলতানা,১৫০২৯৫০০১২১২,মোঃ মুসলিম উদ্দিন,নাছিমা আক্তার,"আবদুল ভূঁইয়া বাড়ী, উত্তর বগাচতর, সীতাকুন্ড, চট্টগ্রাম",১,Female
১৬২৭,নাফিজা আক্তার,১৫০২৯৫০০১২১৫,মোঃ হোসেন,শাহিন আক্তার,"মানসফি ভূঁইয়া বাড়ী, উত্তর বগাচতর, সীতাকুন্ড, চট্টগ্রাম",১,Female
১৬২৮,সুমাইয়া তাবাুম মিতু,১৫০২৯৫০০১২১৬,মোঃ সাখাওয়াত হোসেন,মোছাঃ শিরিন আক্তার,"রফিক উজ্জামান মাস্টারের বাড়ী, বাঘা ছাত্তার, সীতাকুন্ড, চট্টগ্রাম",১,Female
১৬২৯,ফারজানা আক্তার,১৫০২৯৫০০১২১৯,ইাহিম ইরান,বিবি রহিমা,"গোলদার বাড়ী, উঃ বগাচতর, সীতাকুন্ড, চট্টগ্রাম",১,Female
১৬৩০,তাওহিদা আক্তার,১৫০২৯৫০০১২২১,মোঃ মইন উদ্দিন,মোছাম্মৎ শিরিনা আক্তার,"সেকান্তর ভূঁইয়া বাড়ী, উত্তর বগাচতর, সীতাকুন্ড, চট্টগ্রাম",১,Female
১৬৩১,তাসপিয়া আক্তার,১৫০২৯৫০০১২২২,মোঃ আবু নূর,তাছলিমা আক্তার,"কেরামত আলী বাড়ী, উত্তর বগাচতর, সীতাকুন্ড, চট্টগ্রাম",১,Female
১৬৩২,নূসরাত জাহান,১৫০২৯৫০০১২২৩,আবুল কাশেম,সাহেদা বেগম,"শেখ মুনছুর কাজী বাড়ী, উত্তর বগাচতর, সীতাকুন্ড, চট্টগ্রাম",১,Female
১৬৩৩,মোছাঃ আফরিন আক্তার,১৫০২৯৫০০১২২৫,মোঃ ইীস মিয়া,শাফিয়া আক্তার,"গোলদার বাড়ি, উত্তর বগাচতর, সীতাকুন্ড, চট্টগ্রাম",১,Female
১৬৩৪,নাঈমা সুলতানা,১৫০২৯৫০০১২২৮,মোঃ জেবল হোসেন,পারভীন আক্তার,"ছদিক মৌলভীর বাড়ী, বাঘা ছাত্তার, সীতাকুন্ড, চট্টগ্রাম",১,Female
১৬৩৫,আইরিন তামান্না,১৫০২৯৫০০১২৩২,আইয়ুব আলী,আনজুমান আরা,"জমদার বাড়ী, উত্তর বগাচতর, সীতাকুন্ড, চট্টগ্রাম৯১চূড়ান্ত ভোটার তালিকাজেলা:চট্টগ্রামউপজেলা:সীতাকুন্ডইউনিয়ন:সৈয়দপুরডাকঘর:কমর আলীভোটার এলাকার কোড: ০২৯৫ভোটার এলাকার নাম: উত্তর বগাচতর",১,Female
১৬৩৬,আসমা আক্তার নাহিদা,১৫০২৯৫০০১২৩৬,দিদারুল আলম,তছলিমা আক্তার,"হাবিব উল্যা্যাহ বাড়ী, উত্তর বগাচতর, সীতাকুন্ড, চট্টগ্রাম",১,Female
১৬৩৭,ছাবিকুন নাহার রিয়া,১৫০২৯৫০০১২৩৮,সাহাব উদ্দিন,নাছিমা বেগম,"রফিউজ্জামান মাস্টার বাড়ী, উত্তর বগাচতর, সীতাকুন্ড, চট্টগ্রাম",১,Female
১৬৩৮,সুলতানা সাদিয়া জুলিয়া আক্তার,১৫০২৯৫০০১২৩৯,ওহিদুল হক,লিলুপা আক্তার,"আবদুল ভূঁইয়া বাড়ী, উত্তর বগাচতর, সীতাকুন্ড, চট্টগ্রাম",১,Female
১৬৩৯,নাছিমা আক্তার,১৫০২৯৫০০১২৪২,নূরুল আবছার,ফেরদৌস আরা বেগম,"নরুল হক হজী বাড়ী, উত্তর বগাচতর, সীতাকুন্ড, চট্টগ্রাম",১,Female
১৬৪০,বিবি খাদিজা,১৫০২৯৫০০১২৪৪,মাফুজুর রহমান,বিবি ফাতেমা,"মনূ ভূঁইয়া বাড়ী, উত্তর বগাচতর, সীতাকুন্ড, চট্টগ্রাম",১,Female
১৬৪১,শারমিন আক্তার জেরিন,১৫০২৯৫০০১২৫২,নেজামুল হক,আলেয়া বেগম,"মোলভী হোছেনর বাড়ি, উত্তর বগাচতর, সীতাকুন্ড, চট্টগ্রাম",১,Female
১৬৪২,ইসমাত জাহান মারিয়া,১৫০২৯৫০০১২৫৪,মোঃ মোশাররফ হোসেন,কহিনূর আক্তার,"সামমাঝি বাড়ী, বাঘা ছাত্তার, সীতাকুন্ড, চট্টগ্রাম",১,Female
১৬৪৩,ইসরাত জাহান,১৫০২৯৫০০১২৬০,মোঃ শহীদুল্যাাহ,দিলরুবা আতকার,"আবদুল মুনাফ সওদাগরের বাড়ী, উত্তর বগাচতর, সীতাকুন্ড, চট্টগ্রাম",১,Female
১৬৪৪,ফারহানা আক্তার রিয়া,১৫০২৯৫৩৪৯৮২৪,মোঃ হানিফ বাদশা,আনোয়ারা বেগম,"হুরমত খঁা ভূঁইয়া বাড়ী, উত্তর বগাচতর, বগাচতর, সীতাকুন্ড, চট্টগ্রাম",১,Female
১৬৪৫,ছুমাইয়া আক্তার,১৫০২৯৫৩৪৯৮২৭,সিরাজুল হক,শাহিন আক্তার,"মান শফি ভূঁইয়া বাড়ী, উত্তর বগাচতর, বগাচতর, সীতাকুন্ড, চট্টগ্রাম",১,Female
১৬৪৬,মোছাম্মৎ তৌহিদা আক্তার,১৫০২৯৫৩৪৯৮২০,মফিজুল ইসলাম,সোসাঃ নূরবানূ বেগম,"নূরুল হক হাজী বাড়ি, বগাচতর, বাঘা ছাত্তার, সীতাকুন্ড, চট্টগ্রাম",১,Female
১৬৪৭,বিবি আমেনা,১৫০২৯৫৩৪৯৮২১,দেলোয়ার হোসেন,সুফিয়া খাতুন,"১৬১, উঃ বগাচতর, বাঘা ছাত্তার, সীতাকুন্ড, চট্টগ্রাম",১,Female
১৬৪৮,মোমেনা সোলতানা,১৫০২৯৫০০০০৬৩,মোঃ সাহাব উদ্দিন,বিবি খাদিজা,"হাজী গোলামনূর মাস্টার বাড়ী, উঃ বগাচতর, বগাচতর, সীতাকুন্ড, চট্টগ্রাম",১,Female
১৬৪৯,রাফিয়া ইসলাম,১৫০২৯৫০০০৭৮৭,মোঃ নজরুল ইসলাম,রোমেনা আক্তার,"০৩০২, উত্তর বগাচতর, বগাচতর, সীতাকুন্ড, চট্টগ্রাম",১,Female
১৬৫০,জান্নাতুল হেলালী াপি,১৫০২৯৫০০১২১১,মোঃ জসিম উদ্দীন,ছালেহা বেগম,"মান সফি ভুঁঞা বাড়ী, উত্তর বগাচতর, বগাচতর, সীতাকুন্ড, চট্টগ্রাম",১,Female
১৬৫১,মাহমুদা আক্তার,১৫০২৯৫০০১২৬১,মোঃ আনোয়ারুল ইসলাম,সেলিনা আক্তার,"মোক্রম আলী সারেং বাড়ী, উঃ বগাচতর, বগাচতর, সীতাকুন্ড, চট্টগ্রাম",১,Female
১৬৫২,মাহিয়া হুদা,১৫০২৯৫০০১২৬২,বদরুল হুদা,নাজমা হুদা বৃস্টি,"সাম মাঝির বাড়ী, উত্তর বগাচতর, বগাচতর, সীতাকুন্ড, চট্টগ্রাম",১,Female
১৬৫৩,রাবেয়া খাতুন,১৫০২৯৫০০১২৬৩,ওমর ফারুখ,বিবি জুলেখা,"নূর মোহাম্মদ সারেং বাড়ী, উত্তর বগাচতর, বগাচতর, সীতাকুন্ড, চট্টগ্রাম৯২চূড়ান্ত ভোটার তালিকাজেলা:চট্টগ্রামউপজেলা:সীতাকুন্ডইউনিয়ন:সৈয়দপুরডাকঘর:কমর আলীভোটার এলাকার কোড: ০২৯৫ভোটার এলাকার নাম: উত্তর বগাচতর",১,Female
১৬৫৪,তানরীমা তাজনী,১৫০২৯৫০০১২৬৪,একরামুল হক,হোসনে আরা বেগম,"বদীউ জামান হাজী বাড়ী, উঃ বগাচতর, বগাচতর, সীতাকুন্ড, চট্টগ্রাম",১,Female
১৬৫৫,তানজিনা আক্তার,১৫০২৯৫০০১২৬৫,আলী আকবর,রীনা আক্তার,"০৫৫৫, উত্তর বগাচতর, বগাচতর, সীতাকুন্ড, চট্টগ্রাম",১,Female
১৬৫৬,নাইমাতুল মোসর্েদা,১৫০২৯৫০০১২৬৭,মোঃ নূর ইছলাম,দিলুয়ারা বেগম,"নূর ইসলামের বাড়ী, উত্তর বগাচতর, বগাচতর, সীতাকুন্ড, চট্টগ্রাম",১,Female
১৬৫৭,রাহেনা আক্তার,১৫০২৯৫০০১২৭১,গিয়াস উদ্দিন,হোসনে আরা বেগম,"৩১৪, উত্তর বগাচতর, বগাচতর, সীতাকুন্ড, চট্টগ্রাম",১,Female
১৬৫৮,সাজিয়া সুলতানা লুবনা,১৫০২৯৫০০১২৭২,দিদারুল আলম,সাজেদা আক্তার,"খোরশেদ আলম তালুকদারের বাড়ী, উত্তর বগাচতর, বগাচতর, সীতাকুন্ড, চট্টগ্রাম",১,Female
১৬৫৯,শারমিন আক্তার,১৫০২৯৫০০১২৭৩,আবুল হোসেন,শাহিনূর আক্তার,"০৪৭৩, উঃ বগাচতর, বগাচতর, সীতাকুন্ড, চট্টগ্রাম",১,Female
১৬৬০,মাইমুনা সুমাইয়া,১৫০২৯৫০০১২৭৪,এম এম রবিউল এহেছান,পারভীন আক্তার,"০৪৩১, উঃ বগাচতর, বগাচতর, সীতাকুন্ড, চট্টগ্রাম",১,Female
১৬৬১,নাইমা সুলতানা,১৫০২৯৫০০১২৭৬,মৃত ইাহীম হক,জোবেদা ইয়াছমিন,"০৪২৯, উঃ বগাচতর, বগাচতর, সীতাকুন্ড, চট্টগ্রাম",১,Female
১৬৬২,রাফিয়া তাহসিন,১৫০২৯৫০০১২৭৭,মোহাম্মদ আলাউদ্দিন ভূঞা,কহিনূর বেগম,"আবদুল ভূঞা বাড়ী, উত্তর বগাচতর, বগাচতর, সীতাকুন্ড, চট্টগ্রাম",১,Female
১৬৬৩,সানজিদা আক্তার,১৫০২৯৫০০১২৭৮,মোঃ মামুন রশীদ,রাহেলা আক্তার,"আবদুল ভূইয়া বাড়ী, উঃ বগাচতর, বগাচতর, সীতাকুন্ড, চট্টগ্রাম",১,Female
১৬৬৪,ইসরাত সোলতানা,১৫০২৯৫০০১২৭৯,সিরাজুল ইসলাম,আফরোজা বেগম,"রাজা মিয়া চৌধুরী বাড়ী, উত্তর বগাচতর, বগাচতর, সীতাকুন্ড, চট্টগ্রাম",১,Female
১৬৬৫,ফারিয়া আক্তার,১৫০২৯৫০০১২৮১,হারুন অর রশীদ,পারভীন আক্তার,"লাল মোহন গোমস্তার বাড়ী, উঃ বগাচতর, বগাচতর, সীতাকুন্ড, চট্টগ্রাম",১,Female
১৬৬৬,ফারহানা আক্তার,১৫০২৯৫০০১২৮৩,মোঃ আলা উদ্দিন,মুছাঃ রিজিয়া বেগম,"৪০১/১, উঃ বগাচতর, বগাচতর, সীতাকুন্ড, চট্টগ্রাম",১,Female
১৬৬৭,নারগিস সুলতানা,১৫০২৯৫০০১২৮৪,মোহাম্মদ ফজলুল করিম,নাছরিন সুলতানা,"মান সফি ভূইয়া বাড়ী, উঃ বগাচতর, বগাচতর, সীতাকুন্ড, চট্টগ্রাম",১,Female
১৬৬৮,তাসফিয়া তাবাুম,১৫০২৯৫০০১২৮৫,আনোয়ার হোসেন,কামরুন নাহার,"হুরমত খা বাড়ী, উত্তর বগাচতর, বগাচতর, সীতাকুন্ড, চট্টগ্রাম",১,Female
১৬৬৯,নাজিফা ইসরাত,১৫০২৯৫০০১২৮৭,মোঃ শামছুর রহমান,খালেদা আক্তার,"আনসার আলী মিস্ত্রী বাড়ী, উত্তর বগাচতর, বগাচতর, সীতাকুন্ড, চট্টগ্রাম",১,Female
১৬৭০,মায়মুনা জিহাদী,১৫০২৯৫০০১২৮৮,শহীদ উল্যা্যাহ,জেসমিনা খানম,"মান সফি ভূঞা বাড়ী, উত্তর বগাচতর, বগাচতর, সীতাকুন্ড, চট্টগ্রাম",১,Female
১৬৭১,তাসফিয়া তাবাুম,১৫০২৯৫০০১২৮৯,মোঃ শামছুর রহমান,খালেদা আক্তার,"আনসার আলী মিস্ত্রী বাড়ী, উত্তর বগাচতর, বগাচতর, সীতাকুন্ড, চট্টগ্রাম৯৩চূড়ান্ত ভোটার তালিকাজেলা:চট্টগ্রামউপজেলা:সীতাকুন্ডইউনিয়ন:সৈয়দপুরডাকঘর:কমর আলীভোটার এলাকার কোড: ০২৯৫ভোটার এলাকার নাম: উত্তর বগাচতর",১,Female
১৬৭২,তাহনূমা নওরিন,১৫০২৯৫০০১২৯১,মুহাম্মদ রফিকুল ইসলাম,নাজমা বেগম,"আবদুল ভুঁঞা বাড়ী, উত্তর বগাচতর, বগাচতর, সীতাকুন্ড, চট্টগ্রাম",১,Female
১৬৭৩,ফাহিমা আক্তার প্রমি,১৫০২৯৫০০১২৯২,আইয়ুব খান,রাহেলা আক্তার,"হাবীব উল্যাহ মীর বাড়ী, উত্তর বগাচতর, বগাচতর, সীতাকুন্ড, চট্টগ্রাম",১,Female
১৬৭৪,ফারিনা ইয়াছমিন রিপা,১৫০২৯৫০০১২৯৫,নূরুল হুদা,রোজিনা আক্তার,"মোখলেছুর রহমান বাড়ী, মহানগর, বাকখালী, সীতাকুন্ড, চট্টগ্রাম",১,Female
১৬৭৫,বিবি হাজেরা,১৫০২৯৫০০১২৯৮,মোঃ মোজাম্মেল হক,রেহানা বেগম,"জমিদার বাড়ী ০৩২৬, উত্তর বগাচতর, বগাচতর, সীতাকুন্ড, চট্টগ্রাম",১,Female
১৬৭৬,নাছরিন আকতার,১৫০২৯৫০০১২৯৯,নূরেরজ্জমান,তাহেরুন নেছা,"নূর আহম্মদ সারেং বাড়ী, উঃ বগাচতর, বগাচতর, সীতাকুন্ড, চট্টগ্রাম",১,Female
১৬৭৭,সারমিন সোলতানা,১৫০২৯৫০০১৩০২,ইলিয়াছ কাইয়ুম,রাশেদা আক্তার,"গোলাদার বাড়ী, উঃ বগাচতর, বগাচতর, সীতাকুন্ড, চট্টগ্রাম",১,Female
১৬৭৮,সাজিয়া সোলতানা হেপি,১৫০২৯৫০০১৩০৪,শাহাব উদ্দীন,নূর জাহান বেগম,"০৯১৬, উঃ বগাচতর, বগাচতর, সীতাকুন্ড, চট্টগ্রাম",১,Female
১৬৭৯,জোবেদা আক্তার সামিয়া,১৫০২৯৫০০১৩০৫,মোঃ দেলোয়ার হোসেন,মুক্তা আক্তার,"০৪৯১, উঃ বগাচতর, বগাচতর, সীতাকুন্ড, চট্টগ্রাম",১,Female
১৬৮০,রোকসানা আক্তার,১৫০২৯৫০০১৩০৭,মোহাম্মদ হানিফ,নিলুফা আক্তার,"বদিউজ্জামান মেস্ত্রী বাড়ী ০৬৫৬, উত্তর বগাচতর, বগাচতর, সীতাকুন্ড, চট্টগ্রাম",১,Female
১৬৮১,মাহমুদা খানম নাবিলা,১৫০২৯৫০০১৩১০,মোহাম্মদ আব্দুল মন্নান,উম্মে হাফছা,"হুরমত খঁা বাড়ী ০৮৭৮, উত্তর বগাচতর, বগাচতর, সীতাকুন্ড, চট্টগ্রাম",১,Female
১৬৮২,মৌমিতা নূছরাত,১৫০২৯৫০০১৩১৪,হুমায়ুন কবির,মমতাজ বেগম,"মানসফি ভূঞা বাড়ী, উঃ বগাচতর, বগাচতর, সীতাকুন্ড, চট্টগ্রাম",১,Female
১৬৮৩,মায়মুনা আক্তার,১৫০২৯৫০০১৩১৫,মোহাম্মদ মুমিন,কামরুন্নাহার,"০২৮৫, উঃ বগাচতর, বগাচতর, সীতাকুন্ড, চট্টগ্রাম",১,Female
১৬৮৪,সুমাইয়া আপরিন,১৫০২৯৫০০১৩১৭,মহি উদ্দিন,রোকেয়া বেগম,"সাম মাঝি বাড়ী, উত্তর বগাচতর, বগাচতর, সীতাকুন্ড, চট্টগ্রাম",১,Female
১৬৮৫,ইসরাত জাহান রিফা,১৫০২৯৫০০১৩২৯,আব্দুল মান্নান,শামছুন্নাহার,"আবদুর রউফ হাজী বাড়ী, উত্তর বগাচতর, বগাচতর, সীতাকুন্ড, চট্টগ্রাম",১,Female
১৬৮৬,মাসফিয়া আহমেদ মিথিলা,১৫০২৯৫০০১৩৩৪,মোহাম্মদ মজিম,খালেদা আক্তার,"হুরমত আলী, উঃ বগাচতর, বগাচতর, সীতাকুন্ড, চট্টগ্রাম",১,Female
১৬৮৭,বিবি ফাতেমা,১৫০২৯৫০০১৩৩৫,রৌশনের জ্জামান,ছেমনা বেগম,"নূর আহম্মদ সারেং বাড়ী, উত্তর বগাচতর, বগাচতর, সীতাকুন্ড, চট্টগ্রাম",১,Female
১৬৮৮,জান্নাতুল ফেরদৌস প্রিয়া,১৫০২৯৫০০১৩৩৮,আবুল মুনছুর,কহিনূর,"কালা মিয়া মাঝি বাড়ী, উত্তর বগাচতর, বগাচতর, সীতাকুন্ড, চট্টগ্রাম",১,Female
১৬৮৯,উম্মে ছায়মা সাদিয়া,১৫০২৯৫০০১৩৪০,সাইদুল হক,মোরশেদা আকতার চৌধুরী,"বাহাদুল্যাা দজর্ি বাড়ি, উত্তর বগাচতর, বগাচতর, সীতাকুন্ড, চট্টগ্রাম৯৪চূড়ান্ত ভোটার তালিকাজেলা:চট্টগ্রামউপজেলা:সীতাকুন্ডইউনিয়ন:সৈয়দপুরডাকঘর:কমর আলীভোটার এলাকার কোড: ০২৯৫ভোটার এলাকার নাম: উত্তর বগাচতর",১,Female
১৬৯০,ফাহরী আক্তার,১৫০২৯৫০০১৩৪২,মোঃ আওরঙ্গজেব,কামরুজ্জাহান,"আাস মিয়া বাড়ী ৭৪৫, উত্তর বগাচতর, বগাচতর, সীতাকুন্ড, চট্টগ্রাম",১,Female
১৬৯১,মারিয়া তাসনিম,১৫০২৯৫০০১৩৪৬,মহি উদ্দিন,শাহানা আক্তার,"ছৈদিক মৌলভী বাড়ী, উত্তর বগাচতর, বগাচতর, সীতাকুন্ড, চট্টগ্রাম",১,Female
১৬৯২,তামান্না আক্তার,১৫০২৯৫০০১৩৪৭,ইউনূচ মিয়া,জাহানারা বেগম,"৩০৯, উত্তর বগাচতর, বগাচতর, সীতাকুন্ড, চট্টগ্রাম",১,Female
১৬৯৩,ফরিদা ইয়াছমিন,১৫০২৯৫০০১৩৬৫,হারুন উর রশীদ,রিয়াজউন নূর বেগম,"উজির আলী মাজির বাড়ী, উঃ বগাচতর, বগাচতর, সীতাকুন্ড, চট্টগ্রাম",১,Female
১৬৯৪,সুমাইয়া ইয়াছমিন সোহাগ,১৫০২৯৫০০১৩৬৬,মোঃ সামছুদ্দীন সোহাগ,সুরাইয়া পারভীন,"০৩০১, উঃ বগাচতর, বগাচতর, সীতাকুন্ড, চট্টগ্রাম",১,Female
১৬৯৫,নূসরাত জাহান,১৫০২৯৫০০১৩৭১,মুহাম্মদ বেলাল উদ্দিন,শামিমা আক্তার,"বেলাল হুজুর বাড়ী ৯৬৭, উত্তর বগাচতর, বগাচতর, সীতাকুন্ড, চট্টগ্রাম",১,Female
১৬৯৬,মোছা নূছরাত জাহান ছামিয়া,১৫০২৯৫০০১৩৭২,মোঃ মোজাম্মেল হক,নাজমা আক্তার,"মৌলভী হোছানূজ্জামানের বাড়ী, উত্তর বগাচতর, বগাচতর, সীতাকুন্ড, চট্টগ্রাম",১,Female
১৬৯৭,আনিকা আক্তার,১৫০২৯৫০০১৩৮২,আনিছুর রহমান,নাজমা আক্তার,"গাফারী চ্যায়ারম্যান বাড়ী ০২৩৯, উত্তর বগাচতর, বগাচতর, সীতাকুন্ড, চট্টগ্রাম",১,Female
১৬৯৮,সাবিনা ইয়াছমিন মুন্নি,১৫০২৯৫০০১৩৮৩,এনামুল হক,রেহানা আক্তার,"০৪৩৯, উত্তর বগাচতর, বগাচতর, সীতাকুন্ড, চট্টগ্রাম",১,Female
১৬৯৯,তাসফিয়া সুলতানা এনি,১৫০২৯৫০০১৩৮৫,আইয়ুব খান,রাহেলা আক্তার,"হাবীব উল্যাহ মীর বাড়ী, উত্তর বগাচতর, বগাচতর, সীতাকুন্ড, চট্টগ্রাম১৭০০. মাইগ্রেট হয়েছে",১,Female
১৭০১,শারমিন আক্তার,১৫০২৯৫০০১৩৮৯,আবুল হাসেম,তাহমিনা বেগম,"০৪৯৯, উত্তর বগাচতর, বগাচতর, সীতাকুন্ড, চট্টগ্রাম",১,Female
১৭০২,সুমাইরা নওশিন,১৫০২৯৫০০১৩৯০,মোঃ সাখাওয়াত হোসেন,মোছাঃ শিরিন আক্তার,"রফিক জ্জামানের বাড়ি, উওর বগাচতর, বগাচতর, সীতাকুন্ড, চট্টগ্রাম",১,Female
১৭০৩,ফাতেমা আক্তার,১৫০২৯৫০০১৩৯৪,মোঃ দেলোয়ার হোসেন,মুক্তা আক্তার,"০৪৯১, উঃ বগাচতর, বগাচতর, সীতাকুন্ড, চট্টগ্রাম",১,Female
১৭০৪,সামিনা আকতার,১৫০২৯৫০০১৩৯৫,মোঃ মিজানূর রহমান,আয়েশা ছিদ্দিকা,"রফিক হুজুরের বাড়ী, উঃ বগাচতর, বগাচতর, সীতাকুন্ড, চট্টগ্রাম",১,Female
১৭০৫,সেহেলী আক্তার,১৫০২৯৫০০১৩৯৯,মোঃ কামরুল ইসলাম,সেলিনা আক্তার,"বাহার মাঝী বাড়ী, উত্তর বগাচতর, বগাচতর, সীতাকুন্ড, চট্টগ্রাম",১,Female
১৭০৬,তাসপিয়া আলিম,১৫০২৯৫০০১৪০০,আলিম উদ্দিন,আকলিমা আক্তার আখি,"কেরামত আলী বাড়ী, উত্তর বগাচতর, বগাচতর, সীতাকুন্ড, চট্টগ্রাম",১,Female
১৭০৭,তানিয়া আক্তার,১৫০২৯৫০০১৪০১,মোয়াজ্জেম হোসেন,রুমা আক্তার,"০২৮৬, উত্তর বগাচতর, বগাচতর, সীতাকুন্ড, চট্টগ্রাম৯৫চূড়ান্ত ভোটার তালিকাজেলা:চট্টগ্রামউপজেলা:সীতাকুন্ডইউনিয়ন:সৈয়দপুরডাকঘর:কমর আলীভোটার এলাকার কোড: ০২৯৫ভোটার এলাকার নাম: উত্তর বগাচতর",১,Female
১৭০৮,নূছরাত সুলতানা,১৫০২৯৫০০১৪০২,সিরাজুল ইসলাম,আফরোজা বেগম,"রাজা মিয়া চৌধুরী বাড়ী, উত্তর বগাচতর, বগাচতর, সীতাকুন্ড, চট্টগ্রাম",১,Female
১৭০৯,মেহের জামিম মিম,১৫০২৯৫০০১৪০৩,সাইদুল হোসেন,মাসুদা আক্তার,"৫৪২/১, উঃ বগাচতর, বগাচতর, সীতাকুন্ড, চট্টগ্রাম",১,Female
১৭১০,নাজমুন নাহার সাহারা,১৫০২৯৫০০১৪০৪,নাজমুল হুদা,ওয়াহিদা আক্তার,"বশির উল্যাাহ ভূইয়া বাড়ী, উত্তর বগাচতর, বগাচতর, সীতাকুন্ড, চট্টগ্রাম",১,Female
১৭১১,ফারিহা সহিদ ঐশী,১৫০২৯৫০০১৪০৬,মোহাং সহিদ উল্যাহ,সাইদা আরিফা সুলতানা,"হুরমত খঁা বাড়ী, উঃ বগাচতর, বগাচতর, সীতাকুন্ড, চট্টগ্রাম",১,Female
১৭১২,জান্নাতুল নাঈমা,১৫০২৯৫০০১৪০৮,নূরুল্যাহ,রোকেয়া বেগম,"শাহ আলম মাস্টার বাড়ী, উঃ বগাচতর, বগাচতর, সীতাকুন্ড, চট্টগ্রাম",১,Female
১৭১৩,আজমিন সোলতানা,১৫০২৯৫০০১৪০৯,মৃত ইকবাল হোসেন,সাহেদা আক্তার,"ছালামত উল্যাাহ বাড়ী, উঃ বগাচতর, বগাচতর, সীতাকুন্ড, চট্টগ্রাম",১,Female
১৭১৪,শান্তনা ভূঁইয়া অপর্ি,১৫০২৯৫০০১৪১০,গোলাম সরওয়ার,শাহনাজ বেগম,"১৬৫, মান সফি ভূইয়া বাড়ী, উত্তর বগাচতর, বগাচতর, সীতাকুন্ড, চট্টগ্রাম",১,Female
১৭১৫,জান্নাতুল নাঈমা,১৫০২৯৫০০১৪১১,নূরুল আনোয়ার,তহিদা আক্তার,"কাদের মোল্যাা বাড়ী, উঃ বগাচতর, বগাচতর, সীতাকুন্ড, চট্টগ্রাম",১,Female
১৭১৬,ফাহিমা সোলতানা,১৫০২৯৫০০১৪১৪,হুমায়ন কবির,রাজিয়া সোলতানা,"ছৈদিক মৌলভী বাড়ি, উওর বগাচতর, বগাচতর, সীতাকুন্ড, চট্টগ্রাম",১,Female
১৭১৭,তানিয়া সুলতানা,১৫০২৯৫০০১৪১৭,হারুন উর রশিদ,রিয়াজউন নূর বেগম,"উজির আলী ফকির বাড়ী, উত্তর বগাচতর, বগাচতর, সীতাকুন্ড, চট্টগ্রাম",১,Female
১৭১৮,নাদিয়া সুলতানা,১৫০২৯৫০০১৪১৮,মোহাম্মদ বোরহান উদ্দিন,রুমা আক্তার,"মুনছুর কাজী বাড়ী, উত্তর বগাচতর, বগাচতর, সীতাকুন্ড, চট্টগ্রাম",১,Female
১৭১৯,নাঈমা আক্তার,১৫০২৯৫০০১৪১৯,আলমগীর,দিলো আরা,"জাগীর হোসেন বাড়ী, উত্তর বগাচতর, বগাচতর, সীতাকুন্ড, চট্টগ্রাম",১,Female
১৭২০,ইসরাত জাহান,১৫০২৯৫০০১৪২১,নূরুল হুদা,আনোয়ারা বেগম,"নূরুল হুদার বাড়ী, উঃ বগাচতর, বগাচতর, সীতাকুন্ড, চট্টগ্রাম",১,Female
১৭২১,মোছাঃ তানভীন তানহা,১৫০২৯৫০০১৪২২,মোঃ মামুন রশীদ,রাহেলা আক্তার,"আবদুল ভুঁইয়া বাড়ী, উত্তর বগাচতর, বগাচতর, সীতাকুন্ড, চট্টগ্রাম",১,Female
১৭২২,সোহানা শবনম সুবর্ণা,১৫০২৯৫০০১৪২৩,মোঃ ইয়াহিয়া খান,ফেরদৌস আক্তার,"খোরশেদ আলম মাস্টারের বাড়ী, উঃ বগাচতর, বগাচতর, সীতাকুন্ড, চট্টগ্রাম",১,Female
১৭২৩,নাপিসা তারিন,১৫০২৯৫০০১৪২৬,নূর হোসেন,কোহিনূর আক্তার,"ছৈদিক মৌলভী বাড়ি, উওর বগাচতর, বগাচতর, সীতাকুন্ড, চট্টগ্রাম",১,Female
১৭২৪,রাশেদা আক্তার,১৫০২৯৫৩৪৯৮৪৩,মৃত আবু ছালেক,পেয়ারা বেগম,"গাফফারী চেয়ারম্যানের বাড়ী, উত্তর বগাচতর, বগাচতর, সীতাকুন্ড, চট্টগ্রাম",১,Female
১৭২৫,চঁাপা আকতার,১৫০২৯৫৩৪৯৮৪৬,মৃত মোঃ আবুল কালাম,রোকেয়া বেগম,"নূর আহম্মদ সারেং বাড়ী, উঃ বগাচতর, বগাচতর, সীতাকুন্ড, চট্টগ্রাম৯৬চূড়ান্ত ভোটার তালিকাজেলা:চট্টগ্রামউপজেলা:সীতাকুন্ডইউনিয়ন:সৈয়দপুরডাকঘর:কমর আলীভোটার এলাকার কোড: ০২৯৫ভোটার এলাকার নাম: উত্তর বগাচতর",১,Female
১৭২৬,তাহসিনা তাসবিন,১৫০২৯৫৩৪৯৮৪৭,মোহাম্মদ আলা উদ্দীন,জাহানারা বেগম,"হাবীব উল্যাহ মীর বাড়ী, উত্তর বগাচতর, বগাচতর, সীতাকুন্ড, চট্টগ্রাম",১,Female
১৭২৭,বিবি কুলছুমা,১৫০২৯৫৩৪৯৮৪৮,জয়নাল আবেদীন,নাজমা আক্তার,"নূরুল হক হাজী বাড়ী, উত্তর বগাচতর, বাগচতর, সীতাকুন্ড, চট্টগ্রাম",১,Female
১৭২৮,তানজিনা আক্তার,১৫০২৯৫৩৪৯৮৪৯,জয়নাল আবেদিন,নাজমা আক্তার,"মুসা কাজী বাড়ী, উত্তর বগাচতর, বগাচতর, সীতাকুন্ড, চট্টগ্রাম",১,Female
১৭২৯,আয়েশা আক্তার আঁখি,১৫০২৯৫৩৪৯৮৫০,মোঃ ইকবাল নিজামী,নাছরিন আক্তার,"কাদের মোল্যাা বাড়ী, উঃ বগাচতর, বগাচতর, সীতাকুন্ড, চট্টগ্রাম",১,Female
১৭৩০,শাহীনূর আক্তার,১৫০২৯৫৩৪৯৮৫২,মৃত মোহাম্মদ আবুল কাসেম চৌধুরী,রওশন আরা বেগম,"গাফারী চেয়ারম্যান বাড়ী, উত্তর বগাচতর, বগাচতর, সীতাকুন্ড, চট্টগ্রাম",১,Female
১৭৩১,তাহছিনা আক্তার,১৫০২৯৫৩৪৯৮৫৪,আব্দুল মান্নান,জেসমিন আক্তার,"আাস মিয়া বাড়ী ০৭৪৬, উত্তর বগাচতর, বগাচতর, সীতাকুন্ড, চট্টগ্রাম",১,Female
১৭৩২,তাজমীম জাহান উলফাত,১৫০২৯৫৩৪৯৮৫৬,সানা উল্যা্যাহ,শিরিনা আক্তার,"আাস মিয়া বাড়ী ০৭৩৯, উত্তর বগাচতর, বগাচতর, সীতাকুন্ড, চট্টগ্রাম",১,Female
১৭৩৩,মাসুদা রশীদ,১৫০২৯৫৩৪৯৮৫৭,হারুন অর রশিদ,মোতাহেরা বেগম,"হারুন রশীদ এর বাড়ী, উঃ বগাচতর, বগাচতর, সীতাকুন্ড, চট্টগ্রাম",১,Female
১৭৩৪,মনোয়ারা বেগম,১৫০২৯৫৩৪৯৮৫৮,ছালামত উল্যাহ,সামসুর নাহার,"জামান বাড়ী ০২৩৩, উত্তর বগাচতর, বগাচতর, সীতাকুন্ড, চট্টগ্রাম",১,Female
১৭৩৫,বিবি আয়শা,১৫০২৯৫৩৪৯৮৫৯,মোঃ মুরাদ আলম,আনোয়ারা বেগম,"কাদের মোল্যাা বাড়ী, উঃ বগাচতর, বগাচতর, সীতাকুন্ড, চট্টগ্রাম",১,Female
১৭৩৬,সাবিহা বিনতে আনোয়ার,১৫০২৯৫৩৪৯৮৬০,আনোয়ারুল ইসলাম,রওশন আরা পারভীন,"হাজী গোলাম মাস্টারের বাড়ী, উঃ বগাচতর, বগাচতর, সীতাকুন্ড, চট্টগ্রাম",১,Female
১৭৩৭,তাছলিমা আক্তার,১৫০২৯৫৩৪৯৮৬১,মোঃ শাহ আলম,নূর জাহান,"কালা মিয়া মাঝি বাড়ী ০৩২০/১, উত্তর বগাচতর, বগাচতর, সীতাকুন্ড, চট্টগ্রাম",১,Female
১৭৩৮,সাদিয়া সোলতানা,১৫০২৯৫৩৪৯৮৬৩,মোঃ ছৈয়দের রহমান,শামিমা আক্তার,"গাফফারী চেয়্যারম্যান বাড়ী, উঃ বগাচতর, বগাচতর, সীতাকুন্ড, চট্টগ্রাম",১,Female
১৭৩৯,নাছরীন আক্তার,১৫০২৯৫৩৪৯৮৬৪,জেবাল হোসেন,বিবি আমেনা,"তোয়ানী মীর বাড়ী, উত্তর বগাচতর, বগাচতর, সীতাকুন্ড, চট্টগ্রাম",১,Female
১৭৪০,সাদিয়া ইয়াছমিন মুক্তা মনি,১৫০২৯৫৩৪৯৮৬৫,জহুরুল হক,মৃত শামছুন্নাহার,"গোলদার বাড়ী, উত্তর বগাচতর, বগাচতর, সীতাকুন্ড, চট্টগ্রাম",১,Female
১৭৪১,সানজিদা আক্তার,১৫০২৯৫৩৪৯৮৬৬,আবদুর রহিম,আছমা বেগম,"০১৫৮, উঃ বগাচতর, বগাচতর, সীতাকুন্ড, চট্টগ্রাম",১,Female
১৭৪২,জয়া রানী দাশ,১৫০২৯৫৩৪৯৮৭০,অরুন চন্দ্র দাশ,লাভলী রানী দাশ,"বজেন্দ্র কবিরাজ বাড়ী, উত্তর বগাচতর, বগাচতর, সীতাকুন্ড, চট্টগ্রাম",১,Female
১৭৪৩,সাইনূর আক্তার মুক্তা,১৫০২৯৫৩৪৯৮৭১,মোহাম্মদ আবুল কাশেম,ছুফিয়া বেগম,"আবুল কাশেম এর বাড়ী, উঃ বগাচতর, বগাচতর, সীতাকুন্ড, চট্টগ্রাম৯৭চূড়ান্ত ভোটার তালিকাজেলা:চট্টগ্রামউপজেলা:সীতাকুন্ডইউনিয়ন:সৈয়দপুরডাকঘর:কমর আলীভোটার এলাকার কোড: ০২৯৫ভোটার এলাকার নাম: উত্তর বগাচতর",১,Female
১৭৪৪,মোছাম্মৎ কাওছার সুলতানা,১৫০২৯৫৩৪৯৮৭৬,আবুল কাশেম,হাছিনা আক্তার,"তোয়ানী মীর বাড়ী, উঃ বগাচতর, বগাচতর, সীতাকুন্ড, চট্টগ্রাম",১,Female
১৭৪৫,ফারজানা আক্তার,১৫০২৯৫৩৪৯৮৮০,জাফর আহম্মেদ,খতিজা বেগম,"গোলাদার বাড়ী, উঃ বগাচতর, বগাচতর, সীতাকুন্ড, চট্টগ্রাম",১,Female
১৭৪৬,অপু জলদাশ,১৫০২৯৫৩৪৯৮৮২,মৃত লীচরন জলদাশ,চাা জলদাশ,"লীচরন দাশের বাড়ী, উঃ বগাচতর, বগাচতর, সীতাকুন্ড, চট্টগ্রাম",১,Female
১৭৪৭,রতী রানী নাথ,১৫০২৯৫৩৪৯৮৮৬,ধনারন নাথ,গীতা রানী নাথ,"সাধন চন্দ্র নাথ এর বাড়ী, দিণ বগাচতর, বগাচতর, সীতাকুন্ড, চট্টগ্রাম",১,Female
১৭৪৮,সুরমিনা আক্তার,১৫০২৯৫৩৪৯৮৮৭,আহম্মদের রহমান,মোছাঃ বিবি ছকিনা,"০২৮৩, উঃ বগাচতর, বগাচতর, সীতাকুন্ড, চট্টগ্রাম",১,Female
১৭৪৯,মেহেরুন নেছা তানিয়া,১৫০২৯৫৩৪৯৮৮৮,লুৎফুর রহমান,ইয়াছমিন আক্তার,"০২৪০, উঃ বগাচতর, বগাচতর, সীতাকুন্ড, চট্টগ্রাম",১,Female
১৭৫০,ফারজানা আক্তার,১৫০২৯৫৩৪৯৮৮৯,মোঃ হানিফ,বিবি ফাতেমা,"০২৩৫, উঃ বগাচতর, বগাচতর, সীতাকুন্ড, চট্টগ্রাম",১,Female
১৭৫১,পারভীন আক্তার,১৫০২৯৫৩৪৯৮৯০,মৃত নূরুল গনি,ছেমনা খাতুন,"গোলাদার বাড়ী, উঃ বগাচতর, বগাচতর, সীতাকুন্ড, চট্টগ্রাম",১,Female
১৭৫২,বিবি কুলছুমা,১৫০২৯৫৩৪৯৮৯১,মৃত নূর ইসলাম,রাশেদা আক্তার,"দেলোয়ার মিস্ত্রী বাড়ী, উঃ বগাচতর, বগাচতর, সীতাকুন্ড, চট্টগ্রাম",১,Female
১৭৫৩,মিনা আক্তার,১৫০২৯৫৩৪৯৮৯২,নজরুল ইসলাম,রাহেনা বেগম,"সাির আলীর বাড়ী, উঃ বগাচতর, বগাচতর, সীতাকুন্ড, চট্টগ্রাম",১,Female
১৭৫৪,শ্রীাবন্তী দাশ,১৫০২৯৫৩৪৯৮৯৩,লণ চন্দ্র দাশ,রেখা রানী দাশ,"বেচারাম কবিরাজ বাড়ী, উত্তর বগাচতর, বগাচতর, সীতাকুন্ড, চট্টগ্রাম",১,Female
১৭৫৫,নাহিদা আক্তার,১৫০২৯৫৩৪৯৮৯৫,মৃত মোহাম্মদ নজরুল ইসলাম,নূরের জাহান,"ওমর খঁা পাটান বাড়ী, উত্তর বগাচতর, বগাচতর, সীতাকুন্ড, চট্টগ্রাম",১,Female
১৭৫৬,নিগার সুলতানা,১৫০২৯৫৩৪৯৮৯৭,আব্দুল গনি,হোসনে আরা বেগম,"মুনছুর কাজী বাড়ী ৩৬০, উত্তর বগাচতর, বগাচতর, সীতাকুন্ড, চট্টগ্রাম",১,Female
১৭৫৭,সুচন্দাা রহমান,১৫০২৯৫৩৪৯৮৯৮,মোঃ মোস্তাফিজুর রহমান,ফেরদৌস নাহার,"আবদুল ভূইয়া বাড়ী, উঃ বগাচতর, বগাচতর, সীতাকুন্ড, চট্টগ্রাম",১,Female
১৭৫৮,কামরুন নাহার মুন্নি,১৫০২৯৫৩৪৯৮৯৯,আবুল কালাম,ফিরোজা বেগম,"সেকান্দার মিয়া বাড়ী, উত্তর বগাচতর, বগাচতর, সীতাকুন্ড, চট্টগ্রাম",১,Female
১৭৫৯,জান্নাতুল ফেরদৌস,১৫০২৯৫৩৪৯৯০০,নূর নবী,মনোয়ারা বেগম,"খোরশেদ আলম মাস্টারের বাড়ী, উঃ বগাচতর, বগাচতর, সীতাকুন্ড, চট্টগ্রাম",১,Female
১৭৬০,রেহানা আক্তার,১৫০২৯৫৩৪৯৯০১,নূর ইসলাম,ছকিনা বেগম,"আবদুল ভূঁইয়া বাড়ী, উত্তর বগাচতর, বগাচতর, সীতাকুন্ড, চট্টগ্রাম",১,Female
১৭৬১,ঝর্না আক্তার,১৫০২৯৫৩৪৯৯০২,মোঃ মামুন,আনোয়ারা বেগম,"০৯, উঃ বগাচতর, বগাচতর, সীতাকুন্ড, চট্টগ্রাম৯৮চূড়ান্ত ভোটার তালিকাজেলা:চট্টগ্রামউপজেলা:সীতাকুন্ডইউনিয়ন:সৈয়দপুরডাকঘর:কমর আলীভোটার এলাকার কোড: ০২৯৫ভোটার এলাকার নাম: উত্তর বগাচতর",১,Female
১৭৬২,রোমেনা আক্তার,১৫০২৯৫৩৪৯৯০৩,নূরুল আনোয়ার,রিজিয়া বেগম,"আনসার আলী মিস্ত্রী বাড়ী, উঃ বগাচতর, বগাচতর, সীতাকুন্ড, চট্টগ্রাম",১,Female
১৭৬৩,সাবরিনা সোলতানা,১৫০২৯৫৩৪৯৯০৪,মফিজুর রহমান,সাহেরা বানূ,"ওমর খঁা পাঠান বাড়ী ০৩৮৪, উত্তর বগাচতর, বগাচতর, সীতাকুন্ড, চট্টগ্রাম",১,Female
১৭৬৪,রেশমা আক্তার,১৫০২৯৫৩৪৯৯০৫,মোঃ রফিয়জ্জামা,মনোয়ারা বেগম,"৩৫৭, উত্তর বগাচতর, বগাচতর, সীতাকুন্ড, চট্টগ্রাম",১,Female
১৭৬৫,মাহবুবা আক্তার,১৫০২৯৫৩৪৯৯০৭,মোঃ আনোয়ারুল ইসলাম,সেলিনা আক্তার,"মোক্রম আলী সারেং বাড়ী, উত্তর বগাচতর, বগাচতর, সীতাকুন্ড, চট্টগ্রাম",১,Female
১৭৬৬,জাকিয়া সোলতানা,১৫০২৯৫৩৪৯৯০৯,মুহাম্মদ ইিস,বিবি আয়েশা,"কেরামত আলী বাড়ী, উত্তর বগাচতর, বগাচতর, সীতাকুন্ড, চট্টগ্রাম",১,Female
১৭৬৭,মোছাঃ মনোয়ারা,১৫০২৯৫৩৪৯৯১২,বজলুর রহমান,নূর খাতুন,"শাহ আলম মাস্টারের বাড়ী, উত্তর বগাচতর, বগাচতর, সীতাকুন্ড, চট্টগ্রাম",১,Female
১৭৬৮,বিনা রানী জলদাশ,১৫০২৯৫৩৪৯৯১৩,মাখন চন্দ্র জলদাস,মু রানী জলদাস,"মাখন জলদাস বাড়ী, উত্তর বগাচতর, বগাচতর, সীতাকুন্ড, চট্টগ্রাম",১,Female
১৭৬৯,সাদিয়া সুলতানা আপরিন,১৫০২৯৫৩৪৯৯১৪,মফিজুর রহমান,পারভীন সুলতানা,"সেকান্দার ভূঞা বাড়ী, উত্তর বগাচতর, বগাচতর, সীতাকুন্ড, চট্টগ্রাম",১,Female
১৭৭০,রিয়া দাশ,১৫০২৯৫৩৪৯৯১৫,সুভাষ দাস,ঝরনা দাশ,"জলদাশ বাড়ী, উত্তর বগাচতর, বগাচতর, সীতাকুন্ড, চট্টগ্রাম",১,Female
১৭৭১,তানজিনা আক্তার,১৫০২৯৫৩৪৯৯১৭,মোহাম্মদ নূরুল আমিন,আয়শা বেগম,"আবদুল হক মাস্টার বাড়ী, উত্তর বগাচতর, বগাচতর, সীতাকুন্ড, চট্টগ্রাম",১,Female
১৭৭২,শামছুন্নাহার জেরিন,১৫০২৯৫৩৪৯৯২০,মুহাম্মদ জমির উদ্দীন,রেহানা আক্তার,"কেরমত আলী বাড়ী, দিণ বগাচতর, বগাচতর, সীতাকুন্ড, চট্টগ্রাম",১,Female
১৭৭৩,ইসরাত মোকাদ্দেস আইরিন,১৫০২৯৫৩৪৯৯২৩,মুহাম্মদ জমির উদ্দীন,রেহানা আক্তার,"কেরমত আলী বাড়ী, উত্তর বগাচতর, বগাচতর, সীতাকুন্ড, চট্টগ্রাম",১,Female
১৭৭৪,রোজিনা আক্তার,১৫০২৯৫৩৪৯৯২৪,আবুল কালাম,ছালেহা বেগম,"নিজামুল হক বাড়ী, উত্তর বগাচতর, বগাচতর, সীতাকুন্ড, চট্টগ্রাম",১,Female
১৭৭৫,রুজিনা আক্তার,১৫০২৯৫৩৪৯৯২৫,জাহাঙ্গীর আলম,জান্নাতুল ফেরদাউস,"মক্রম আলী সারেং বাড়ী, উত্তর বগাচতর, বগাচতর, সীতাকুন্ড, চট্টগ্রাম",১,Female
১৭৭৬,শারমিন আক্তার,১৫০২৯৫৩৪৯৯২৬,আবুল কালাম,জোহরা খাতুন,"সাত্তারের বাড়ী, উত্তর বগাচতর, বগাচতর, সীতাকুন্ড, চট্টগ্রাম",১,Female
১৭৭৭,সুদিবী জলদাশ,১৫০২৯৫৩৪৯৯২৭,জয়হরি জলদাশ,অরুনী জলদাশ,"চুল্যাা বাপের বাড়ী, উঃ বগাচতর, বগাচতর, সীতাকুন্ড, চট্টগ্রাম",১,Female
১৭৭৮,বিউটি রানী দাস,১৫০২৯৫৩৪৯৯২৯,প্রেমলাল দাশ,আরতি বালা জলদাস,"প্রেমলালের বাড়ী, উত্তর বগাচতর, বগাচতর, সীতাকুন্ড, চট্টগ্রাম",১,Female
১৭৭৯,লিমা বালা জলদাশ,১৫০২৯৫৩৪৯৯৩০,রুহি জলদাশ,ভাবনা বালা জলদাশ,"মনিন্দা জলদাসের বাড়ী, উত্তর বগাচতর, বগাচতর, সীতাকুন্ড, চট্টগ্রাম৯৯চূড়ান্ত ভোটার তালিকাজেলা:চট্টগ্রামউপজেলা:সীতাকুন্ডইউনিয়ন:সৈয়দপুরডাকঘর:কমর আলীভোটার এলাকার কোড: ০২৯৫ভোটার এলাকার নাম: উত্তর বগাচতর",১,Female
১৭৮০,নাগর্িস আকতার,১৫০২৯৫৩৪৯৯৩১,মোঃ আলী আকবর,সেলিনা আকতার,"দুলা মিয়া মিয়াজীর বাড়ী, উঃ বগাচতর, বগাচতর, সীতাকুন্ড, চট্টগ্রাম",১,Female
১৭৮১,আছমা আক্তার,১৫০২৯৫৩৪৯৯৩৩,মোঃ শামছুল ইসলাম,হনূফা বেগম,"কেরামত আলী বাড়ী, উত্তর বগাচতর, বগাচতর, সীতাকুন্ড, চট্টগ্রাম",১,Female
১৭৮২,ছামিয়া সুলতানা,১৫০২৯৫৩৪৯৯৩৫,আনোয়ার হোসেন,মনোয়ারা বেগম,"সাম মাঝী বাড়ী, উত্তর বগাচতর, বগাচতর, সীতাকুন্ড, চট্টগ্রাম",১,Female
১৭৮৩,তৈয়বা বেগম,১৫০২৯৫৩৪৯৯৩৬,আনোয়ার হোসেন,মনোয়ারা বেগম,"সাম মাঝী বাড়ী, উত্তর বগাচতর, বগাচতর, সীতাকুন্ড, চট্টগ্রাম",১,Female
১৭৮৪,তানজিনা আক্তার,১৫০২৯৫৩৪৯৯৩৭,মোহাম্মদ নূরুল আলম,রোজিনা আক্তার,"হুরমত খঁা বাড়ী, উত্তর বগাচতর, বগাচতর, সীতাকুন্ড, চট্টগ্রাম",১,Female
১৭৮৫,কেয়া রানী দাস,১৫০২৯৫৩৪৯৯৩৮,ামা চরণ,বৃহতি,"জলের দাস বাড়ী, উঃ বগাচতর, বগাচতর, সীতাকুন্ড, চট্টগ্রাম",১,Female
১৭৮৬,রোকসানা আক্তার,১৫০২৯৫৩৪৯৯৩৯,মীর আব্দুল কাইয়ুম,খুরশিদা আক্তার,"০৮৬৯, উত্তর বগাচতর, বগাচতর, সীতাকুন্ড, চট্টগ্রাম",১,Female
১৭৮৭,ফাতেমা জোহরা,১৫০২৯৫৩৪৯৯৪০,আহম্মদুর রহমান,রাশেদা বেগম,"০৪৬৭, উঃ বগাচতর, বগাচতর, সীতাকুন্ড, চট্টগ্রাম",১,Female
১৭৮৮,বিবি রাহেলা,১৫০২৯৫৩৪৯৯৪১,রেজাউল করিম,বিবি সায়েরা,"গোলদার বাড়ী, উত্তর বগাচতর, বগাচতর, সীতাকুন্ড, চট্টগ্রাম",১,Female
১৭৮৯,ফারহানা আক্তার,১৫০২৯৫৩৪৯৯৪২,জসিম উদ্দিন,শিরিনা আক্তার,"নূর আহাং সারেং বাড়ী, উঃ বগাচতর, বগাচতর, সীতাকুন্ড, চট্টগ্রাম",১,Female
১৭৯০,নাছরিন আক্তার,১৫০২৯৫৩৪৯৯৪৩,মনছুর আহম্মদ,নূর বানূ,"০৮১১, উত্তর বগাচতর, বগাচতর, সীতাকুন্ড, চট্টগ্রাম",১,Female
১৭৯১,আকলিমা আক্তার,১৫০২৯৫৩৪৯৯৪৬,মোঃ সিরাজ,সাফিয়া আক্তার,"০২১৬, উঃ বগাচতর, বগাচতর, সীতাকুন্ড, চট্টগ্রাম",১,Female
১৭৯২,জেসমিন সুলতানা,১৫০২৯৫৩৪৯৯৪৮,মোঃ ইয়াছিন,জাহেদা বেগম,"ইয়াছিন এর বাড়ী, উত্তর বগাচতর, বগাচতর, সীতাকুন্ড, চট্টগ্রাম",১,Female
১৭৯৩,বিবি ফাতেয়া সাজু,১৫০২৯৫৩৪৯৯৪৯,মোঃ ছৈয়দল হক,হোসনে আরা বেগম,"০৩৬৪, উত্তর বগাচতর, বগাচতর, সীতাকুন্ড, চট্টগ্রাম",১,Female
১৭৯৪,সায়েমা বিনতে মফিজ,১৫০২৯৫৩৪৯৯৫০,মফিজুর রহমান,কামরুজ্জাহান,"ছদিক মৌলভী বাড়ী, উত্তর বগাচতর, বগাচতর, সীতাকুন্ড, চট্টগ্রাম",১,Female
১৭৯৫,সামিয়া নূসরাত ভূঁইয়া,১৫০২৯৫৩৪৯৯৫১,হুমায়ন কবির ভূঁইয়া,মমতাজ বেগম,"মানসফি ভুঞা বাড়ী, উঃ বগাচতর, বগাচতর, সীতাকুন্ড, চট্টগ্রাম",১,Female
১৭৯৬,রুপশী রানী,১৫০২৯৫৩৪৯৯৫২,হরিপদ দাস,গৌরকী রানী জলদাস,"জলদাস বাড়ী, উত্তর বগাচতর, বগাচতর, সীতাকুন্ড, চট্টগ্রাম",১,Female
১৭৯৭,তাবাুম সোলতানা,১৫০২৯৫৩৪৯৯৫৩,মহি উদ্দিন,মহিনূর আক্তার,"আব্দুল ভূঁইয়া বাড়ী, উত্তর বগাচতর, বগাচতর, সীতাকুন্ড, চট্টগ্রাম১০০চূড়ান্ত ভোটার তালিকাজেলা:চট্টগ্রামউপজেলা:সীতাকুন্ডইউনিয়ন:সৈয়দপুরডাকঘর:কমর আলীভোটার এলাকার কোড: ০২৯৫ভোটার এলাকার নাম: উত্তর বগাচতর",১,Female
১৭৯৮,রাহীমা ইয়াছমীন রাহুম,১৫০২৯৫৩৪৯৯৫৪,আবু তাহের,ইয়াছমিন আক্তার,"আবদুল মুনাফ সওদাগরের বাড়ী, উঃ বগাচতর, বগাচতর, সীতাকুন্ড, চট্টগ্রাম",১,Female
১৭৯৯,সানজিদা বিনতে সহিদ,১৫০২৯৫৩৪৯৯৫৫,মোহাং সহিদ উল্যাহ,সাইদা আরিফা সুলতানা,"হুরমত খঁা বাড়ী, উত্তর বগাচতর, সৈয়দপুর, সীতাকুন্ড, চট্টগ্রাম",১,Female
১৮০০,পারভিন আক্তার,১৫০২৯৫৩৪৯৯৫৬,শাহাজান মিয়া,জোসনা বেগম,"বাহার মাঝীর বাড়ী, উত্তর বগাচতর, বগাচতর, সীতাকুন্ড, চট্টগ্রাম",১,Female
১৮০১,নূসরাত ই মিলা,১৫০২৯৫৩৪৯৯৫৭,মোঃ রেদওয়ান ভূঁইয়া,মনোয়ারা বেগম,"হেদু ভূইয়া বাড়ী, উঃ বগাচতর, বগাচতর, সীতাকুন্ড, চট্টগ্রাম",১,Female
১৮০২,নাদিয়া আক্তার,১৫০২৯৫৩৪৯৯৫৯,ছলিম উল্যাা,নাছিমা আক্তার,"ছৈধীখ মৌলভী বাড়ী, উত্তর বগাচতর, বগাচতর, সীতাকুন্ড, চট্টগ্রাম",১,Female
১৮০৩,নাছিমা আক্তার,১৫০২৯৫৩৪৯৯৬০,জামাল উদ্দীন,রোশনেয়ারা বেগম,"ছৈদিক মৌলভী বাড়ী, উত্তর বগাচতর, বগাচতর, সীতাকুন্ড, চট্টগ্রাম",১,Female
১৮০৪,নূসরাত জাহান,১৫০২৯৫৩৪৯৯৭৩,মৃত মোহাম্মদ আনোয়ারুল আজীম,বিবি মরিয়ম,"আাস মিয়া বাড়ী, উত্তর বগাচতর, বগাচতর, সীতাকুন্ড, চট্টগ্রাম",১,Female
১৮০৫,রাশেদা আকতার,১৫০২৯৫৩৪৯৯৭৫,মোঃ হোসনেজ্জামা,আনোয়ারা খাতুন,"মজিদ টেন্ডলের বাড়ি, পূর্ব লালা নগর, দঃ টেরিয়াইল, সীতাকুন্ড, চট্টগ্রাম",১,Female
১৮০৬,মোছাম্মৎ বিবি সুলতানা,১৫০২৯৫৩৪৯৯৭৬,মোঃ হোসেন,মোছাম্মৎ রহিম বিয়া,"আসমত আলী ভূঁইয়া বাড়ী, উঃ ফেদাই নগর, উঃ টেরিয়াইল, সীতাকুন্ড, চট্টগ্রাম",১,Female
১৮০৭,রোজিনা আক্তার,১৫০২৯৫৩৪৯৯৭৭,মোঃ শফিউল আলম,রহিমা বেগম,"০৫৩৬, দিণ মুরাদপুর, গোা খালী, সীতাকুন্ড, চট্টগ্রাম",১,Female
১৮০৮,উমর্ি কুলছুমা,১৫০২৯৫৩৪৯৯৭৮,মোঃ সেকান্দার মিয়া,জান্নাতুল ফেরদৌস,"মৌতালী ব্যপারী বাড়ী, উত্তর বগাচতর, বগাচতর, সীতাকুন্ড, চট্টগ্রাম",১,Female
১৮০৯,মুশর্িদা আক্তার,১৫০২৯৫৩৪৯৯৭৯,মফিজুল ইসলাম,রাশেদা আক্তার,"আমান উল্যাাহ মুহুরী বাড়ী, উত্তর বগাচতর, বগাচতর, সীতাকুন্ড, চট্টগ্রাম",১,Female
১৮১০,বিবি হাজেরা,১৫০২৯৫৩৪৯৯৮০,গোলাম কাদের,রিজিয়া বেগম,"হাবীব ঊল্যাহ মীর বাড়ী, উত্তর বগাচতর, বগাচতর, সীতাকুন্ড, চট্টগ্রাম",১,Female
১৮১১,শিী রানী জলদাস,১৫০২৯৫৩৪৯৯৮১,কৃষ্ণ হরি জলদাস,স্যা রানী জলদাস,"জলদাস বাড়ী, উত্তর বগাচতর, বগাচতর, সীতাকুন্ড, চট্টগ্রাম",১,Female
১৮১২,মোছা আফছানা ইয়াছমিন,১৫০২৯৫৩৪৯৯৮৩,মোঃ নিজাম উদ্দিন,রোকসানা আখতার,"০৭৫১, উওর বগাচতর, বগাচতর, সীতাকুন্ড, চট্টগ্রাম",১,Female
১৮১৩,ফারিয়া আক্তার,১৫০২৯৫৩৪৯৯৮৪,মফিজুর রহমান,শাহানা আক্তার,"কাদের মোলা বাড়ি, উওর বগাচতর, বগাচতর, সীতাকুন্ড, চট্টগ্রাম",১,Female
১৮১৪,জাফরীন সুলতানা রিফা,১৫০২৯৫৩৪৯৯৮৫,জাকির হোসেন,রুবী আক্তার,"হুরমত খঁা বাড়ী, উত্তর বগাচতর, .বগাচতর, সীতাকুন্ড, চট্টগ্রাম",১,Female
১৮১৫,ফৌজিয়া আক্তার কলি,১৫০২৯৫৩৪৯৯৮৮,মোঃ ফজলুল করিম,নূরজাহান,"খোরশেদ আলম মাস্টার বাড়ী, উত্তর বগাচতর, বগাচতর, সীতাকুন্ড, চট্টগ্রাম১০১চূড়ান্ত ভোটার তালিকাজেলা:চট্টগ্রামউপজেলা:সীতাকুন্ডইউনিয়ন:সৈয়দপুরডাকঘর:কমর আলীভোটার এলাকার কোড: ০২৯৫ভোটার এলাকার নাম: উত্তর বগাচতর",১,Female
১৮১৬,সাজ্জিনা সুলতানা রিয়া,১৫০২৯৫৩৪৯৯৮৯,মোহাম্মদ বদিউল আলম,শাহীনূর,"ছিদ্দিক মৌলভী বাড়ি, উওর বগাচতর, বগাচতর, সীতাকুন্ড, চট্টগ্রাম",১,Female
১৮১৭,শিখা দাশ,১৫০২৯৫৩৪৯৯৯০,প্রেমধন জলদাস,রাজধনী দাস,"অনন্ত কুমার জলদাসের বাড়ী, উত্তর বগাচতর, বগাচতর, সীতাকুন্ড, চট্টগ্রাম",১,Female
১৮১৮,নাহিদা আক্তার,১৫০২৯৫৩৪৯৯৯১,মোঃ আবুল কাশেম,নূরের নাহার,"আবদুর রৌপ হাজীর বাড়ী, উত্তর বগাচতর, বগাচতর, সীতাকুন্ড, চট্টগ্রাম",১,Female
১৮১৯,ফারজানা আক্তার,১৫০২৯৫৩৪৯৯৯২,শফিউল আলম,মনোয়ারা বেগম,"হোছন মৌলভীর বাড়ী, উত্তর বগাচতর, বগাচতর, সীতাকুন্ড, চট্টগ্রাম",১,Female
১৮২০,সানজিদা আক্তার,১৫০২৯৫৩৪৯৯৯৩,রবিউল,সামছুন নাহার,"মুনছুর কাজি বাড়ী, উত্তর বগাচতর, বগাচতর, সীতাকুন্ড, চট্টগ্রাম",১,Female
১৮২১,সালমা আক্তার রুবি,১৫০২৯৫৩৪৯৯৯৪,ছলিম উল্যাাহ,মোছাঃ হাছিনা আক্তার,"তোফর আলী ভূঁইয়ার বাড়ী, উত্তর বগাচতর, বগাচতর, সীতাকুন্ড, চট্টগ্রাম",১,Female
১৮২২,পান্না আক্তার সিমা,১৫০২৯৫৩৪৯৯৯৫,নূরুল হক,মায়মুনা খাতুন,"নূর মোহাং সারেং বাড়ী, উত্তর বগাচতর, বগাচতর, সীতাকুন্ড, চট্টগ্রাম",১,Female
১৮২৩,মুরশিদা আক্তার সীমা,১৫০২৯৫৩৪৯৯৯৬,মোঃ জাফর উল্যা্যাহ খান,আফরোজা বেগম,"ওমর খঁা পাঠান বাড়ী, উত্তর বগাচতর, বগাচতর, সীতাকুন্ড, চট্টগ্রাম",১,Female
১৮২৪,মোছাঃ ফারজানা আক্তার,১৫০২৯৫৩৪৯৯৯৯,মৃত শাহ আলম,মোছাঃ নূর জাহান বেগম,"দোলোয়ার মিসএ◌ীর বাড়ি, উঃ বগাচতর, বগাচতর, সীতাকুন্ড, চট্টগ্রাম",১,Female
১৮২৫,তানজিনা সোলতানা,১৫০২৯৫৩৫০০০৩,মোঃ নূরুল আবছার,কহিনূর,"ওমর খান পাঠান বাড়ী, উত্তর বগাচতর, বগাচতর, সীতাকুন্ড, চট্টগ্রাম",১,Female
১৮২৬,রোজিনা আক্তার,১৫০২৯৫৩৫০০০৪,মোঃ কামাল,জাহানারা বেগম,"০২৩৬, উঃ বগাচতর, বগাচতর, সীতাকুন্ড, চট্টগ্রাম",১,Female
১৮২৭,পেয়ারা বেগম,১৫০২৯৫৩৫০০০৫,মৃত মণির আহাং,মৃত সখিনা খাতুন,"হেসমত আলী মিস্ত্রী বাড়ী, উত্তর বগাচতর, বগাচতর, সীতাকুন্ড, চট্টগ্রাম",১,Female
১৮২৮,সাজিয়া সোলতানা,১৫০২৯৫৩৫০০০৬,আবদুল কাইয়ুম,শিরিনা আক্তার,"আবদুল ভূঞা বাড়ী, উঃ বগাচতর, বগাচতর, সীতাকুন্ড, চট্টগ্রাম",১,Female
১৮২৯,বিবি জোহরা,১৫০২৯৫৩৫০০০৭,আবদুল হালিম,জয়নাব বিবি,"মক্রম আলী সারেং বাড়ী, উত্তর বগাচতর, সীতাকুন্ড, চট্টগ্রাম",১,Female
১৮৩০,শিপ্রা জলদাস,১৫০২৯৫৩৫০০১০,সুমঙ্গল জলদাস,আদরবালা জলদাস,"চুল্যাা বাপের বাড়ি, উত্তর বগাচতর, বগাচতর, সীতাকুন্ড, চট্টগ্রাম",১,Female
১৮৩১,শাহীনূর বেগম,১৫০২৯৫৩৫০০১৪,জসিম উদ্দীন,কহিনূর বেগম,"কেরামত আলীর বাড়ী, উত্তর বগাচতর, বগাচতর, সীতাকুন্ড, চট্টগ্রাম",১,Female
১৮৩২,নাগর্িস সুলতানা,১৫০২৯৫৩৫০০২২,কবির আহাম্মদ,রিজিয়া বেগম,"০৩০০, উত্তর বগাচতর, বগাচতর, সীতাকুন্ড, চট্টগ্রাম",১,Female
১৮৩৩,ইসরাত জাহান,১৫০২৯৫৩৫০০২৩,নূরুল আবছার,রাশেদা আক্তার,"কাদের মোল্যাা বাড়ী, উঃ বগাচতর, বগাচতর, সীতাকুন্ড, চট্টগ্রাম১০২চূড়ান্ত ভোটার তালিকাজেলা:চট্টগ্রামউপজেলা:সীতাকুন্ডইউনিয়ন:সৈয়দপুরডাকঘর:কমর আলীভোটার এলাকার কোড: ০২৯৫ভোটার এলাকার নাম: উত্তর বগাচতর",১,Female
১৮৩৪,সাবরিন সুলতানা,১৫০২৯৫৩৫০০২৮,একরামুল হক,নারগিস আক্তার,"একরামুল হকের বাড়ী, উঃ বগাচতর, বগাচতর, সীতাকুন্ড, চট্টগ্রাম",১,Female
১৮৩৫,নাছিমা আক্তার,১৫০২৯৫৩৫০০৩৩,আবুল বশর,বিবি মরিয়ম,"আবদুর রউফ হাজী বাড়ী ০৭৭৭, উত্তর বগাচতর, বগাচতর, সীতাকুন্ড, চট্টগ্রাম",১,Female
১৮৩৬,রেজিয়া আক্তার পান্না,১৫০২৯৫৩৫০০১৬,শাহ আলম,নূর জাহান,"৭০, উত্তর বগাচতর, সীতাকুন্ড, চট্টগ্রাম",১,Female
১৮৩৭,নাছিমা আক্তার,১৫০২৯৫৩৪৯৮৩৫,মোঃ মাহবুব আলম,মোছাঃ বেবী আক্তার,"উঃ বগাচতর, বগাচতর, সীতাকুন্ড, চট্টগ্রাম",১,Female
১৮৩৮,পারুল আক্তার,১৫০২৯৫৩৪৯৮৪১,আবুল বশর,রোকেয়া বেগম,"হাসমত আলী মিস্ত্রী বাড়ী, উত্তর বগাচতর, বগাচতর, সীতাকুন্ড, চট্টগ্রাম",১,Female
১৮৩৯,ঝর্না আরা বেগম,১৫০২৯৫৩৫০০২৪,মোঃ সফি উল্যা্যা,সুফিয়া খাতুন,"মান শফি ভূঁইয়া বাড়ি, উত্তর বগাচতর, বগাচতর, সীতাকুন্ড, চট্টগ্রাম",১,Female
১৮৪০,সানজিদা হক ঝুমুর,১৫০২৯৫০০১৩৪১,মোঃ সাইদুল হক,নাছিমা আক্তার,"জমাদার বাড়ী, উত্তর বগাচতর, সাইদপুর, সীতাকুন্ড, চট্টগ্রাম",১,Female
১৮৪১,সাহানাজ আক্তার মিলি,১৫০২৯৫০০১৩৭৪,মোঃ সাইদুল হক,নাছিমা আক্তার,"জমাদার বাড়ী, উত্তর বগাচতর, সৈয়দপুর, সীতাকুন্ড, চট্টগ্রাম",১,Female
১৮৪২,বিবি মরিয়ম,১৫০২৯৫০০১৩২৪,মোঃ নূর হোসেন,মায়মুনা আক্তার,"গোলদার বাড়ী, উত্তর বগাচতর, সীতাকুন্ড, চট্টগ্রাম",১,Female
১৮৪৩,সাবিহা তাহসিন ইসফা,১৫০২৯৫০০১৩৭৩,মোহাম্মদ ওহিদুর রহমান,সরবিনা নাছরিন,"হাজী বদিউজ্জামানর বাড়ী, উত্তর বগাচতর, বগাচতর, সীতাকুন্ড, চট্টগ্রাম",১,Female
১৮৪৪,মোসাঃ সাহেদা আক্তার,১৫০২৯৫৩৫০০৩৫,জাফর হোছাইন,আনোয়ারা বেগম,"আনছার আলী মেস্ত্রী বাড়ি, উত্তর বগাচতর, বগাচতর, সীতাকুন্ড, চট্টগ্রাম",১,Female
১৮৪৫,মোছাম্মৎ শিরিনা আক্তার,১৫০২৯৫৩৫০০৪০,মোঃ ওয়াহিদুন্নবী,মোছাম্মৎ রিজিয়া বেগম,"৫৩৬, উত্তর বগাচতর, বগাচতর, সীতাকুন্ড, চট্টগ্রাম",১,Female
১৮৪৬,সেলিনা আক্তার,১৫০২৯৫৩৫০০৪২,সুলতান আহম্মদ,কহিনূর আক্তার,"০৪৯৪, উত্তর বগাচতর, বগাচতর, সীতাকুন্ড, চট্টগ্রাম",১,Female
১৮৪৭,ফিরোজা আক্তার,১৫০২৯৫৩৫০০৪৩,নজির আহম্মদ,নজুমের নেছা,"উত্তর বগাচতর, বগাচতর, সীতাকুন্ড, চট্টগ্রাম",১,Female
১৮৪৮,রিজওয়ানা জাহান,১৫০২৯৫৩৫০০৭৩,মোঃ লুৎফুর রহমান,আয়েশা বেগম,"রফিকুজ্জামান মাস্টার বাড়ি, উত্তর বগাচতর, বগাচতর, সীতাকুন্ড, চট্টগ্রাম",১,Female
১৮৪৯,শিরিন আক্তার,১৫০২৯৫৩৫০০৮১,আব্দুল রব,জাহানারা বেগম,"৮১০, উত্তর বগাচতর, বগাচতর, সীতাকুন্ড, চট্টগ্রাম",১,Female
১৮৫০,সুমাইয়া হোসেন অি,১৫০২৯৫৩৫০০৯৩,মোঃ বেলায়েত হোসাইন,মোছাম্মৎ হোসনে আরা বেগম,"হাবিব উল্যাাহ মীর বাড়ী, উত্তর বগাচতর, বগাচতর, সীতাকুন্ড, চট্টগ্রাম",১,Female
১৮৫১,মেহজাবীন হোসাইন সারাহ,১৫০২৯৫৩৫০০৯৪,মোঃ বেলায়েত হোসাইন,মোছাম্মৎ হোসনে আরা বেগম,"হাবিব উল্যাাহ মীর বাড়ী, উত্তর বগাচতর, বগাচতর, সীতাকুন্ড, চট্টগ্রাম১০৩চূড়ান্ত ভোটার তালিকাজেলা:চট্টগ্রামউপজেলা:সীতাকুন্ডইউনিয়ন:সৈয়দপুরডাকঘর:কমর আলীভোটার এলাকার কোড: ০২৯৫ভোটার এলাকার নাম: উত্তর বগাচতর",১,Female
১৮৫২,রাহেলা আক্তার,১৫০২৯৫৩৫০১০৪,আবদুল মান্নান,ছালেহা বেগম,"আবু তাহের সওদাগর বাড়ী, উত্তর বগাচতর, বগাচতর, সীতাকুন্ড, চট্টগ্রাম",১,Female
১৮৫৩,তাহমিনা আক্তার,১৫০২৯৫৩৫০১১৬,মোঃ রফিকুল ইসলাম,রহিমা খাতুন,"৬২১, উত্তর বগাচতর, বগাচতর, সীতাকুন্ড, চট্টগ্রাম",১,Female
১৮৫৪,মোহছেনা আক্তার,১৫০২৯৫৩৫০১১৯,শামসুল হুদা,ফেরদৌস নাহার,"০৯৬৭/ ছদিক মৌলভী বাড়ী, উত্তর বগাচতর, বগাচতর, সীতাকুন্ড, চট্টগ্রাম",১,Female
১৮৫৫,রেহানা আক্তার,১৫০২৯৫৩৫০১২৬,নূর মোহাম্মদ,রিজিয়া বেগম,"তোফর আলী ভূঁইয়া বাড়ী, উত্তর বগাচতর, বগাচতর, সীতাকুন্ড, চট্টগ্রাম",১,Female
১৮৫৬,নূসরাত জাহান মীম,১৫০২৯৫৩৫০১২৭,মোঃ খালেদ হোসেন,হুরের জাহান,"তোফর আলী ভূঁইয়া বাড়ী, উত্তর বগাচতর, বগাচতর, সীতাকুন্ড, চট্টগ্রাম",১,Female
১৮৫৭,সাইমা সোলতানা,১৫০২৯৫৩৫০১২৮,আবুল কাশেম,জাহেদা বেগম,"তোফর আলী ভূঁইয়া বাড়ী, উত্তর বগাচতর, বগাচতর, সীতাকুন্ড, চট্টগ্রাম",১,Female
১৮৫৮,নিহাতুন নেছা,১৫০২৯৫৩৫০১৩৬,নূর নবী,শিমুল আক্তার,"০৪২৭, রাজা মিয়া চৌধুরী বাড়ী, উত্তর বগাচতর, বগাচতর, সীতাকুন্ড, চট্টগ্রাম",১,Female
১৮৫৯,শারমিন আক্তার,১৫০২৯৫৩৫০১৩৮,মোঃ সামছুদ্দিন,সাহেদা আক্তার,"৭১০, উত্তর বগাচতর, বগাচতর, সীতাকুন্ড, চট্টগ্রাম",১,Female
১৮৬০,জান্নাতুল ফেরদৌস,১৫০২৯৫৩৫০১৩৯,আবুল খায়ের,হনূফা আক্তার,"০৮৫৩, মোক্রম আলী সারেং বাড়ী, উত্তর বগাচতর, বগাচতর, সীতাকুন্ড, চট্টগ্রাম",১,Female
১৮৬১,ছালমা আকতার,১৫০২৯৫৩৫০১৪০,মোঃ জামাল উদ্দিন,নাছিমা আক্তার,"মোক্রম আলী সারেং বাড়ী, উত্তর বগাচতর, বগাচতর, সীতাকুন্ড, চট্টগ্রাম",১,Female
১৮৬২,রাজিয়া সুলতানা,১৫০২৯৫৩৫০১৪১,মোঃ আওরঙ্গজেব,মনাধন,"আবদুল ভূঞা বাড়ী, বগাচতর, সীতাকুন্ড, চট্টগ্রাম",১,Female
১৮৬৩,জোবেদা আক্তার,১৫০২৯৫৩৫০১৪২,মোঃ জয়নাল আবেদীন,জেবুন নাহার,"০১৩২, উত্তর বগাচতর, বগাচতর, সীতাকুন্ড, চট্টগ্রাম",১,Female
১৮৬৪,মোছাঃ ইসফাত জাহান নিপা,১৫০২৯৫৩৫০১৪৩,মোঃ হারুন অর রশিদ,সাহেদা আক্তার,"০৮২০/বাহার মাঝির বাড়ী, উত্তর বগাচতর, বগাচতর, সীতাকুন্ড, চট্টগ্রাম",১,Female
১৮৬৫,পারভীন সুলতানা শিমু,১৫০২৯৫৩৫০১৪৪,মৃত আবুল হাসেম,সেলিনা হোসাইন,"আব্দুল মোনাফ সওদাগরের বাড়ি, উত্তর বগাচতর, বগাচতর, সীতাকুন্ড, চট্টগ্রাম",১,Female
১৮৬৬,সোনিয়া দাশ,১৫০২৯৫৩৫০১৪৬,তপন চন্দ্র দাশ,বকুল রানী দাশ,"০৮৩৬/বজেন্দ্র কবিরাজ বাড়ি, উঃ বগাচতর, বগাচতর, সীতাকুন্ড, চট্টগ্রাম",১,Female
১৮৬৭,নাহিদা সুলতানা,১৫০২৯৫৩৫০১৪৭,মোঃ আবুল কাশেম,লুৎফুন্নাহার,"৮৮৩, বগাচতর, সীতাকুন্ড, চট্টগ্রাম",১,Female
১৮৬৮,তাসনূভা নওশিন বিনতে জাহেদ,১৫০২৯৫৩৫০১৪৮,মোহাম্মদ জাহেদ হোসেন,শাহীনূর বেগম,"৮৮৩, বগাচতর, সীতাকুন্ড, চট্টগ্রাম",১,Female
১৮৬৯,পূজা রানী দাশ,১৫০২৯৫৩৫০১৫০,অজর্ুন কুমার দাশ,বেবি রানী দাস,"০৭০৩, বেচারাম কবিরাজ বাড়ী, উত্তর বগাচতর, বগাচতর, সীতাকুন্ড, চট্টগ্রাম১০৪চূড়ান্ত ভোটার তালিকাজেলা:চট্টগ্রামউপজেলা:সীতাকুন্ডইউনিয়ন:সৈয়দপুরডাকঘর:কমর আলীভোটার এলাকার কোড: ০২৯৫ভোটার এলাকার নাম: উত্তর বগাচতর",১,Female
১৮৭০,তাসলিমা আকতার,১৫০২৯৫৩৫০১৫১,শাহজাহান,দিল আফরোজ,"মুনছুর কাজীর বাড়ী, উত্তর বগাচতর, বগাচতর, সীতাকুন্ড, চট্টগ্রাম",১,Female
১৮৭১,নাহিদা আক্তার,১৫০২৯৫৩৫০১৫২,দিদারুল আলম,কামরুজ জাহান,"মোক্রম আলী সারেং বাড়ী, উত্তর বগাচতর, বগাচতর, সীতাকুন্ড, চট্টগ্রাম",১,Female
১৮৭২,বিবি মরিয়ম,১৫০২৯৫৩৫০১৫৪,কবির আহাম্মদ,আলেয়া বেগম,"তোয়ান মীর বাড়ী, বগাচতর, সীতাকুন্ড, চট্টগ্রাম",১,Female
১৮৭৩,ইসরাত হাসান নিশি,১৫০২৯৫৩৫০১৫৫,এনামুল হক,সাবিনা ইয়াছমিন,"মানসফি ভুইয়া বাড়ী, বগাচতর, সীতাকুন্ড, চট্টগ্রাম",১,Female
১৮৭৪,সাবিনা ইয়াছমিন,১৫০২৯৫৩৫০১৫৬,আবদুল মন্নান,ছালিমা বেগম শেফালী,"আবদুল ভূইয়া বাড়ী, বগাচতর, সীতাকুন্ড, চট্টগ্রাম",১,Female
১৮৭৫,তািহা সুলতানা মুন্নিষা,১৫০২৯৫৩৫০১৫৭,নজরুল ইসলাম,শাম্মী আক্তার,"রাজি লয়া চৌধুরী বাড়ী, বগাচতর, সীতাকুন্ড, চট্টগ্রাম",১,Female
১৮৭৬,ছাদিয়া আফরিন,১৫০২৯৫৩৫০১৫৮,মৃত মোয়াজ্জেম হোসেন চৌধুরী,রাশেদা আক্তার,"৩৭৩/রাজা মিয়া চোধুরী বাড়ী, বগাচতর, সীতাকুন্ড, চট্টগ্রাম",১,Female
১৮৭৭,ফারজানা আক্তার সাথী,১৫০২৯৫৩৫০১৫৯,জাহাঙ্গীর,শিরিনা আক্তার,"০৯৬১/লাকু চৌকিদারের বাড়ি, উত্তর বগাচতর, বগাচতর, সীতাকুন্ড, চট্টগ্রাম",১,Female
১৮৭৮,শাকিলা আক্তার,১৫০২৯৫৩৫০১৬০,মোঃ আসলাম,শাহানা আক্তার,"লাতু চৌকিদার বাড়ী, উত্তর বগাচতর, বগাচতর, সীতাকুন্ড, চট্টগ্রাম",১,Female
১৮৭৯,সাবিনা ইয়াছমিন,১৫০২৯৫৩৫০১৬১,মোঃ নাছির উদ্দিন,বিবি আমেনা,"১১০২, তোয়ানী মীর বাড়ী, বগাচতর, সীতাকুন্ড, চট্টগ্রাম",১,Female
১৮৮০,নূছরাত জাহান,১৫০২৯৫৩৫০১৬২,মোঃ জসিম উদ্দিন,ফয়জুন নাহার,"১০৯৩/ তোয়ানী মীর বাড়ি, বগাচতর, সীতাকুন্ড, চট্টগ্রাম",১,Female
১৮৮১,সুরাইয়া নূছরাত,১৫০২৯৫৩৫০১৬৩,আব্দুল মোমেন,বিবি ছায়রা,"০৯৮৪, হাজী গোলাম নূর মাস্টারের বাড়ী, উত্তর বগাচতর, বগাচতর, সীতাকুন্ড, চট্টগ্রাম",১,Female
১৮৮২,সুমাইয়া নূসরাত,১৫০২৯৫৩৫০১৬৪,আব্দুল মোমেন,বিবি ছায়রা,"০৯৮৪, হাজী গোলাম নূর মাস্টার বাড়ী, উত্তর বগাচতর, বগাচতর, সীতাকুন্ড, চট্টগ্রাম",১,Female
১৮৮৩,নাজমা সুলতানা,১৫০২৯৫৩৫০১৬৫,মোঃ জাহাঙ্গীর আলম,মোছাঃ রেজিয়া বেগম,"০৬৬০, আব্দুল ভূঁইয়ার বাড়ি, উত্তর বগাচতর, বগাচতর, সীতাকুন্ড, চট্টগ্রাম",১,Female
১৮৮৪,নওরীন আক্তার,১৫০২৯৫৩৫০১৬৬,সফিউল আলম,পেয়েরা বেগম,"১০০২, উঃ বগাচতর, বগাচতর, সীতাকুন্ড, চট্টগ্রাম",১,Female
১৮৮৫,সাদিয়া আফরিন,১৫০২৯৫৩৫০১৬৭,মৃত মোঃ একরামুল হক,ছেনোয়ারা বেগম,"০৪৬২, গোলদার বাড়ী, উত্তর বগাচতর, বগাচতর, সীতাকুন্ড, চট্টগ্রাম",১,Female
১৮৮৬,সুমাইয়া আক্তার,১৫০২৯৫৩৫০১৬৮,মোঃ জাহাঙ্গীর আলম,জাহানারা বেগম,"০৫৪৭, জাকের হোসেনের বাড়ী, উত্তর বগাচতর, বগাচতর, সীতাকুন্ড, চট্টগ্রাম",১,Female
১৮৮৭,বিবি আছিয়া,১৫০২৯৫৩৫০১৬৯,আলাউদ্দিন,বিবি খতিজা,"আবদুল ভূইয়া বাড়ি, উত্তর বগাচতর, বগাচতর, সীতাকুন্ড, চট্টগ্রাম১০৫চূড়ান্ত ভোটার তালিকাজেলা:চট্টগ্রামউপজেলা:সীতাকুন্ডইউনিয়ন:সৈয়দপুরডাকঘর:কমর আলীভোটার এলাকার কোড: ০২৯৫ভোটার এলাকার নাম: উত্তর বগাচতর",১,Female
১৮৮৮,ছাইমুনা ইয়াছমিন লিজা,১৫০২৯৫৩৫০১৭০,ছায়েদ আহম্মদ,রহিমা বেগম,"আমান উল্যাাহ মুহুরীর বাড়ি, বগাচতর, সীতাকুন্ড, চট্টগ্রাম",১,Female
১৮৮৯,মোছাঃ কহিনূর আক্তার,১৫০২৯৫৩৫০১৭১,মোঃ আবদুর রহমান,মোসাৎ হাজেরা খাতুন,"আলী আহাম্মদ ডিপুটি বাড়ি, বাকখালী, সীতাকুন্ড, চট্টগ্রাম",১,Female
১৮৯০,দীপা রানী,১৫০২৯৫৩৫০১৭২,ননাই,লালমতি,"০০৮৩, কালী কৃষ্ণ দাসের বাড়ী, উত্তর বগাচতর, সীতাকুন্ড, চট্টগ্রাম",১,Female
১৮৯১,ফারিয়া আক্তার,১৫০২৯৫৩৫০১৭৩,মোহাম্মদ শহীদুল্যাাহ,শাহেদা আক্তার,"৭৬২, হুরমত খঁা ভূঁইয়া বাড়ী, উত্তর বগাচতর, বগাচতর, সীতাকুন্ড, চট্টগ্রাম",১,Female
১৮৯২,নারগিস সুলতানা,১৫০২৯৫৩৫০১৭৪,সফিউল আলম,আয়েশা খাতুন,"আব্দুর রউফ হাজী বাড়ি, বগাচতর, সীতাকুন্ড, চট্টগ্রাম",১,Female
১৮৯৩,আফরা মাহজাবিন মাহি,১৫০২৯৫৩৫০১৭৫,ইমাম হোসেন,আইরিন আরা,"মান সফি ভূঁইয়া বাড়ি, উত্তর বগাচতর, বগাচতর, সীতাকুন্ড, চট্টগ্রাম",১,Female
১৮৯৪,শাহজাদী আফরিন র্না,১৫০২৯৫৩৫০১৭৬,মৃত গোলাম হোসেন,সুরমা বেগম,"০৮০০, মান শফি ভূঁইয়া বাড়ী, উত্তর বগাচতর, বগাচতর, সীতাকুন্ড, চট্টগ্রাম",১,Female
১৮৯৫,জান্নাতুল ফেরদৌস সুজানা,১৫০২৯৫৩৫০১৯১,রফিকুল ইসলাম,বেবী আক্তার,"গদার বাড়ী, পঃ সৈয়দপুর, সৈয়দপুর, সীতাকুন্ড, চট্টগ্রাম",১,Female
১৮৯৬,ঝুনূ দাস,১৫০২৯৫৩৫০১৯৯,মৃত পরিমল দাস,শেফালী দাস,"বজেন্দ্র কবিরাজ বাড়ী, #০৬৭৩, উত্তর বগাচতর, বগাচতর, সীতাকুন্ড, চট্টগ্রাম",১,Female
১৮৯৭,ইসরাত জাহান রিয়া,১৫০২৯৫৩৫০২০০,মোহাম্মদ ইউসুফ,জাহেদা বেগম,"মুনছুর কাজির বাড়ী, উত্তর বগাচতর, বগাচতর, সীতাকুন্ড, চট্টগ্রাম",১,Female
১৮৯৮,বিবি আয়েশা,১৫০২৯৫৩৫০২০৪,মোহাম্মদ হানিফ,বিবি ফাতেমা,"১০৪১, হাজী গোলাম নূর মাস্টার বাড়ী, উত্তর বগাচতর, বগাচতর, সীতাকুন্ড, চট্টগ্রাম",১,Female
১৮৯৯,শিমলা দাস,১৫০২৯৫৩৫০২০৯,কৃষ্ণ চরন দাস,সামতারা রানী,"চুল্যাা বাপের বাড়ী, #০০৫৯, উত্তর বগাচতর, বগাচতর, সীতাকুন্ড, চট্টগ্রাম",১,Female
১৯০০,রুবি রানী,১৫০২৯৫৩৫০২১০,সাধন জল দাশ,বাতাসি রানি জল দাস,"চুল্যাা বাপের বাড়ি, উত্তর বগাচতর, বগাচতর, সীতাকুন্ড, চট্টগ্রাম",১,Female
১৯০১,তানজিনা ইয়াছমিন,১৫০২৯৫৩৫০২১১,জাহাঙ্গীর কবির,সুফিয়া বেগম,"তোফর আলী ভূঁইয়া বাড়ী, উত্তর বগাচতর, বগাচতর, সীতাকুন্ড, চট্টগ্রাম",১,Female
১৯০২,তাজিন আক্তার,১৫০২৯৫৩৫০২১২,মোঃ নূরের নবী,আমেনা বেগম,"তোফর আলী ভূঁইয়া বাড়ী, উত্তর বগাচতর, বগাচতর, সীতাকুন্ড, চট্টগ্রাম",১,Female
১৯০৩,লায়লা আক্তার,১৫০২৯৫৩৫০২১৩,মোঃ নাছির উদ্দিন,আবেদা খাতুন,"গোলদার বাড়ী, #৪৮১, উত্তর বগাচতর, বগাচতর, সীতাকুন্ড, চট্টগ্রাম",১,Female
১৯০৪,নাদিয়া সুলতানা,১৫০২৯৫৩৫০২১৫,মোঃ জেবল হোসেন,পারভীন আক্তার,"ছদিক মৌলভী বাড়ী, #০৯৫৯, উত্তর বগাচতর, বগাচতর, সীতাকুন্ড, চট্টগ্রাম",১,Female
১৯০৫,ফাহিমা আক্তার,১৫০২৯৫৩৫০২১৬,মোহাম্মদ জাকারিয়া,শিরিনা আক্তার,"আব্দুর রউফ হাজী বাড়ী, উত্তর বগাচতর, বগাচতর, সীতাকুন্ড, চট্টগ্রাম১০৬চূড়ান্ত ভোটার তালিকাজেলা:চট্টগ্রামউপজেলা:সীতাকুন্ডইউনিয়ন:সৈয়দপুরডাকঘর:কমর আলীভোটার এলাকার কোড: ০২৯৫ভোটার এলাকার নাম: উত্তর বগাচতর",১,Female
১৯০৬,মোছাৎ তানজিনা ইবনাত জিতু,১৫০২৯৫৩৫০২১৭,নূরের নবী,ঝরনা আক্তার,"জমাদার বাড়ী, #০৩৪৭, উত্তর বগাচতর, বগাচতর, সীতাকুন্ড, চট্টগ্রাম",১,Female
১৯০৭,তাসপিয়া জাহান,১৫০২৯৫৩৫০২১৮,মোঃ সেলিম উদ্দীন,হোসনে আরা বেগম,"মুছা হাজী বাড়ী, উত্তর বগাচতর, বগাচতর, সীতাকুন্ড, চট্টগ্রাম",১,Female
১৯০৮,তামান্না আকতার,১৫০২৯৫৩৫০২১৯,মোঃ ফয়েজ আহমদ,মৃত আছমা বেগম,"০৪৭৯, শাহ আলম মাস্টার বাড়ী, উত্তর বগাচতর, বগাচতর, সীতাকুন্ড, চট্টগ্রাম",১,Female
১৯০৯,লীমা রানী,১৫০২৯৫৩৫০২২০,বিধান চন্দ্র,রুপনা,"জলদাস বাড়ী, উত্তর বগাচতর, বগাচতর, সীতাকুন্ড, চট্টগ্রাম",১,Female
১৯১০,জাকিয়া সুলতানা,১৫০২৯৫৩৫০২২১,মোঃ জাফর উল্যাহ,শাহানা বেগম,"মৌতালী ব্যাপারী বাড়ী, উত্তর বগাচতর, বগাচতর, সীতাকুন্ড, চট্টগ্রাম",১,Female
১৯১১,তাপসী দাশ,১৫০২৯৫৩৫০২২২,বিভুতি দাশ,পাতলী দাশ,"চুল্যাা বাপের বাড়ী, #০০৭০, উত্তর বগাচতর, বগাচতর, সীতাকুন্ড, চট্টগ্রাম",১,Female
১৯১২,পবলী দাস,১৫০২৯৫৩৫০২২৩,জগদাস জলদাস,হরী দাশী,"অনন্ত কুমার জলদাসের বাড়ী, #০২০৫, উত্তর বগাচতর, বগাচতর, সীতাকুন্ড, চট্টগ্রাম",১,Female
১৯১৩,জান্নাতুল নাঈমা,১৫০২৯৫৩৫০২২৪,মোঃ ইিস,কুলছুমা খাতুন,"মৌলভী হোসেনেরজ্জামানের বাড়ী, উত্তর বগাচতর, বগাচতর, সীতাকুন্ড, চট্টগ্রাম",১,Female
১৯১৪,মোছা বিবি ফাতেমা,১৫০২৯৫৩৫০২২৫,মোঃ আব্দুল আজিজ,মোছাঃ গোলছান বেগম,"০১৩৫, হোরা কাজী বাড়ী, উত্তর বগাচতর, বগাচতর, সীতাকুন্ড, চট্টগ্রাম",১,Female
১৯১৫,মারিয়ামা মিসফালাহ,১৫০২৯৫৩৫০২২৬,মোঃ আজিজুল হক,লুৎফুন নাহার লুৎফা,"মান সফি ভূঁঞা বাড়ী, উত্তর বগাচতর, বগাচতর, সীতাকুন্ড, চট্টগ্রাম",১,Female
১৯১৬,ফাতিমা তুজ জোহরা,১৫০২৯৫৩৫০২২৭,মোঃ আজিজুল হক,লুৎফুন নাহার লুৎফা,"মান সফি ভূঁঞা বাড়ী, উত্তর বগাচতর, বগাচতর, সীতাকুন্ড, চট্টগ্রাম",১,Female
১৯১৭,আখি আক্তার,১৫০২৯৫৩৫০২২৯,শাহ আলম,মোছাম্মৎ শাহানা,"০৪৩৭, লাল মোহন গোস্তা বাড়ী, উত্তর বগাচতর, সীতাকুন্ড, চট্টগ্রাম",১,Female
১৯১৮,নিলুফা ইয়াছমিন,১৫০২৯৫৩৫০২৩০,মোঃ মোস্তফা মোল্যাা,রাহেলা বেগম,"গোলদার বাড়ী, উত্তর বগাচতর, বগাচতর, সীতাকুন্ড, চট্টগ্রাম",১,Female
১৯১৯,শাহানারা আকতার ববি,১৫০২৯৫৩৫০২৩১,মৃত মোঃ রফিক,মৃত রোকেয়া বেগম,"হোরা কাজী বাড়ী, উত্তর বগাচতর, বগাচতর, সীতাকুন্ড, চট্টগ্রাম",১,Female
১৯২০,ফারহানা ইয়াছমিন,১৫০২৯৫৩৫০২৩২,জাহের ইসলাম,হোসনে আরা বেগম,"৫১৮, কালা মিয়া মাঝি বাড়ি, উত্তর বগাচতর, বগাচতর, সীতাকুন্ড, চট্টগ্রাম",১,Female
১৯২১,মোছাঃ তানজিনা আক্তার,১৫০২৯৫৩৫০২৩৩,মোঃ হক সাব,শাহানা আক্তার,"৫০৪, হুরা কাজী বাড়ী, উত্তর বগাচতর, বগাচতর, সীতাকুন্ড, চট্টগ্রাম",১,Female
১৯২২,বালিকা দাস,১৫০২৯৫৩৫০২৩৪,বাবুল দাস,বি,"মনলালের বাড়ী, উত্তর বগাচতর, বগাচতর, সীতাকুন্ড, চট্টগ্রাম",১,Female
১৯২৩,বিপুল রানী,১৫০২৯৫৩৫০২৩৫,দুঃখী রাম,রানী বালা,"অনন্ত কুমার জলদাস বাড়ী, উত্তর বগাচতর, বগাচতর, সীতাকুন্ড, চট্টগ্রাম১০৭চূড়ান্ত ভোটার তালিকাজেলা:চট্টগ্রামউপজেলা:সীতাকুন্ডইউনিয়ন:সৈয়দপুরডাকঘর:কমর আলীভোটার এলাকার কোড: ০২৯৫ভোটার এলাকার নাম: উত্তর বগাচতর",১,Female
১৯২৪,ছাবিহা সুলতানা,১৫০২৯৫৩৫০২৩৬,সিরাজউদদৌলা,বিবি খাদিজা,"মোক্রম আলী সারেং বাড়ি, উত্তর বগাচতর, বগাচতর, সীতাকুন্ড, চট্টগ্রাম",১,Female
১৯২৫,ঝর্না আক্তার,১৫০২৯৫৩৫০২৩৭,মোঃ জয়নাল আবেদিন,হাছিনা বেগম,"৫১৯, কালা মিয়া মাঝি বাড়ী, উত্তর বগাচতর, বগাচতর, সীতাকুন্ড, চট্টগ্রাম",১,Female
১৯২৬,তাহমিনা আক্তার,১৫০২৯৫৩৫০২৩৮,মাবুল হক,মনোয়ারা বেগম,"কাদের মোল্যাা বাড়ী, উত্তর বগাচতর, বগাচতর, সীতাকুন্ড, চট্টগ্রাম",১,Female
১৯২৭,সাবরিন সুলতানা তামান্না,১৫০২৯৫৩৫০২৩৯,মোঃ দাউদউল ইসলাম,সেলিনা সুলতানা,"ছদিক মৌলভী, বাঘা ছাত্তার, সীতাকুন্ড, চট্টগ্রাম",১,Female
১৯২৮,ফারহানা আক্তার,১৫০২৯৫৩৫০২৪০,জাহাঙ্গীর আলম,মৃত কাউছার পারভীন,"০৪১৮, উত্তর বগাচতর, সীতাকুন্ড, চট্টগ্রাম",১,Female
১৯২৯,ইসরাত জাহান মিতু,১৫০২৯৫৩৫০২৪১,মোঃ আলমগীর,লায়লা বেগম,"আব্দুল মজিদ বাড়ী, #০৩৭৫, উত্তর বগাচতর, বগাচতর, সীতাকুন্ড, চট্টগ্রাম",১,Female
১৯৩০,সুমি আক্তার,১৫০২৯৫৩৫০২৪২,মোঃ মহিউদ্দিন,আলেয়া বেগম,"তোয়ানী মীর বাড়ী, #১১০৪, উত্তর বগাচতর, বগাচতর, সীতাকুন্ড, চট্টগ্রাম",১,Female
১৯৩১,মোছাঃ রিয়া আক্তার,১৫০২৯৫৩৫০২৪৩,মোঃ রবিউল হোসেন,ছেমনা আক্তার,"রাজা মিয়া চৌধুরী বাড়ী, উত্তর বগাচতর, বগাচতর, সীতাকুন্ড, চট্টগ্রাম",১,Female
১৯৩২,সেলিনা আক্তার,১৫০২৯৫৩৫০২৪৪,নূরুদ্দিন,শিরিনা আক্তার,"লাতু চৌকিদার বাড়ী, ৮৪৩, উত্তর বগাচতর, বগাচতর, সীতাকুন্ড, চট্টগ্রাম",১,Female
১৯৩৩,শারমিনা আক্তার,১৫০২৯৫৩৫০২৪৫,মোঃ নূর উদ্দিন,রুজিনা আক্তার,"জমাদার বাড়ী, উত্তর বগাচতর, বগাচতর, সীতাকুন্ড, চট্টগ্রাম",১,Female
১৯৩৪,উম্মে মারুফা,১৫০২৯৫৩৫০২৫৭,আবু জাফর,রাশেদা আক্তার,"মুছা কাজি বাড়ি, বগাচতর, সীতাকুন্ড, চট্টগ্রাম",১,Female
১৯৩৫,উম্মে মারিয়া,১৫০২৯৫৩৫০২৫৮,আবু জাফর,রাশেদা আক্তার,"মুছা কাজি বাড়ি, বগাচতর, সীতাকুন্ড, চট্টগ্রাম",১,Female
১৯৩৬,মাইশা তাসনিম মিতুয়া,১৫০২৯৫৩৫০২৫৯,মোঃ মনজুর আলম,তাসলিমা বেগম,"মৌতালী বেপারী বড়ী, #০৬০০, উত্তর বগাচতর, বগাচতর, সীতাকুন্ড, চট্টগ্রাম",১,Female
১৯৩৭,শ্রীাবন্তী দাস,১৫০২৯৫৩৫০২৬০,গোবিন্দা দাস,ডলি দাস,"চুল্যাা বাপের বাড়ী, উত্তর বগাচতর, বগাচতর, সীতাকুন্ড, চট্টগ্রাম",১,Female
১৯৩৮,পলি দাস,১৫০২৯৫৩৫০২৬১,প্রিয় নাথ,ধনপতি,"অনন্ত কুমার জলদাস বাড়ী, উত্তর বগাচতর, বগাচতর, সীতাকুন্ড, চট্টগ্রাম",১,Female
১৯৩৯,নূরী নূসরাত নাজিফা,১৫০২৯৫৩৫০২৬২,মোঃ নজরুল ইসলাম,রাশেদা আক্তার,"নূর হোসেন মিস্ত্রী বাড়ী, উত্তর বগাচতর, সীতাকুন্ড, চট্টগ্রাম",১,Female
১৯৪০,রুবিনা আক্তার,১৫০২৯৫৩৫০২৬৭,মোহাম্মদ আলমগীর,রোশন আরা,"জমাদার বাড়ী, #০৩৫২, উত্তর বগাচতর, বগাচতর, সীতাকুন্ড, চট্টগ্রাম",১,Female
১৯৪১,তপুরা আক্তার,১৫০২৯৫৩৫০২৭০,মোঃ মামুন,ফখরের জাহান,"লাল মোহোন গোমস্তা বাড়ী, উত্তর বগাচতর, বগাচতর, সীতাকুন্ড, চট্টগ্রাম১০৮চূড়ান্ত ভোটার তালিকাজেলা:চট্টগ্রামউপজেলা:সীতাকুন্ডইউনিয়ন:সৈয়দপুরডাকঘর:কমর আলীভোটার এলাকার কোড: ০২৯৫ভোটার এলাকার নাম: উত্তর বগাচতর",১,Female
১৯৪২,সুমাইয়া জান্নাত,১৫০২৯৫৩৫০২৭১,জয়নাল আবেদীন,নূরের নাহার বেগম,"খোরশেদ মাস্টার বাড়ী, উত্তর বগাচতর, সীতাকুন্ড, চট্টগ্রাম",১,Female
১৯৪৩,ছামিয়া সোলতানা তন্নি,১৫০২৯৫৩৫০২৭৩,মোঃ নাছির উদ্দিন,রাহেলা আক্তার,"বাহাদুল্যাহ দজর্ি বাড়ী, উত্তর বগাচতর, বগাচতর, সীতাকুন্ড, চট্টগ্রাম",১,Female
১৯৪৪,কাজী মাছুমা আক্তার,১৫০২৯৫৩৫০২৭৪,কাজী রেজাউল করিম,আমেনা আক্তার,"রফিকুজ্জমান মাস্টার বাড়ী, উত্তর বগাচতর, বগাচতর, সীতাকুন্ড, চট্টগ্রাম",১,Female
১৯৪৫,ফারজানা আক্তার,১৫০২৯৫৩৫০২৮৪,নেজাম উদ্দীন,মৃত হাছিনা আক্তার,"খোরশেদ আলম মাস্টারের বাড়ী, উত্তর বগাচতর, বাঘা ছাত্তার, সীতাকুন্ড, চট্টগ্রাম",১,Female
১৯৪৬,নূসরাত সুলতানা কলি,১৫০২৯৫৩৫০২৯৪,আমিরের জামান,নূর বানূ,"০৩৭৯ লাতু চৌকিদারের বাড়ি, উঃ বগাচতর, বগাচতর, সীতাকুন্ড, চট্টগ্রাম",১,Female
১৯৪৭,পারুল আক্তার,১৫০২৯৫৩৫০১৩১,মোঃ আলী আজম,ফাতেমা খাতুন,"০৭৪৭, উত্তর বগাচতর, সীতাকুন্ড, চট্টগ্রাম",১,Female
১৯৪৮,ফারহানা ইয়াছমিন,১৫০২৯৫৩৫০২৮৫,আবুল কালাম নিজামী,জমিলা খাতুন,"আব্দুর জার মিস্ত্রী বাড়ী, উত্তর বগাচতর, বগাচতর, সীতাকুন্ড, চট্টগ্রাম",১,Female
১৯৪৯,আরজু আক্তার,১৫০২৯৫৩৫০২৮৬,কেনূ মিয়া,শাহাজান বেগম,"আবদুল ভূঁইয়া বাড়ী, উত্তর বগাচতর, বগাচতর, সীতাকুন্ড, চট্টগ্রাম",১,Female
১৯৫০,হালিমা আকতার,১৫০২৯৫৩৫০২৮৮,মোঃ এনামুল হক,জয়নাব বেগম,"আব্দুর জার মিস্ত্রী বাড়ী, উত্তর বগাচতর, বগাচতর, সীতাকুন্ড, চট্টগ্রাম",১,Female
১৯৫১,মিসকাতুল জান্নাত,১৫০২৯৫৩৫০২৮৯,মোঃ গিয়াস উদ্দীন,বিবি জুলেখা,"আব্দুর জার মিস্ত্রী বাড়ী, উত্তর বগাচতর, বগাচতর, সীতাকুন্ড, চট্টগ্রাম",১,Female
১৯৫২,জয়নাব বেগম,১৫০২৯৫৩৫০২৯১,আবু বর সিদ্দিক,শাহাজান বেগম,"আবদুল জার মিস্ত্রীর বাড়ী, উত্তর বগাচতর, বগাচতর, সীতাকুন্ড, চট্টগ্রাম",১,Female
১৯৫৩,সাফিয়া আক্তার,১৫০২৯৫৩৫০২৯২,মোঃ সিরাজ উদ্দিন,সাহানা আক্তার,"বাহার মাঝি বাড়ী, উত্তর বগাচতর, বগাচতর, সীতাকুন্ড, চট্টগ্রাম",১,Female
১৯৫৪,শাহানাজ বেগম,১৫০২৯৫৩৫০২৯৮,আব্দুল সামাদ,রোজিয়া বেগম,"আব্দুল ভূঁইয়া বাড়ী, উত্তর বগাচতর, বগাচতর, সীতাকুন্ড, চট্টগ্রাম",১,Female
১৯৫৫,রাশেদা আক্তার,১৫০২৯৫৩৫০৩০২,মোঃ মনসুর আলম,শামসুন নাহার,"নূর হোসেন মিস্ত্রী বাড়ী, উত্তর বগাচতর, বগাচতর, সীতাকুন্ড, চট্টগ্রাম",১,Female
১৯৫৬,আছমা বেগম,১৫০২৯৫৩৫০৩০৩,মোে আলী,শামসুন্নেহার,"আাছ মিয়ার বাড়ী, উত্তর বগাচতর, বগাচতর, সীতাকুন্ড, চট্টগ্রাম",১,Female
১৯৫৭,জাহানারা বেগম,১৫০২৯৫৩৫০৩১০,বাদশা মিয়া,মাজেদা খাতুন,"মোতালেব ব্যাপারী বাড়ী, বগাচতর, সীতাকুন্ড, চট্টগ্রাম",১,Female
১৯৫৮,প্রশান্ত দাস,১৫০২৯৫০০১৪৩০,মন লাল,সবিতা রানী জলদাস,"০০৫২, মনলালের বাড়ী, উত্তর বগাচতর, বগাচতর, সীতাকুন্ড, চট্টগ্রাম",১,Female
১৯৫৯,রুবাইয়াত জাহান নূর রি,১৫০২৯৫০০১৪৩১,মোঃ শাহাদাত হোসেন,রোজিনা আক্তার াপি,"গাফফারী চেয়ারম্যান বাড়ী, #০২৪৩, উত্তর বগাচতর, বগাচতর, সীতাকুন্ড, চট্টগ্রাম১০৯চূড়ান্ত ভোটার তালিকাজেলা:চট্টগ্রামউপজেলা:সীতাকুন্ডইউনিয়ন:সৈয়দপুরডাকঘর:কমর আলীভোটার এলাকার কোড: ০২৯৫ভোটার এলাকার নাম: উত্তর বগাচতর",১,Female
১৯৬০,বিবি আয়েশা,১৫০২৯৫০০১৪৩৯,বেলায়েত হোসাইন,মেরিনা আক্তার,"আমান উল্যাাহ, বগাচতর, সীতাকুন্ড, চট্টগ্রাম",১,Female
১৯৬১,মোছাম্মৎ তানজিনা আক্তার মিঝি,১৫০২৯৫০০১৪৪১,মোঃ সোহেল উদ্দীন মিঝি,তাছলিমা আক্তার,"সৌরভ কাজী বাড়ী, উত্তর বগাচতর, বগাচতর, সীতাকুন্ড, চট্টগ্রাম",১,Female
১৯৬২,তাজরিনা আল মুনতাহা লামিষা,১৫০২৯৫০০১৪৪২,মোঃ মুসলিম উদ্দীন,নাছিমা আক্তার,"আবদুল ভূঞা বাড়ী, বগাচতর, সীতাকুন্ড, চট্টগ্রাম",১,Female
১৯৬৩,ইসরাত জাহান মারিয়া,১৫০২৯৫০০১৪৪৩,সাইদুল হক,মোরশেদা আকতার চৌধুরী,"৮১০/বাহাদুল্যাাহ দজর্ি বাড়ী, বগাচতর, সীতাকুন্ড, চট্টগ্রাম",১,Female
১৯৬৪,রিপা দাশ,১৫০২৯৫০০১৪৪৭,ভু দাশ,মমতা রানী দাশ,"অনন্ত কুমার জলদাসের বাড়ী, উত্তর বগাচতর, বগাচতর, সীতাকুন্ড, চট্টগ্রাম",১,Female
১৯৬৫,আনিকা তাবাুম,১৫০২৯৫০০১৪৫১,জসিম উদ্দীন,ফেরদৌস বেগম,"আব্দুল ভূঁইয়া বাড়ী, উত্তর বগাচতর, বগাচতর, সীতাকুন্ড, চট্টগ্রাম",১,Female
১৯৬৬,ছালমা আক্তার,১৫০২৯৫০০১৪৫৫,জেবল হক,রহিমা বেগম,"০০২৫, নূর আহাম্মদ সওদাগরের বাড়ী, উত্তর বগাচতর, বগাচতর, সীতাকুন্ড, চট্টগ্রাম",১,Female
১৯৬৭,কাশপিয়া আকতার তিশা,১৫০২৯৫০০১৪৫৬,মোঃ কিবরিয়া,শামীমা আকতার রুপা,"০৭৫৩, হুরমত খঁা ভূঁইয়া বাড়ী, উত্তর বগাচতর, বগাচতর, সীতাকুন্ড, চট্টগ্রাম",১,Female
১৯৬৮,পরমা জলদাশ,১৫০২৯৫০০১৪৫৮,লী পদ দাশ,আরতী বালা দাশ,"০২১১, জলদাশ বাড়ী, উত্তর বগাচতর, বগাচতর, সীতাকুন্ড, চট্টগ্রাম",১,Female
১৯৬৯,ফাহমিদা তাবাুম,১৫০২৯৫০০১৪৫৯,মোঃ আরিফুর রহমান,আইনূন নাহার,"রফিকুজ্জামান মাস্টার বাড়ী, বগাচতর, সীতাকুন্ড, চট্টগ্রাম",১,Female
১৯৭০,সায়মা তাসনিম মাঈশা,১৫০২৯৫০০১৪৬০,মোঃ মহিউদ্দীন,মোছাম্মৎ জান্নাতুন নাঈম,"০৯৩৮, নূরুল হক হাজীর বাড়ী, উঃ বগাচতর, বগাচতর, সীতাকুন্ড, চট্টগ্রাম",১,Female
১৯৭১,ইসরাত জাহান,১৫০২৯৫৩৫০২৭৬,হেলাল উদ্দিন,নাজমা আক্তার,"আব্দুল ভূঁইয়া বাড়ী, উত্তর বগাচতর, বাঘা ছাত্তার, সীতাকুন্ড, চট্টগ্রাম",১,Female
১৯৭২,জোবায়দা খানম,১৫০২৯৫৩৫০৩০৮,এ. কে. এম. আবুল কাশেম,রোসনারা বেগম,"মধ্যম বগা ছতর, মধ্যম বগা ছতর, সাইদপুর, সীতাকুন্ড, চট্টগ্রাম",১,Female
১৯৭৩,রোকসানা আক্তার,১৫০২৯৫৩৫০৩১১,আবুল খায়ের,ফিরোজা বেগম,"আব্দুল আলি মুির বাড়ী, বগাচতর, সীতাকুন্ড, চট্টগ্রাম",১,Female
১৯৭৪,ইফফাত মোকাররমা তামান্না,১৫০২৯৫৩৫০৩১৪,জাকারিয়া খালেদ,নাজমা আক্তার,"সাম মাঝি বাড়ী, উত্তর বগাচতর, সীতাকুন্ড, চট্টগ্রাম",১,Female
১৯৭৫,তাজবিন নাহার মেহেনাজ,১৫০২৯৫০০১৩৮৬,মোহাম্মদ মোশাররফ হোসেন,রোকসানা খানম,"০৬৭১, উত্তর বগাচতর, বগাচতর, সীতাকুন্ড, চট্টগ্রাম১১০রেজিেশন অফিসার",১,Female
০০০১,মোঃ নিজাম উদ্দীন,১৫০২৯৫০১৮৩৯২,নূরুল ইসলাম,নূর জাহান বেগম,"ডক বাংলা রোড, সীতাকুন্ড, চট্টগ্রাম",১,Male
০০০২,মীর সাইফুদ্দীন নিজামী,১৫০২৯৫১০০০০৫,নিজামুল হক,শিরিনা আক্তার,"হাবিব উল্যাাহ মীর বাড়ী, উত্তর বগাচতর, বগাচতর, সীতাকুন্ড, চট্টগ্রাম",১,Male
০০০৩,মাহমুদুল হক,১৫০২৯৫১০০০০৭,রৌসনূজ্জামা,ছায়েদা খাতুন,"হাবিবউল্যাাহ মীর বাড়ী, উত্তর বগাচতর, বগাচতর, সীতাকুন্ড, চট্টগ্রাম",১,Male
০০০৪,মোঃ আলমগীর হোসেন,১৫০২৯৫১০০০২৩,ফয়েজ আহম্মদ,নূরজাহান বেগম,"হাবিবউল্যাাহ মীর বাড়ী, উত্তর বগাচতর, বগাচতর, সীতাকুন্ড, চট্টগ্রাম",১,Male
০০০৫,মোঃ জানে আলম,১৫০২৯৫১০০০২৫,রৌসনূজ্জামা,সাফিয়া বেগম,"হাবিব উল্যাাহ মীর বাড়ী, উত্তর বগাচতর, বগাচতর, সীতাকুন্ড, চট্টগ্রাম",১,Male
০০০৬,মোঃ মহিউদ্দিন,১৫০২৯৫১০০০২৬,মজিবুল হক,রশিদা খাতুন,"হাবিব উল্যাাহ মীর বাড়ী, উত্তর বগাচতর, বগাচতর, সীতাকুন্ড, চট্টগ্রাম",১,Male
০০০৭,মোঃ জাকারিয়া,১৫০২৯৫১০০০৩৩,সিরাজুল হক,মাবিয়া খাতুন,"হাবিবউল্যাাহ মীর বাড়ী, উত্তর বগাচতর, বগাচতর, সীতাকুন্ড, চট্টগ্রাম",১,Male
০০০৮,জাহাঙ্গীর কবির,১৫০২৯৫১০০০৩৮,আনোয়ারুল করিম,জাহানারা বেগম,"হাজী গোলাম নূর মাস্টার বাড়ী, উত্তর বগাচতর, বগাচতর, সীতাকুন্ড, চট্টগ্রাম",১,Male
০০০৯,মোঃ ইউছুপ,১৫০২৯৫১০০০৪৪,আমিনূজ্জামান,জয়নাব বিবি,"হাজী গোলাম নূর মাস্টার বাড়ী, উত্তর বগাচতর, বগাচতর, সীতাকুন্ড, চট্টগ্রাম",১,Male
০০১০,আমিনূজ্জামান,১৫০২৯৫১০০০৪৫,আবুল মালেক,মন্দান বিয়া,"হাজী গোলাম নূর মাস্টার বাড়ী, উত্তর বগাচতর, বগাচতর, সীতাকুন্ড, চট্টগ্রাম০০১১. মাইগ্রেট হয়েছে",১,Male
০০১২,মোহাম্মদ নঈম উদ্দিন,১৫০২৯৫১০০০৫১,মোহাম্মদ আবুল কালাম,রহিমা আক্তার,"কাজী গোলাম নূর মাস্টার বাড়ী, উত্তর বগাচতর, বগাচতর, সীতাকুন্ড, চট্টগ্রাম",১,Male
০০১৩,আব্দুল অদুদ,১৫০২৯৫১০০০৫৩,হাজী আক্তারুজ্জামান,আবেদা খাতুন,"হাজী গোলাম নূর মাস্টার বাড়ী, উত্তর বগাচতর, বগাচতর, সীতাকুন্ড, চট্টগ্রাম",১,Male
০০১৪,আব্দুল আউয়াল,১৫০২৯৫১০০০৫৮,মরহুম হাফেজ ইসমাইল,হোসনে আরা বেগম,"হাজী গোলাম নূর মাস্টার বাড়ী, উত্তর বগাচতর, বগাচতর, সীতাকুন্ড, চট্টগ্রাম",১,Male
০০১৫,আব্দুল মোমেন,১৫০২৯৫১০০০৬৯,হাফেজ মোঃ ইসমাঈল,হোসনে আরা বেগম,"হাজী গোলাম নূর মাস্টার বাড়ী, উত্তর বগাচতর, বগাচতর, সীতাকুন্ড, চট্টগ্রাম১চূড়ান্ত ভোটার তালিকাজেলা:চট্টগ্রামউপজেলা:সীতাকুন্ডইউনিয়ন:সৈয়দপুরডাকঘর:সীতাকুন্ডভোটার এলাকার কোড: ০২৯৫ভোটার এলাকার নাম: উত্তর বগাচতর",১,Male
০০১৬,মফিজুল হক,১৫০২৯৫১০০০৭৮,মরহুম ফকির আহম্মদ,আছবা খাতুন,"উজির আলী ফকির বাড়ী, উত্তর বগাচতর, বগাচতর, সীতাকুন্ড, চট্টগ্রাম",১,Male
০০১৭,মোঃ ওমর ফারুক,১৫০২৯৫১০০০৮৭,মোঃ আব্দুল হাদী,সুফিয়া বেগম,"হাজী গোলাম নূর মাস্টার বাড়ী, উত্তর বগাচতর, বগাচতর, সীতাকুন্ড, চট্টগ্রাম",১,Male
০০১৮,নূরুল আলম,১৫০২৯৫১০০১০২,ফাজিল আহম্মদ,রাবেয়া খাতুন,"সাম মাঝি বাড়ী, উত্তর বগাচতর, বগাচতর, সীতাকুন্ড, চট্টগ্রাম",১,Male
০০১৯,নূরের ছাপা,১৫০২৯৫১০০১০৪,জয়নাল আবেদীন,নূরুন নাহার,"সাম মাঝি বাড়ী, উত্তর বগাচতর, বগাচতর, সীতাকুন্ড, চট্টগ্রাম",১,Male
০০২০,মহিউদ্দিন,১৫০২৯৫১০০১১৩,আমান উল্যাাহ,আয়েশা খাতুন,"সাম মাঝি বাড়ী, উত্তর বগাচতর, বগাচতর, সীতাকুন্ড, চট্টগ্রাম",১,Male
০০২১,মোঃ বেলাল হোসেন,১৫০২৯৫১০০১১৬,আব্দুল মোতালেব,বিবি কুলছুমা,"শাহ আলম মাস্টার বাড়ী, উত্তর বগাচতর, বগাচতর, সীতাকুন্ড, চট্টগ্রাম",১,Male
০০২২,মোঃ আমজাদ হোসেন,১৫০২৯৫১০০১১৯,মোঃ নূরুল ইসলাম,রাশেদা আক্তার,"দেলোয়ার মিস্ত্রী বাড়ী, উত্তর বগাচতর, বগাচতর, সীতাকুন্ড, চট্টগ্রাম",১,Male
০০২৩,শাহাদাত হোসেন,১৫০২৯৫১০০১২১,আলী আকবর,জোসনা বেগম,"সামমাঝি বাড়ী, উত্তর বগাচতর, বগাচতর, সীতাকুন্ড, চট্টগ্রাম",১,Male
০০২৪,আকবর হোসেন,১৫০২৯৫১০০১২২,দেলোয়ার হোসেন,বেবি আক্তার,"দোলোয়ার মিস্ত্রি বাড়ী, উত্তর বগাচতর, বগাচতর, সীতাকুন্ড, চট্টগ্রাম",১,Male
০০২৫,নাছির উদ্দিন,১৫০২৯৫১০০১২৩,সালামত উল্যা্যাহ,ছৈয়দা খাতুন,"সাম মাঝি বাড়ী, উত্তর বগাচতর, বগাচতর, সীতাকুন্ড, চট্টগ্রাম",১,Male
০০২৬,আশরাফ উদ্দিন,১৫০২৯৫১০০১২৪,নূরুন নবী,মনোয়ারা,"সাম মাঝি বাড়ী, উত্তর বগাচতর, বগাচতর, সীতাকুন্ড, চট্টগ্রাম",১,Male
০০২৭,ওসমান গণি,১৫০২৯৫১০০১২৭,আমির ব,মনিরুন্নেছা,"গোলাম নূর মাস্টার বাড়ী, উত্তর বগাচতর, বগাচতর, সীতাকুন্ড, চট্টগ্রাম",১,Male
০০২৮,মোঃ নূরন্নবী,১৫০২৯৫১০০১৩০,ফাজিল আহম্মদ,রাবেয়া খাতুন,"সাম মাঝির বাড়ী, উত্তর বগাচতর, বগাচতর, সীতাকুন্ড, চট্টগ্রাম",১,Male
০০২৯,মোঃ আরিফুল্যাা,১৫০২৯৫১০০১৩২,নূরুল আবছার,মনোয়ারা বেগম,"সাম মাঝির বাড়ী, উত্তর বগাচতর, বগাচতর, সীতাকুন্ড, চট্টগ্রাম",১,Male
০০৩০,মোঃ নূরন্নবী,১৫০২৯৫১০০১৩৪,বশির আহম্মদ,বদরুননেসা,"আমান উল্যাাহ মুহুরী বাড়ী, উত্তর বগাচতর, বগাচতর, সীতাকুন্ড, চট্টগ্রাম",১,Male
০০৩১,মোঃ হেলাল,১৫০২৯৫১০০১৪৩,নূরুল আলম,রিজিয়া বেগম,"আমান উল্যাাহ মুহরী বাড়ী, উত্তর বগাচতর, বগাচতর, সীতাকুন্ড, চট্টগ্রাম০০৩২. মাইগ্রেট হয়েছে",১,Male
০০৩৩,মোঃ আনোয়ার হোসেন,১৫০২৯৫১০০১৫৪,নূরুল আলম,হোসনে আরা বেগম,"সেকান্দার ভূঁইয়া বাড়ী, উত্তর বগাচতর, বগাচতর, সীতাকুন্ড, চট্টগ্রাম২চূড়ান্ত ভোটার তালিকাজেলা:চট্টগ্রামউপজেলা:সীতাকুন্ডইউনিয়ন:সৈয়দপুরডাকঘর:সীতাকুন্ডভোটার এলাকার কোড: ০২৯৫ভোটার এলাকার নাম: উত্তর বগাচতর",১,Male
০০৩৪,আব্দুর রহিম,১৫০২৯৫১০০১৫৫,নূরুল আলম,হোসনে আরা বেগম,"সেকান্দার ভূঁইয়া বাড়ী, উত্তর গাচতর, বগাচতর, সীতাকুন্ড, চট্টগ্রাম",১,Male
০০৩৫,আব্দুল বাকী,১৫০২৯৫১০০১৫৭,আব্দুল অদুদ,সলিমা বেগম,"হাজী গোলাম নূর মাস্টার বাড়ী, উত্তর বগাচতর, বগাচতর, সীতাকুন্ড, চট্টগ্রাম",১,Male
০০৩৬,দেলোয়ার হোসেন,১৫০২৯৫১০০১৬০,মোঃ মিয়া,মজমা খাতুন,"দেলোয়ার মিস্ত্রি বাড়ী, উত্তর বগাচতর, বগাচতর, সীতাকুন্ড, চট্টগ্রাম",১,Male
০০৩৭,মোঃ সাহাব উদ্দিন,১৫০২৯৫১০০১৬২,মরহুম হোসেনূজ্জামা,ফিরোজা বেগম,"হাজী গোলাম নূর মাস্টার বাড়ী, উত্তর বগাচতর, বগাচতর, সীতাকুন্ড, চট্টগ্রাম",১,Male
০০৩৮,মোঃ কামরুল হুদা,১৫০২৯৫১০০১৬৩,শামছুল হুদা,এস এম শেফালী হুদা,"সাম মাঝি বাড়ী, উত্তর বগাচতর, বগাচতর, সীতাকুন্ড, চট্টগ্রাম০০৩৯. মাইগ্রেট হয়েছে",১,Male
০০৪০,মোশারফ,১৫০২৯৫১০০১৬৫,আবুল কালাম,বেগম আক্তার,"হাবিবউল্যাাহ মীর বাড়ী, উত্তর বগাচতর, বগাচতর, সীতাকুন্ড, চট্টগ্রাম",১,Male
০০৪১,মোঃ ফরিদ,১৫০২৯৫১০০১৬৬,মোঃ ফয়েজ আহম্মদ,আনজুমান বেগম,"ফয়েজ আহম্মদের নতুন বাড়ী, উত্তর বগাচতর, বগাচতর, সীতাকুন্ড, চট্টগ্রাম",১,Male
০০৪২,আবু নূর,১৫০২৯৫১০০১৭২,বজলেছোয়ান,পান্জা খাতুন,"আমান উল্যাাহ মহুরী বাড়ী, উত্তর বগাচতর, বগাচতর, সীতাকুন্ড, চট্টগ্রাম০০৪৩. মাইগ্রেট হয়েছে",১,Male
০০৪৪,মুহাম্মদ আব্দুল্যা্যাহ আল মামুন,১৫০২৯৫১০০১৭৬,শাহ আলম,আছমা আরা বোগম,"শাহ আলম মাস্টার বাড়ি, উত্তর বগাচতর, বগাচতর, সীতাকুন্ড, চট্টগ্রাম",১,Male
০০৪৫,মোঃ জসিম,১৫০২৯৫১০০১৭৭,মাহফুজুর রহমান,জোসনা বেগম,"জামান উল্যাাহ মুহরী বাড়ী, উত্তর বগাচতর, বগাচতর, সীতাকুন্ড, চট্টগ্রাম",১,Male
০০৪৬,মোঃ আবল কালাম,১৫০২৯৫১০০১৭৯,আবুল কাসেম,ফরিদা খাতুন,"আমান উল্যাাহ মুহুরী বাড়ী, উত্তর বগাচতর, বগাচতর, সীতাকুন্ড, চট্টগ্রাম",১,Male
০০৪৭,মোঃ শাহ আলম,১৫০২৯৫১০০১৮০,মোঃ রৌশনের জামা,ছকিনা বেগম,"আমান উল্যাাহ মুহুরী বাড়ী, উত্তর বগাচতর, বগাচতর, সীতাকুন্ড, চট্টগ্রাম",১,Male
০০৪৮,মোঃ শামসুল হুদা,১৫০২৯৫১০০১৮৪,আবুল বশর,চেমন আরা,"আমান উল্যাাহ মুহুরী বাড়ী, উত্তর বগাচতর, বগাচতর, সীতাকুন্ড, চট্টগ্রাম",১,Male
০০৪৯,মোঃ রফিকুজ্জামান,১৫০২৯৫১০০১৮৫,হোসেনূজ্জামান,চেমন আরা,"আমান উল্যাাহ মহুরী বাড়ী, উ: বগাচতর, বগাচতর, সীতাকুন্ড, চট্টগ্রাম",১,Male
০০৫০,মোহাম্মদ ইউছুপ,১৫০২৯৫১০০১৮৭,মফিজুর রহমান,জোসনা বেগম,"আমান উল্যাাহ মুহুরী বাড়ী, উত্তর বগাচতর, বগাচতর, সীতাকুন্ড, চট্টগ্রাম",১,Male
০০৫১,মোঃ সাখাওয়াত হোসেন,১৫০২৯৫১০০১৮৮,মোঃ মোয়াজ্জেম হোসেন,জাহানারা বেগম,"রফিকুজ্জামান মাস্টার বাড়ী, উত্তর বগাচতর, বগাচতর, সীতাকুন্ড, চট্টগ্রাম৩চূড়ান্ত ভোটার তালিকাজেলা:চট্টগ্রামউপজেলা:সীতাকুন্ডইউনিয়ন:সৈয়দপুরডাকঘর:সীতাকুন্ডভোটার এলাকার কোড: ০২৯৫ভোটার এলাকার নাম: উত্তর বগাচতর",১,Male
০০৫২,মোঃ হোসেন,১৫০২৯৫১০০১৮৯,মোয়াজ্জেম হোসেন,জাহানারা বেগম,"রফিকুজ্জামান মাস্টার বাড়ী, উত্তর বগাচতর, বগাচতর, সীতাকুন্ড, চট্টগ্রাম",১,Male
০০৫৩,মোঃ মোশাররফ হোসেন,১৫০২৯৫১০০১৯০,মোয়াজ্জেম হোসেন,জাহানারা বেগম,"রফিকুজ্জামান মাস্টার বাড়ি, উত্তর বগাচতর, বগাচতর, সীতাকুন্ড, চট্টগ্রাম",১,Male
০০৫৪,মোঃ শাহাজাহান পারভেজ,১৫০২৯৫১০০১৯৫,মোঃ আলী খোকন,জোা বেগম,"রফিকুজ্জামান মাস্টার বাড়ী, উত্তর বগাচতর, বগাচতর, সীতাকুন্ড, চট্টগ্রাম",১,Male
০০৫৫,মোঃ আরিফুর রহমান,১৫০২৯৫১০০১৯৭,মোঃ আবুল কাসেম,খায়রুননেসা,"রফিকুজ্জামান মাস্টার বাড়ী, উত্তর বগাচতর, বগাচতর, সীতাকুন্ড, চট্টগ্রাম",১,Male
০০৫৬,মোহাম্মদ আবুল কাসেম,১৫০২৯৫১০০১৯৯,তোফায়েল আহম্মদ,ফাতেমা বেগম,"রফিকুজ্জামান মাস্টার বাড়ী, উত্তর বগাচতর, বগাচতর, সীতাকুন্ড, চট্টগ্রাম",১,Male
০০৫৭,মোঃ আলি খোকন,১৫০২৯৫১০০২০০,হাজি শামসুল হুদা,ছলিমা খাতুন,"রফিকুজ্জামান মাস্টার বাড়ী, উত্তর বগাচতর, বগাচতর, সীতাকুন্ড, চট্টগ্রাম",১,Male
০০৫৮,আবু তাহের,১৫০২৯৫১০০২০৬,সাইদুল হক,আবিয়া খাতুন,"রফিকুজ্জামান মাস্টার বাড়ী, উত্তর বগাচতর, বগাচতর, সীতাকুন্ড, চট্টগ্রাম",১,Male
০০৫৯,মোঃ মোশাররফ হোসেন,১৫০২৯৫১০০২১০,আলী আকবর,জোসেনা বেগম,"সাম মাঝি বাড়ী, উত্তর বগাচতর, বগাচতর, সীতাকুন্ড, চট্টগ্রাম",১,Male
০০৬০,মোঃ কামরুল ইসলাম,১৫০২৯৫১০০২১১,আবুল কালাম,নূরজাহান বেগম,"ফকির বাড়ী, উত্তর বগাচতর, বগাচতর, সীতাকুন্ড, চট্টগ্রাম",১,Male
০০৬১,মোঃ আলী,১৫০২৯৫১০০২১২,বদিউজ্জামান,রহিমা বেগম,"সাম মাঝি বাড়ী, উত্তর বগাচতর, বগাচতর, সীতাকুন্ড, চট্টগ্রাম",১,Male
০০৬২,মোঃ আক্তার হোসেন,১৫০২৯৫১০০২১৩,আলী আকবর,জোসনা বেগম,"সাম মাঝি বাড়ী, উত্তর বগাচতর, বগাচতর, সীতাকুন্ড, চট্টগ্রাম",১,Male
০০৬৩,মোঃ জহুরুল হক,১৫০২৯৫১০০২১৪,এলাহি ব,পী,"নূর আহম্মদ সারেং বাড়ী, উত্তর বগাচতর, বগাচতর, সীতাকুন্ড, চট্টগ্রাম",১,Male
০০৬৪,মোঃ রবিউল আলম,১৫০২৯৫১০০২১৫,আব্দুল্যাাহ,রু খাতুন,"নূর আহম্মদ সারাং বাড়ী, উত্তর বগাচতর, বগাচতর, সীতাকুন্ড, চট্টগ্রাম",১,Male
০০৬৫,মোহাম্মদ রবিউল হোসেন,১৫০২৯৫১০০২১৬,মোহাম্মদ আবদুল মোতালেব,বিবি কুলছুমা,"শাহ আলম মাস্টার বাড়ী, উত্তর বগাচতর, বগাচতর, সীতাকুন্ড, চট্টগ্রাম",১,Male
০০৬৬,মোঃ ইউছুপ,১৫০২৯৫১০০২১৭,ফকির আহম্মদ,ছেমনা খাতুন,"নূর আহম্মদ সারেং বাড়ী, উত্তর বগাচতর, বগাচতর, সীতাকুন্ড, চট্টগ্রাম",১,Male
০০৬৭,মোঃ হারুন উর রশিদ,১৫০২৯৫১০০২১৮,আবুল কালাম,বেগম,"হাবিব উল্যাাহ মীর বাড়ী, উত্তর বগাচতর, বগাচতর, সীতাকুন্ড, চট্টগ্রাম",১,Male
০০৬৮,মোঃ মহিম,১৫০২৯৫১০০২১৯,আবুল বশর,মোছাম্মৎ ছকিনা খাতুন,"শাহ আলম মাস্টার বাড়ী, উত্তর বগাচতর, বগাচতর, সীতাকুন্ড, চট্টগ্রাম",১,Male
০০৬৯,সাহাদাত হোসেন,১৫০২৯৫১০০২২০,ফজলুল হক,ছালেহা বেগম,"শাহ আলম মাস্টার বাড়ী, উত্তর বগাচতর, বগাচতর, সীতাকুন্ড, চট্টগ্রাম৪চূড়ান্ত ভোটার তালিকাজেলা:চট্টগ্রামউপজেলা:সীতাকুন্ডইউনিয়ন:সৈয়দপুরডাকঘর:সীতাকুন্ডভোটার এলাকার কোড: ০২৯৫ভোটার এলাকার নাম: উত্তর বগাচতর",১,Male
০০৭০,গোকুল বাশী জলদাস,১৫০২৯৫১০০২২১,সুবল জলদাস,শ্রীী রাধা রাণী জলদাস,"নিতাই বাড়ী, উত্তর বগাচতর, বগাচতর, সীতাকুন্ড, চট্টগ্রাম",১,Male
০০৭১,মোঃ মজিবুল হক,১৫০২৯৫১০০২২৩,এলাহি ব,পি,"নূর আহাম্মদ সারেং বাড়ী, উত্তর বগাচতর, বগাচতর, সীতাকুন্ড, চট্টগ্রাম",১,Male
০০৭২,সাইদুল হোসেন,১৫০২৯৫১০০২২৪,মরহুম নূরুল ইসলাম,রাশেদা বেগম,"দেলোয়ার মিস্ত্রি বাড়ী, উত্তর বগাচতর, বগাচতর, সীতাকুন্ড, চট্টগ্রাম",১,Male
০০৭৩,মোঃ নাছিম উদ্দিন,১৫০২৯৫১০০২২৬,মরহুম হাফেজ ইসমাইল,সেপনা ধন বেগম,"হাজী গোলাম নূর মাস্টার বাড়ী, উত্তর বগাচতর, বগাচতর, সীতাকুন্ড, চট্টগ্রাম",১,Male
০০৭৪,মোঃ নূরুল আলম,১৫০২৯৫১০০২২৭,মোঃ ইিস,মোছাম্মৎ মজমা খাতুন,"আমান উল্যাাহ মুহুরী বাড়ী, উত্তর বগাচতর, বগাচতর, সীতাকুন্ড, চট্টগ্রাম",১,Male
০০৭৫,মোঃ সাইফুল ইসলাম,১৫০২৯৫১০০২২৮,আহম্মদ সোবহান,জরিনা খাতুন,"আমানউল্যাাহ মহুরী বাড়ী, উত্তর বগাচতর, বগাচতর, সীতাকুন্ড, চট্টগ্রাম",১,Male
০০৭৬,মোঃ মইন উদ্দিন,১৫০২৯৫১০০২৩১,মোঃ আব্দুল খালেক,সাহেবের নেছা,"সেকান্দার ভূঁইয়া বাড়ী, উত্তর বগাচতর, বগচতর, সীতাকুন্ড, চট্টগ্রাম",১,Male
০০৭৭,খালেদ মুহাম্মদ সাইফুল্যাাহ,১৫০২৯৫১০০২৩৩,আব্দুর রহিম,চেমনা আফরোজ,"সাম মাঝি বাড়ী, উত্তর বগাচতর, বগাচতর, সীতাকুন্ড, চট্টগ্রাম",১,Male
০০৭৮,মোঃ শাহ আলম,১৫০২৯৫১০০২৩৫,আবদুল গনি ভুঁইয়া,মায়মুনা খাতুন,"সেকান্দার ভুঁইয়া বাড়ী, উত্তর বগাচতর, বগাচতর, সীতাকুন্ড, চট্টগ্রাম",১,Male
০০৭৯,মোঃ নূর হোসেন,১৫০২৯৫১০০২৩৭,মাহমুদ মিস্ত্রী,মাজেদা খাতুন,"শাহ আলম মাস্টার বাড়ী, উত্তর বগাচতর, বগাচতর, সীতাকুন্ড, চট্টগ্রাম",১,Male
০০৮০,মোঃ জয়নাল আবেদীন,১৫০২৯৫১০০২৩৮,শাহ আলম,হাছিনা বেগম,"সেকান্দার ভুঁইয়া বাড়ি, উত্তর বগাচতর, বগাচতর, সীতাকুন্ড, চট্টগ্রাম",১,Male
০০৮১,মোহাম্মদ জাহেদুল ইসলাম,১৫০২৯৫১০০২৩৯,মোঃ নূরুল মোস্তফা,মোছাম্মৎ সেলিনা আক্তার,"সাম মাঝি বাড়ী, উত্তর বগাচতর, বগাচতর, সীতাকুন্ড, চট্টগ্রাম",১,Male
০০৮২,মোঃ কলিমুল্যাাহ,১৫০২৯৫১০০২৪০,রুস্তম আলী,আমেনা খাতুন,"নূর আহম্মদ সারেং বাড়ী, উত্তর বগাচতর, বগাচতর, সীতাকুন্ড, চট্টগ্রাম",১,Male
০০৮৩,মোঃ সুজন,১৫০২৯৫১০০২৪৫,আবুল মুনছুর,শামসুন নাহার,"সেকান্দার ভুঁইয়া বাড়ী, উত্তর বগাচতর, বগাচতর, সীতাকুন্ড, চট্টগ্রাম",১,Male
০০৮৪,মোঃ আলমগীর,১৫০২৯৫১০০২৪৬,নূরুল হক,রইয়ছা খাতুন,"শাহ আলম মাস্টার বাড়ী, উত্তর বগাচতর, বগাচতর, সীতাকুন্ড, চট্টগ্রাম",১,Male
০০৮৫,মোঃ মাঈনূদ্দীন,১৫০২৯৫১০০২৫০,নূরুন নবী,মনোয়ারা বেগম,"সাম মাঝি বাড়ী, উত্তর বগাচতর, বগাচতর, সীতাকুন্ড, চট্টগ্রাম",১,Male
০০৮৬,মোঃ জাকারিয়া খালেদ,১৫০২৯৫১০০২৫১,মোহাম্মদ আব্দুর রহিম,চেমন আফরোজ,"সাম মাঝি বাড়ী, উত্তর বগাচতর, বগাচতর, সীতাকুন্ড, চট্টগ্রাম",১,Male
০০৮৭,মোহাম্মদ সাহাব উদ্দীন,১৫০২৯৫১০০২৫২,তোফায়েল আহম্মদ,ফাতেমা খাতুন,"রফিকুজ্জামান মাস্টার বাড়ী, উত্তর বগাচতর, বগাচতর, সীতাকুন্ড, চট্টগ্রাম৫চূড়ান্ত ভোটার তালিকাজেলা:চট্টগ্রামউপজেলা:সীতাকুন্ডইউনিয়ন:সৈয়দপুরডাকঘর:সীতাকুন্ডভোটার এলাকার কোড: ০২৯৫ভোটার এলাকার নাম: উত্তর বগাচতর",১,Male
০০৮৮,মোহাম্মদ লিটন,১৫০২৯৫১০০২৫৩,আলী আকবর,হাছিনা আক্তার,"ফয়েজ আহম্মদের নতুন বাড়ী, উত্তর বগাচতর, বগাচতর, সীতাকুন্ড, চট্টগ্রাম",১,Male
০০৮৯,মোঃ রিপন,১৫০২৯৫১০০২৫৪,মোঃ সেরাজুল হক,আফিয়া খাতুন,"নূর আহমদ সারেং বাড়ী, উত্তর বগাচতর, বগাচতর, সীতাকুন্ড, চট্টগ্রাম",১,Male
০০৯০,মোহাম্মদ আবদুল মোতালেব,১৫০২৯৫১০০২৫৬,আবদুল গনী,ফাতেমা,"শাহ আলম মাস্টার বাড়ী, উত্তর বগাচতর, বগাচতর, সীতাকুন্ড, চট্টগ্রাম",১,Male
০০৯১,মোঃ আব্দুল মতিন,১৫০২৯৫১০০২৫৯,আহম্মদ ছাপা,আমেনা খাতুন,"লমি ভূইয়া বাড়ী, উত্তর বগাচতর, বগাচতর, সীতাকুন্ড, চট্টগ্রাম",১,Male
০০৯২,মোঃ নূরুল হুদা,১৫০২৯৫১০০২৬০,আবুল হাসেম,সবুরা খাতুন,"আমানউল্যাাহ মুহুরী বাড়ী, উত্তর বগাচতর, বগাচতর, সীতাকুন্ড, চট্টগ্রাম",১,Male
০০৯৩,মোহাম্মদ আতাউল্যাাহ খালেদ,১৫০২৯৫১০০২৬৪,মোহাম্মদ আব্দুর রহিম,চেমন আফরোজ,"সাম মাঝি বাড়ী, উত্তর বগাচতর, বগাচতর, সীতাকুন্ড, চট্টগ্রাম",১,Male
০০৯৪,আইয়ুব খান,১৫০২৯৫১০০২৭৪,ছেরাজুল হক,মাবিয়া খাতুন,"হাবিবউল্যাাহ মীর বাড়ী, উত্তর বগাচতর, বগাচতর, সীতাকুন্ড, চট্টগ্রাম",১,Male
০০৯৫,রেজাউল করিম,১৫০২৯৫১০০২৭৫,ওসমান গণি,আয়েশা খাতুন,"নূর আহাম্মদ সারাং বাড়ী, উত্তর বগচতর, বগচতর, সীতাকুন্ড, চট্টগ্রাম",১,Male
০০৯৬,আবদুল গনি,১৫০২৯৫১০০২৭৬,জামান উল্যা্যাহ,রইছা খাতুন,"হোসেন মৌলভীর বাড়ী, উত্তর বগাচতর, বগাচতর, সীতাকুন্ড, চট্টগ্রাম",১,Male
০০৯৭,মোক্তার হোসেন,১৫০২৯৫১০০২৭৭,সফিউল আলম,হাজেরা খাতুন,"হোসেন মৌলভীর বাড়ী, উত্তর বগাচতর, বগাচতর, সীতাকুন্ড, চট্টগ্রাম",১,Male
০০৯৮,মোয়াজ্জেম হোসেন,১৫০২৯৫১০০২৭৮,নূরুল মোস্তফা,জাহানারা বেগম,"মুছা কাজী বাড়ী, উত্তর বগাচতর, বগাচতর, সীতাকুন্ড, চট্টগ্রাম",১,Male
০০৯৯,মোঃ আরিফুল ইসলাম,১৫০২৯৫১০০২৭৯,নূরুল আলম,হাছিনা আক্তার,"নূর আহম্মদ সারাং বাড়ী, উত্তর বগাচতর, বগাচতর, সীতাকুন্ড, চট্টগ্রাম",১,Male
০১০০,মোহাম্মদ এমদাদ হোসেন,১৫০২৯৫১০০২৮০,মোহাম্মদ নূরুল আবছার,ছালেহা আক্তার,"বদিউজ্জামান হাজী বাড়ী, উত্তর বগাচতর, বগাচতর, সীতাকুন্ড, চট্টগ্রাম",১,Male
০১০১,মোহাম্মদ হারুন উর রশিদ,১৫০২৯৫১০০২৮২,মোহাম্মদ আবুল বশর,মোছাম্মৎ ছেমনা বেগম,"আমান উল্যাাহ মুহুরী বাড়ী, উত্তর বগাচতর, বগাচতর, সীতাকুন্ড, চট্টগ্রাম",১,Male
০১০২,জসিম উদ্দীন,১৫০২৯৫১০০২৮৩,নূরুল মোস্তফা,চেমনা আক্তার,"গোলদার বাড়ী, উত্তর বগাচতর, বগাচতর, সীতাকুন্ড, চট্টগ্রাম",১,Male
০১০৩,মোহাম্মদ শহিদুল ইসলাম,১৫০২৯৫১০০২৮৪,জাহা ব,সাফিয়া বেগম,"নূর আহম্মদ সারেং বাড়ী, উত্তর বগাচতর, বগাচতর, সীতাকুন্ড, চট্টগ্রাম",১,Male
০১০৪,মোহাম্মদ শওকত আলী,১৫০২৯৫১০০২৮৫,বদিউজ্জামা,রহিমা বেগম,"সাম মাঝির বাড়ী, উত্তর বগাচতর, বগাচতর, সীতাকুন্ড, চট্টগ্রাম",১,Male
০১০৫,মোহাম্মদ মিজান,১৫০২৯৫১০০২৮৬,মোহাম্মদ ফকির,চেমনা আফরোজ,"নূর আহাম্মদ সারেং বাড়ী, উত্তর বগাচতর, বগাচতর, সীতাকুন্ড, চট্টগ্রাম৬চূড়ান্ত ভোটার তালিকাজেলা:চট্টগ্রামউপজেলা:সীতাকুন্ডইউনিয়ন:সৈয়দপুরডাকঘর:সীতাকুন্ডভোটার এলাকার কোড: ০২৯৫ভোটার এলাকার নাম: উত্তর বগাচতর",১,Male
০১০৬,আবু জাফর,১৫০২৯৫১০০২৮৮,সালামত উল্যাাহ,সবুরা খাতুন,"কেরামত আলী বাত্তিওয়ালার বাড়ী, উত্তর বগচতর, বগচতর, সীতাকুন্ড, চট্টগ্রাম",১,Male
০১০৭,মোঃ ছাদেকুর রহমান,১৫০২৯৫১০০২৯০,মোঃ লুৎফুর রহমান,আয়েশা বেগম,"রফিকুজ্জামান মাস্টার বাড়ী, উত্তর বগাচতর, বগাচতর, সীতাকুন্ড, চট্টগ্রাম",১,Male
০১০৮,মোহাম্মদ ইউনূস মিয়া,১৫০২৯৫১০০২৯৩,আমিনূজ্জামান,জয়নাব বিয়া,"হাজী গোলাম নূর মাস্টার বাড়ী, উত্তর বগচতর, বগচতর, সীতাকুন্ড, চট্টগ্রাম",১,Male
০১০৯,মোঃ মোশারফ হোসেন,১৫০২৯৫১০০২৯৪,হাজী শেখ আহমদ মিস্ত্রী,সাহেদা খাতুন,"জমাদার বাড়ী, উত্তর বগাচতর, বগাচতর, সীতাকুন্ড, চট্টগ্রাম",১,Male
০১১০,হাচিরাম,১৫০২৯৫১০০৩০০,সুভাষ চন্দ্র জলদাস,বিরাঙ্গ বালা জলদাস,"কালী কৃষ্ণের বাড়ী, উত্তর বগাচতর, বগাচতর, সীতাকুন্ড, চট্টগ্রাম",১,Male
০১১১,সুমন জল দাস,১৫০২৯৫১০০৩০১,সুভাষ জল দাস,বিরাঙ্গবালা জল দাস,"পলী কৃষ্ণ বাড়ী, উত্তর বগাচতর, বগাচতর, সীতাকুন্ড, চট্টগ্রাম",১,Male
০১১২,মোঃ লোকমান হোসেন,১৫০২৯৫১০০৩০৪,জহুরুল হক,রহিমা বেগম,"সাির আলী বাড়ী, উত্তর বগাচতর, বগাচতর, সীতাকুন্ড, চট্টগ্রাম",১,Male
০১১৩,সহিদ,১৫০২৯৫১০০৩০৫,নূর ইসলাম,রহিমা খাতুন,"বাহার মাঝি বাড়ী, উত্তর বগাচতর, বগাচতর, সীতাকুন্ড, চট্টগ্রাম",১,Male
০১১৪,মোঃ আসাদুর রহমান ভুঞা,১৫০২৯৫১০০৩০৬,মুহাম্মদ আবুল হাসেম ভুঞা,হাছিনা আক্তার,"সেকান্দার ভুইয়ার বাড়ী, উঃ বগাচতর, বগাচতর, সীতাকুন্ড, চট্টগ্রাম",১,Male
০১১৫,আবু হেনা মোস্তফা কামাল,১৫০২৯৫১০০৩০৭,সাহাব মিয়া,ছেনোয়ারা বেগম,"তোফর আলী ভূঁইয়া বাড়ী, উত্তর বগাচতর, বগাচতর, সীতাকুন্ড, চট্টগ্রাম",১,Male
০১১৬,ধনয় চক্রবত্র্তী,১৫০২৯৫১০০৩১১,জয়দের চক্রবত্র্তী,কণিকা চক্রবত্র্তী,"ঠাকুর বাড়ী, উত্তর বগাচতর, বগাচতর, সীতাকুন্ড, চট্টগ্রাম",১,Male
০১১৭,মতিলাল,১৫০২৯৫১০০৩২০,সুকুমার,নয়ন তারা,"মন লালের বাড়ী, উত্তর বগাচতর, বগাচতর, সীতাকুন্ড, চট্টগ্রাম",১,Male
০১১৮,মনলাল,১৫০২৯৫১০০৩২১,সুকুমার,নয়নতারা,"মন লালের বাড়ী, উত্তর বগাচতর, বগাচতর, সীতাকুন্ড, চট্টগ্রাম",১,Male
০১১৯,সুমঙ্গল,১৫০২৯৫১০০৩২৩,রাধা কৃষ্ণ,রাধিকা বালা,"শ্রীী ধামের বাড়ী, উত্তর বগাচতর, বগাচতর, সীতাকুন্ড, চট্টগ্রাম",১,Male
০১২০,বিমল চন্দ্র দাস,১৫০২৯৫১০০৩২৮,রবি চন্দ্র দাস,আরতি বালা দাস,"রবি চন্দ্র জল দাসের বাড়ি, উত্তর বগাচতর, বগাচতর, সীতাকুন্ড, চট্টগ্রাম",১,Male
০১২১,রবি চন্দ্র দাস,১৫০২৯৫১০০৩২৯,শিব চন্দ্র দাস,মানদা রাণী দাস,"রবি চন্দ্র জলদাসের বাড়ী, উত্তর বগাচতর, বগাচতর, সীতাকুন্ড, চট্টগ্রাম",১,Male
০১২২,নগেন্দ্র জল দাস,১৫০২৯৫১০০৩৩২,মহানন্দা জলদাস,মাতাঙ্গঁা,"জলদাস পাড়া, উত্তর বগাচতর, বগাচতর, সীতাকুন্ড, চট্টগ্রাম",১,Male
০১২৩,অভিরাম,১৫০২৯৫১০০৩৩৪,শ্রীী ধাম,মনতুষী,"শ্রীী ধামের বাড়ী, উত্তর বগাচতর, বগাচতর, সীতাকুন্ড, চট্টগ্রাম৭চূড়ান্ত ভোটার তালিকাজেলা:চট্টগ্রামউপজেলা:সীতাকুন্ডইউনিয়ন:সৈয়দপুরডাকঘর:সীতাকুন্ডভোটার এলাকার কোড: ০২৯৫ভোটার এলাকার নাম: উত্তর বগাচতর",১,Male
০১২৪,বলরাম,১৫০২৯৫১০০৩৩৬,বজেন্দ্র,গীতা রাণী,"চুল্যাা বাপের বাড়ী, উত্তর বগাচতর, বগাচতর, সীতাকুন্ড, চট্টগ্রাম",১,Male
০১২৫,খুদি রাম,১৫০২৯৫১০০৩৪৭,চন্দ্র নাথ,মিলন বালা,"চুল্যাা বাপের বাড়ি, উত্তর বগাচতর, বগাচতর, সীতাকুন্ড, চট্টগ্রাম",১,Male
০১২৬,নিতাই চন্দ্র জল দাস,১৫০২৯৫১০০৩৫৯,ঈষান চন্দ্র জলদাস,কমলিনি,"চুল্যাা বাপের বাড়ী, উত্তর বগাচতর, বগাচতর, সীতাকুন্ড, চট্টগ্রাম",১,Male
০১২৭,অনিল চন্দ্র,১৫০২৯৫১০০৩৬২,নিতাই চন্দ্র জলদাস,কান বালা,"চুল্যাা বাপের বাড়ী, উত্তর বগাচতর, বগাচতর, সীতাকুন্ড, চট্টগ্রাম",১,Male
০১২৮,সুনীল,১৫০২৯৫১০০৩৬৩,নিতাই চন্দ্র জল দাস,কান বালা,"চুল্যাা বাপের বাড়ী, উত্তর বগাচতর, বগাচতর, সীতাকুন্ড, চট্টগ্রাম",১,Male
০১২৯,হরি মোহন,১৫০২৯৫১০০৩৬৪,লাল মোহন জলদাস,শারীবালা জলদাস,"চুল্যাাবাপের বাড়ী, উত্তর বগাচতর, বগাচতর, সীতাকুন্ড, চট্টগ্রাম",১,Male
০১৩০,অভিচরণ,১৫০২৯৫১০০৩৬৬,যতীন্দ্র মোহন,স্যা রাণী,"ঠাকুর বাড়ি, উত্তর বগাচতর, বগাচতর, সীতাকুন্ড, চট্টগ্রাম",১,Male
০১৩১,শ্রীী বাসু দেব চক্রবত্র্তী,১৫০২৯৫১০০৩৬৭,জ গোপাল চক্রবত্র্তী,জসদা রাণী,"ঠাকুর বাড়ী, উত্তর বগাচতর, বগাচতর, সীতাকুন্ড, চট্টগ্রাম",১,Male
০১৩২,নিমাই জলদাস,১৫০২৯৫১০০৩৬৯,কালি কৃষ্ণ,শ্রীী মতি,"ঠাকুর বাড়ী, উত্তর বগাচতর, বগাচতর, সীতাকুন্ড, চট্টগ্রাম",১,Male
০১৩৩,নিতাই,১৫০২৯৫১০০৩৭২,কালী কৃষ্ণ,শ্রীী মতি বালা,"কালী কৃষ্ণ জলদাসের বাড়ী, উত্তর বগাচতর, বগাচতর, সীতাকুন্ড, চট্টগ্রাম",১,Male
০১৩৪,প্রিয় লাল,১৫০২৯৫১০০৩৮১,সুকুমার,নয়ন তারা,"কালীকৃষ্ণ জল দাসের বাড়ী, উত্তর বগাচতর, বগাচতর, সীতাকুন্ড, চট্টগ্রাম",১,Male
০১৩৫,পুলিন চন্দ্র জল দাস,১৫০২৯৫১০০৩৯১,নিতায় চন্দ্র জল দাস,কানন বালা,"চুল্যাাবাপের বাড়ী, উত্তর বগাচতর, বগাচতর, সীতাকুন্ড, চট্টগ্রাম",১,Male
০১৩৬,মতুরা জলদাস,১৫০২৯৫১০০৩৯৫,যুবরাজ,পাখি বালা জলদাস,"কাঙ্গাল হরি বাড়ী, উত্তর বগাচতর, বগাচতর, সীতাকুন্ড, চট্টগ্রাম",১,Male
০১৩৭,সুমন,১৫০২৯৫১০০৩৯৭,হরিমোহন,পা রানী,"চুল্যাা বাপের বাড়ী, উ: বগাচতর, বগাচতর, সীতাকুন্ড, চট্টগ্রাম",১,Male
০১৩৮,দুলাল,১৫০২৯৫১০০৩৯৮,চন্দ্র কুমার,ঠাকুর রানী,"অনন্ত কুমারের বাড়ী, উত্তর বগাচতর, বগাচতর, সীতাকুন্ড, চট্টগ্রাম",১,Male
০১৩৯,দুলাল,১৫০২৯৫১০০৩৯৯,হরিপদ,সুভধনী,"অনন্ত কুমার জলদাসের বাড়ী, উত্তর বগাচতর, বগাচতর, সীতাকুন্ড, চট্টগ্রাম",১,Male
০১৪০,যদু লাল,১৫০২৯৫১০০৪০০,যতীন্দ্র,স্যা রানী,"অনন্ত কুমার জলদাসের বাড়ী, উ: বগাচতর, বগাচতর, সীতাকুন্ড, চট্টগ্রাম",১,Male
০১৪১,পবিত্র দাস,১৫০২৯৫১০০৪০৩,মনতন দাস,রেনূবালা,"অনন্ত কুমার জলদাসের বাড়ী, উত্তর বগাচতর, বগাচতর, সীতাকুন্ড, চট্টগ্রাম৮চূড়ান্ত ভোটার তালিকাজেলা:চট্টগ্রামউপজেলা:সীতাকুন্ডইউনিয়ন:সৈয়দপুরডাকঘর:সীতাকুন্ডভোটার এলাকার কোড: ০২৯৫ভোটার এলাকার নাম: উত্তর বগাচতর",১,Male
০১৪২,অনিল চন্দ্র জলদাস,১৫০২৯৫১০০৪০৬,রাধচন্দ্র দাস,আরতী রানী দাস,"বরিচন্দ্র জলদাসের বাড়ী, উ: বগাচতর, বগাচতর, সীতাকুন্ড, চট্টগ্রাম",১,Male
০১৪৩,মধু চন্দ্র দাস,১৫০২৯৫১০০৪০৭,যতীন্দ্র মোহন দাস,স্যা রানী দাস,"অনন্ত কুমার জলদাসের বাড়ি, উত্তর বগাচতর, বগাচতর, সীতাকুন্ড, চট্টগ্রাম",১,Male
০১৪৪,মানিক ছন্দ্র জলদাস,১৫০২৯৫১০০৪১১,জয়বাসী জলদাস,কমল তারা জলদাস,"অনন্ত কুমার জলদাসের বাড়ী, উ: বগাচতর, বগাচতর, সীতাকুন্ড, চট্টগ্রাম",১,Male
০১৪৫,চন্দ্র নাথ,১৫০২৯৫১০০৪১২,বাুরাম জলদাস,সুর বালা,"অনন্ত কুমার জলদাসের বাড়ি, উত্তর বগাচতর, বগাচতর, সীতাকুন্ড, চট্টগ্রাম",১,Male
০১৪৬,লণ কুমার জলদাস,১৫০২৯৫১০০৪১৯,চন্দ্র হরি জলদাস,কুম দশ হরি,"অনন্ত কুমার জলদাসের বাড়ী, উত্তর বগাচতর, বগাচতর, সীতাকুন্ড, চট্টগ্রাম",১,Male
০১৪৭,ললিত মোহন,১৫০২৯৫১০০৪২০,অমল হরিদাস,যুতি রাণী দাস,"অনন্ত কুমার জলদাসের বাড়ী, উত্তর বগাচতর, বগাচতর, সীতাকুন্ড, চট্টগ্রাম",১,Male
০১৪৮,প্রিয় নাথ,১৫০২৯৫১০০৪২১,তরণী কুমার,গির বালা,"অনন্ত কুমার জলদাসের বাড়ী, উত্তর বগাচতর, বগাচতর, সীতাকুন্ড, চট্টগ্রাম",১,Male
০১৪৯,মধু মঙ্গল,১৫০২৯৫১০০৪২৬,মন্তন জল দাস,রেনূ বালা,"অনন্ত কুমার জল দাসের বাড়ী, উত্তর বগাচতর, বগাচতর, সীতাকুন্ড, চট্টগ্রাম",১,Male
০১৫০,নেপাল,১৫০২৯৫১০০৪২৯,হিমাংসু,মান বালা,"অনন্ত কুমার জলদাসের বাড়ী, উত্তর বগাচতর, বগাচতর, সীতাকুন্ড, চট্টগ্রাম",১,Male
০১৫১,হরি মহন,১৫০২৯৫১০০৪৩৪,যতীন্দ্র মহন জলদাস,স্যা রানী,"অনন্ত কুমার জলদাসের বাড়ী, উত্তর বগাচতর, বগাচতর, সীতাকুন্ড, চট্টগ্রাম",১,Male
০১৫২,নিরন জলদাস,১৫০২৯৫১০০৪৩৫,নদীর বার্মা,সূবাসী,"অনন্ত জলদাসের বাড়ী, উত্তর বগাচতর, বগাচতর, সীতাকুন্ড, চট্টগ্রাম",১,Male
০১৫৩,মঙ্গল,১৫০২৯৫১০০৪৪০,রবি চন্দ্র জল দাস,আরতি বালা,"রবি চন্দ্র জল দাসের বাড়ী, উত্তর বগাচতর, বগাচতর, সীতাকুন্ড, চট্টগ্রাম",১,Male
০১৫৪,সুধী রাম,১৫০২৯৫১০০৪৪১,জয় হরি,রসো বালা,"চুল্যাাবাপের বাড়ী, উত্তর বগাচতর, বগাচতর, সীতাকুন্ড, চট্টগ্রাম",১,Male
০১৫৫,নিদু,১৫০২৯৫১০০৪৪৩,চন্দ্র নাথ,মিলন বালা,"চুল্যাা বাপের বাড়ী, উত্তর বগাচতর, বগাচতর, সীতাকুন্ড, চট্টগ্রাম",১,Male
০১৫৬,কালিদাস,১৫০২৯৫১০০৪৪৪,নারায়ন জলদাস,বিনোদী বালা,"অনন্ত কুমার জলদাসের বাড়ী, উত্তর বগাচতর, বগাচতর, সীতাকুন্ড, চট্টগ্রাম",১,Male
০১৫৭,পরাণ বাসী,১৫০২৯৫১০০৪৪৫,সুরেন্দ্র কুমার,রাধা রানী,"ঠাকুরবাড়ী, উত্তর বগাচতর, বগাচতর, সীতাকুন্ড, চট্টগ্রাম",১,Male
০১৫৮,সিধাংসু,১৫০২৯৫১০০৪৪৮,ইন্দ্রি কুমার,কুন্তী বালা,"অনন্ত কুমার জলদাসের বাড়ী, উত্তর বগাচতর, বগাচতর, সীতাকুন্ড, চট্টগ্রাম",১,Male
০১৫৯,দুঃখী রাম,১৫০২৯৫১০০৪৫০,ভগরুন,মুরী,"অনন্ত কুমার জলদাসের বাড়ী, উত্তর বগাচতর, বগাচতর, সীতাকুন্ড, চট্টগ্রাম৯চূড়ান্ত ভোটার তালিকাজেলা:চট্টগ্রামউপজেলা:সীতাকুন্ডইউনিয়ন:সৈয়দপুরডাকঘর:সীতাকুন্ডভোটার এলাকার কোড: ০২৯৫ভোটার এলাকার নাম: উত্তর বগাচতর",১,Male
০১৬০,হরি দাস,১৫০২৯৫১০০৪৫৪,নারায়ণ,বিনোদা,"অনন্ত কুমার জলদাসের বাড়ী, উত্তর বগাচতর, বগাচতর, সীতাকুন্ড, চট্টগ্রাম",১,Male
০১৬১,মধু মঙ্গল,১৫০২৯৫১০০৪৫৭,রাধা কৃষ্ণ,রাধিকা বালা,"অনন্ত কুমার জলদাসের বাড়ী, উত্তর বগাচতর, বগাচতর, সীতাকুন্ড, চট্টগ্রাম০১৬২. মাইগ্রেট হয়েছে",১,Male
০১৬৩,সুনীল,১৫০২৯৫১০০৪৬৯,দুঃখী রাম,রাণী বালা,"অনন্ত কমার জলদাসের বাড়ী, উত্তর বগাচতর, বগাচতর, সীতাকুন্ড, চট্টগ্রাম",১,Male
০১৬৪,যুবরাজ,১৫০২৯৫১০০৪৭০,েত্র মহন,ননাই বালা,"অনন্ত কুমার জলদাসের বাড়ী, উত্তর বগাচতর, বগাচতর, সীতাকুন্ড, চট্টগ্রাম",১,Male
০১৬৫,বালিরাম,১৫০২৯৫১০০৪৭১,নারায়ন,দিনদো বালা,"অনন্ত কুমার জলদাসের বাড়ী, উত্তর বগাচতর, বগাচতর, সীতাকুন্ড, চট্টগ্রাম",১,Male
০১৬৬,অনাথ বু,১৫০২৯৫১০০৪৭২,দেন্দ্র জলদাস,মিনূবালা,"অনন্ত কুমার জলদাসের বাড়ী, উত্তর বগাচতর, বগাচতর, সীতাকুন্ড, চট্টগ্রাম",১,Male
০১৬৭,বলরাম,১৫০২৯৫১০০৪৭৯,সিদাম দাস,মনতষী বালা,"ঠাকুর বাড়ী, উত্তর বগাচতর, বগাচতর, সীতাকুন্ড, চট্টগ্রাম",১,Male
০১৬৮,রাম চন্দ্র,১৫০২৯৫১০০৪৮০,তরনী,গৃহ বালা,"অন্তত কুমার জল দাসের বাড়ী, উত্তর বগাচতর, বগাচতর, সীতাকুন্ড, চট্টগ্রাম",১,Male
০১৬৯,মদন মহন জলদাস,১৫০২৯৫১০০৪৮১,যতীন্দ্র মহন জলদাস,স্যা রাণী,"অনন্ত কুমার জলদাসের বাড়ী, উত্তর বগাচতর, বগাচতর, সীতাকুন্ড, চট্টগ্রাম",১,Male
০১৭০,বাবুল জলদাস,১৫০২৯৫১০০৪৮৬,ধন মহন জলদাস,শখী বালা,"চুল্যাা বাপের বাড়ী, উত্তর বগাচতর, বগাচতর, সীতাকুন্ড, চট্টগ্রাম",১,Male
০১৭১,অনিল,১৫০২৯৫১০০৪৮৭,কাঙ্গাল হরি,সুকমী,"কাঙ্গাল হরি বাড়ী, উত্তর বগাচতর, বগাচতর, সীতাকুন্ড, চট্টগ্রাম",১,Male
০১৭২,ননাই,১৫০২৯৫১০০৪৮৮,নিতাই,নির বালা,"কালী কৃষ্ণ জল দাসের বাড়ী, উত্তর বগাচতর, বগাচতর, সীতাকুন্ড, চট্টগ্রাম",১,Male
০১৭৩,রাখাল,১৫০২৯৫১০০৪৮৯,গেন্দ্র,কন্ঠবালা,"ঠাকুর বাড়ী, উত্তর বগাচতর, বগাচতর, সীতাকুন্ড, চট্টগ্রাম",১,Male
০১৭৪,শ্রীী হরিদাস,১৫০২৯৫১০০৪৯০,রাম চন্দ্র জলদাস,সুমতি বালা,"রাম কৃষ্ণ মহাজন বাড়ী, উত্তর বগাচতর, বগাচতর, সীতাকুন্ড, চট্টগ্রাম",১,Male
০১৭৫,ামা চরন,১৫০২৯৫১০০৪৯১,ইন্দ্রকুমার,কুন্তীবালা,"আনন্ত কুমার জলদাসের বাড়ী, উত্তর বগাচতর, বগাচতর, সীতাকুন্ড, চট্টগ্রাম",১,Male
০১৭৬,সষ,১৫০২৯৫১০০৪৯২,হরিদাস,পা রানী,"চুল্যাা বাপের বাড়ী, উত্তর বগাচতর, বগাচতর, সীতাকুন্ড, চট্টগ্রাম",১,Male
০১৭৭,দিলীপ,১৫০২৯৫১০০৪৯৩,অদর চান,র্ণ লতা,"অনন্ত কুমার জলদাসের বাড়ি, উত্তর বগাচতর, বগাচতর, সীতাকুন্ড, চট্টগ্রাম১০চূড়ান্ত ভোটার তালিকাজেলা:চট্টগ্রামউপজেলা:সীতাকুন্ডইউনিয়ন:সৈয়দপুরডাকঘর:সীতাকুন্ডভোটার এলাকার কোড: ০২৯৫ভোটার এলাকার নাম: উত্তর বগাচতর",১,Male
০১৭৮,বাবুল,১৫০২৯৫১০০৪৯৬,হরিপদ,ভ ধনী,"অনন্ত কুমার জলদাসের বাড়ী, উত্তর বগাচতর, বগাচতর, সীতাকুন্ড, চট্টগ্রাম",১,Male
০১৭৯,সয় চক্রবতী,১৫০২৯৫১০০৪৯৭,জয়দেব চক্রবর্তী,কনিকা চক্রবর্তী,"ঠাকুর বাড়ী, উত্তর বগাচতর, বগাচতর, সীতাকুন্ড, চট্টগ্রাম",১,Male
০১৮০,জগদীশ,১৫০২৯৫১০০৪৯৮,চন্দ্র হরি,কুমুদেরশরী,"অনন্ত কুমার জলদাসের বাড়ী, উত্তর বগাচতর, বগাচতর, সীতাকুন্ড, চট্টগ্রাম",১,Male
০১৮১,শ্রীী রাজের জলদাস,১৫০২৯৫১০০৫০২,শিব জলদাস,বারোনী,"কালী কৃষ্ণ জলদাসের বাড়ী, উত্তর বগাচতর, বগাচতর, সীতাকুন্ড, চট্টগ্রাম",১,Male
০১৮২,হরন্দ্র,১৫০২৯৫১০০৫০৬,তেজেন্দ্র,মিলন খালা,"কালী কৃষ্ণ জলদাসের বাড়ী, উত্তর বগাচতর, বগাচতর, সীতাকুন্ড, চট্টগ্রাম",১,Male
০১৮৩,রবীন্দ্র,১৫০২৯৫১০০৫০৭,রজেন্দ্র,গীতারাণী,"চুল্যাা বাপের বাড়ি, উত্তর বগাচতর, বগাচতর, সীতাকুন্ড, চট্টগ্রাম",১,Male
০১৮৪,ধন বাসী,১৫০২৯৫১০০৫০৮,সুবল,বাধা রাজী,"কালী কৃষ্ণ জলদাসের বাড়ী, উত্তর বগচতর, বগচতর, সীতাকুন্ড, চট্টগ্রাম",১,Male
০১৮৫,হরিলাল,১৫০২৯৫১০০৫০৯,গোপাল,রবি বালা দাস,"অনন্ত জলদাসের বাড়ী, উত্তর বগাচতর, বগাচতর, সীতাকুন্ড, চট্টগ্রাম",১,Male
০১৮৬,সিূ,১৫০২৯৫১০০৫১০,উমেশ,সাধন বালা,"অনন্ত কুমার জলদাসের বাড়ী, উত্তর বগাচতর, বগাচতর, সীতাকুন্ড, চট্টগ্রাম",১,Male
০১৮৭,বি,১৫০২৯৫১০০৫১৪,উমেশ,সাধন বালা,"অনন্ত কুমার জলদাসের বাড়ী, উত্তর বগাচতর, বগাচতর, সীতাকুন্ড, চট্টগ্রাম০১৮৮. মাইগ্রেট হয়েছে",১,Male
০১৮৯,জগবু,১৫০২৯৫১০০৫২১,দেবন্দ্র,মিনূ বালা,"অনন্ত কুমার জলদাসের বাড়ী, উত্তর বগাচতর, বগাচতর, সীতাকুন্ড, চট্টগ্রাম",১,Male
০১৯০,পরিমল দাস,১৫০২৯৫১০০৫২২,নগেন্দ্র,নন্দারানী,"চুল্যাা বাপের বাড়ী, উত্তর বগাচতর, বগাচতর, সীতাকুন্ড, চট্টগ্রাম",১,Male
০১৯১,অমল হরি,১৫০২৯৫১০০৫২৫,রামকৃষ্ণ,প্রভাবতি,"অনন্ত কুমার জলদাসের বাড়ী, উত্তর বগাচতর, বগাচতর, সীতাকুন্ড, চট্টগ্রাম",১,Male
০১৯২,সুবল চন্দ্র দাস,১৫০২৯৫১০০৫২৭,শশী মহন,সামিত্রী,"কালী কৃষ্ণ জলদাসের বাড়ী, উত্তর বগাচতর, বগাচতর, সীতাকুন্ড, চট্টগ্রাম",১,Male
০১৯৩,দয়াল হরি,১৫০২৯৫১০০৫৩৩,গৌরী কিশোর,রাধা রানী,"চুল্যাা বাপের বাড়ী, উত্তর বগাচতর, বগাচতর, সীতাকুন্ড, চট্টগ্রাম",১,Male
০১৯৪,নোল দাস,১৫০২৯৫১০০৫৩৪,সুবল দাস,রাধা রাণী,"কালীকরৃষ্ণ জল দাসের বাড়ী, উত্তর বগাচতর, বগাচতর, সীতাকুন্ড, চট্টগ্রাম",১,Male
০১৯৫,অধির জলদাস,১৫০২৯৫১০০৫৩৫,উমেশ জল দাস,আরতি বালা,"কাঙ্গান হরি বাড়ী, উত্তর বগাচতর, বগাচতর, সীতাকুন্ড, চট্টগ্রাম১১চূড়ান্ত ভোটার তালিকাজেলা:চট্টগ্রামউপজেলা:সীতাকুন্ডইউনিয়ন:সৈয়দপুরডাকঘর:সীতাকুন্ডভোটার এলাকার কোড: ০২৯৫ভোটার এলাকার নাম: উত্তর বগাচতর",১,Male
০১৯৬,শ্রীী ধাম জল দাস,১৫০২৯৫১০০৫৪২,ইন্দ্র কুমার জল দাস,কুনতী রানী,"কালী কৃষ্ণ জল দাস বাড়ী, উত্তর বগাচতর, বগাচতর, সীতাকুন্ড, চট্টগ্রাম",১,Male
০১৯৭,প্রাণনাথ জলদাস,১৫০২৯৫১০০৫৪৪,নিতাই,সরতী বালা,"কালী কৃষ্ণ জলদাসের বাড়ী, উত্তর বগাচতর, বগাচতর, সীতাকুন্ড, চট্টগ্রাম",১,Male
০১৯৮,মনিন্দ্র জলদাস,১৫০২৯৫১০০৫৪৫,তেজন্দ্র জল দাস,মিলন বালা,"কালী কৃষ্ণ জলদাসের বাড়ী, উত্তর বগাচতর, বগাচতর, সীতাকুন্ড, চট্টগ্রাম",১,Male
০১৯৯,প্রফুল্যা,১৫০২৯৫১০০৫৪৬,সুবল,যুতি বালা,"চুল্যাা বাপের বাড়ী, উত্তর বগাচতর, বগাচতর, সীতাকুন্ড, চট্টগ্রাম",১,Male
০২০০,বাবুল,১৫০২৯৫১০০৫৪৮,উপেন্দ্র,কালনী বালা,"চুল্যাা বাপের বাড়ী, উত্তর বগাচতর, বগাচতর, সীতাকুন্ড, চট্টগ্রাম",১,Male
০২০১,হাছিরাম,১৫০২৯৫১০০৫৫০,যুবরাজ,পাখিবালা,"অনন্ত কুমার জলদাসের বাড়ী, উত্তর বগাচতর, বগাচতর, সীতাকুন্ড, চট্টগ্রাম",১,Male
০২০২,ফারুক,১৫০২৯৫১০০৫৫১,জহুরুল হক,আয়েশা খাতুন,"গোমস্তা বাড়ী, উত্তর বগাচতর, বগাচতর, সীতাকুন্ড, চট্টগ্রাম",১,Male
০২০৩,কামরুল,১৫০২৯৫১০০৫৫২,শামসুল আলম,করপুলার,"নূর মোহাম্মদ সারেং বাড়ী, উত্তর বগাচতর, বগাচতর, সীতাকুন্ড, চট্টগ্রাম",১,Male
০২০৪,বদিউজ্জামান,১৫০২৯৫১০০৫৫৯,তাজুল ইসলাম,ফয়েজুন্নেছা,"শাম মাঝি বাড়ী, উত্তর বগাচতর, বগাচতর, সীতাকুন্ড, চট্টগ্রাম",১,Male
০২০৫,বি,১৫০২৯৫১০০৫৬২,নারায়ন,বিনোদা,"অনন্ত কুমার জলদাসের বাড়ী, উত্তর বগাচতর, বগাচতর, সীতাকুন্ড, চট্টগ্রাম",১,Male
০২০৬,সালাহ উদ্দীন,১৫০২৯৫১০০৫৬৩,আবুল কালাম,শরিবা খাতুন,"হোরা কাজী বাড়ী, উত্তর বগাচতর, বগাচতর, সীতাকুন্ড, চট্টগ্রাম",১,Male
০২০৭,হিমাংসু,১৫০২৯৫১০০৫৬৪,রাধা কৃষ্ণ,রাধিকা,"অনন্ত কুমার জল দাশের বাড়ী, ঊত্তর বগাচতর, বগাচতর, সীতাকুন্ড, চট্টগ্রাম",১,Male
০২০৮,পরান হরি,১৫০২৯৫১০০৫৬৬,গোরাকির,রাধা রানী,"চুল্যাা বাপের বাড়ী, উত্তর বগাচতর, বগাচতর, সীতাকুন্ড, চট্টগ্রাম",১,Male
০২০৯,শহিদুল ইসলাম,১৫০২৯৫১০০৫৬৭,আবুল কালাম,জোছনা আরা বেগম,"নূর আমান উল্যা্যাহ মুরী বাড়ী, উত্তর বগাচতর, বগাচতর, সীতাকুন্ড, চট্টগ্রাম",১,Male
০২১০,নূরুল মোস্তফা,১৫০২৯৫১০০৫৬৮,খুরশিদ আলম,আফিয়া খাতুন,"লাল মোহন গোস্তা বাড়ী, উত্তর বগাচতর, বগাচতর, সীতাকুন্ড, চট্টগ্রাম",১,Male
০২১১,নাজমুল হোসেন,১৫০২৯৫১০০৫৬৯,নূর হোসেন,ফরিদা বেগম,"রাজা মিয়া চৌঃ বাড়ী, উত্তর বগাচতর, বগাচতর, সীতাকুন্ড, চট্টগ্রাম",১,Male
০২১২,আনাস বিন ইসলাম,১৫০২৯৫১০০৫৭০,নূরুল ইসলাম,সালমা আক্তার,"মোকরাম আলী সারাং বাড়ী, উত্তর বগাচতর, বগাচতর, সীতাকুন্ড, চট্টগ্রাম",১,Male
০২১৩,আবদুর রহিম,১৫০২৯৫১০০৫৭১,সৈয়দুল হক,মাসুদা বেগম,"মুছা কাজী বাড়ী, উত্তর বগাচতর, বগাচতর, সীতাকুন্ড, চট্টগ্রাম১২চূড়ান্ত ভোটার তালিকাজেলা:চট্টগ্রামউপজেলা:সীতাকুন্ডইউনিয়ন:সৈয়দপুরডাকঘর:সীতাকুন্ডভোটার এলাকার কোড: ০২৯৫ভোটার এলাকার নাম: উত্তর বগাচতর",১,Male
০২১৪,আতিকুল ইসলাম,১৫০২৯৫১০০৫৭২,তাজুল ইসলাম,শশমে আরা বেগম,"গাফারী চেয়ারম্যানের বাড়ী, উত্তর বগাচতর, বগাচতর, সীতাকুন্ড, চট্টগ্রাম",১,Male
০২১৫,রেজাউল করিম,১৫০২৯৫১০০৫৭৩,কামাল উদ্দীন,আনোয়ারা বেগম,"বদিউজ্জামান মিস্ত্রি বাড়ী, উত্তর বগাচতর, বগাচতর, সীতাকুন্ড, চট্টগ্রাম",১,Male
০২১৬,মোশাররফ হোসেন,১৫০২৯৫১০০৫৭৪,সফিউল আলম,হাজেরা খাতুন,"মৌলভী হোসেনূজ্জামান বাড়ি, উত্তর বগাচতর, বগাচতর, সীতাকুন্ড, চট্টগ্রাম",১,Male
০২১৭,ওমর ফারুখ,১৫০২৯৫১০০৫৭৫,নূরের জামান,ছকিনা বেগম,"নূর সাহেবের বাড়ী, উত্তর বগাচতর, বগাচতর, সীতাকুন্ড, চট্টগ্রাম",১,Male
০২১৮,আবদুল মুনাফ,১৫০২৯৫১০০৫৭৭,সিরাজুল হক,আুমা খাতুন,"কালা মিয়া মাঝি বাড়ী, উত্তর বগাচতর, বগাচতর, সীতাকুন্ড, চট্টগ্রাম",১,Male
০২১৯,নূরুল আমিন,১৫০২৯৫১০০৫৭৯,হাজী জামাল উল্যা্যাহ,মাজুদা বেগম,"কবির বলী বাড়ী, উত্তর বগাচতর, বগাচতর, সীতাকুন্ড, চট্টগ্রাম",১,Male
০২২০,শামসুদ্দীন,১৫০২৯৫১০০৫৮০,সামছু মিস্ত্রী,কপুলা বেগম,"নূর মোহাম্মদ সারেং বাড়ী, উত্তর বগাচতর, বগাচতর, সীতাকুন্ড, চট্টগ্রাম",১,Male
০২২১,মোহাম্মদ শাহাদাত হোসেন,১৫০২৯৫১০০৫৮১,মোঃ মাহবুল হক,আক্তার বানূ,"সেকান্তর মিয়া বাড়ী, উত্তর বগাচতর, বগাচতর, সীতাকুন্ড, চট্টগ্রাম",১,Male
০২২২,মানিক,১৫০২৯৫১০০৫৮২,মন ভিলাস,শ্রীেণী বালা,"বজেন্দ্র কুমার বাড়ী, উত্তর বগাচতর, বগাচতর, সীতাকুন্ড, চট্টগ্রাম",১,Male
০২২৩,মোহাম্মদ মোশারফ হোসেন,১৫০২৯৫১০০৫৮৪,মোহাম্মদ আবু তাহের,আফতে আরা বেগম,"বদিউজ্জামান হাজী বাড়ী, উত্তর বগাচতর, বগাচতর, সীতাকুন্ড, চট্টগ্রাম",১,Male
০২২৪,চন্দ্র নাথ,১৫০২৯৫১০০৫৯১,হরি মহন,ছাতকী বালা,"চুল্যাা বাপের বাড়ী, উত্তর বগাচতর, বগাচতর, সীতাকুন্ড, চট্টগ্রাম",১,Male
০২২৫,রুহুল আমিন,১৫০২৯৫১০০৫৯২,আবুল কালাম,ছকিনা বেগম,"হাসমত আলী মিস্ত্রী বাড়ী, উত্তর বগাচতর, বগাচতর, সীতাকুন্ড, চট্টগ্রাম",১,Male
০২২৬,সয় চন্দ্র দাস,১৫০২৯৫১০০৫৯৫,জগদীস চন্দ্র দাস,গয়েরী,"অনন্ত কুমার জলদাসের বাড়ী, উত্তর বগাচতর, বগাচতর, সীতাকুন্ড, চট্টগ্রাম",১,Male
০২২৭,হরলাল,১৫০২৯৫১০০৫৯৭,গোপাল,রবি বালা,"অনন্ত কুমার জলদাসের বাড়ী, উত্তর বগাচতর, বগাচতর, সীতাকুন্ড, চট্টগ্রাম",১,Male
০২২৮,সুভাস দাস,১৫০২৯৫১০০৫৯৮,বাটি রাম,বি বালা দাস,"অনজু কুমার জলদাসের বাড়ী, উত্তর বগাচতর, বগাচতর, সীতাকুন্ড, চট্টগ্রাম",১,Male
০২২৯,কৃষ্ণ,১৫০২৯৫১০০৫৯৯,অদর চান,সোনা গা,"অনন্ত কুমার জলদাস বাড়ী, উত্তর বগাচতর, বগাচতর, সীতাকুন্ড, চট্টগ্রাম",১,Male
০২৩০,মোঃ জসিম উদ্দিন,১৫০২৯৫১০০৬২৫,আহছান উল্যা্যাহ,ছুফিয়া খাতুন,"তোয়ানী মীর বাড়ী, উত্তর বগাচতর, বগাচতর, সীতাকুন্ড, চট্টগ্রাম",১,Male
০২৩১,মোঃ নূরুল হক,১৫০২৯৫১০০৬৩২,ছদিকের রহমান,আয়েশা বেগম,"তোয়ানী মীর বাড়ী, উত্তর বগাচতর, বগাচতর, সীতাকুন্ড, চট্টগ্রাম১৩চূড়ান্ত ভোটার তালিকাজেলা:চট্টগ্রামউপজেলা:সীতাকুন্ডইউনিয়ন:সৈয়দপুরডাকঘর:সীতাকুন্ডভোটার এলাকার কোড: ০২৯৫ভোটার এলাকার নাম: উত্তর বগাচতর",১,Male
০২৩২,মোঃ নূরুল আলম,১৫০২৯৫১০০৬৩৫,আহছান উল্যাাহ,ছুফিয়া খাতুন,"তোয়ানী মীর বাড়ী, উত্তর বগাচতর, বগচতর, সীতাকুন্ড, চট্টগ্রাম",১,Male
০২৩৩,সামসু উদ্দিন,১৫০২৯৫১০০৬৩৬,সিরাজুল হক,খায়রেন্নেছা,"তোয়ানী মীর বাড়ী, উত্তর বগাচতর, বগাচতর, সীতাকুন্ড, চট্টগ্রাম",১,Male
০২৩৪,এমরান হোসেন,১৫০২৯৫১০০৬৩৭,নূরুল আলম,ফিরোজা বেগম,"তোয়ানী মীর বাড়ি, উত্তর বগাচতর, বগাচতর, সীতাকুন্ড, চট্টগ্রাম",১,Male
০২৩৫,কামাল উদ্দিন,১৫০২৯৫১০০৬৪৪,সিরাজুল হক,খায়রেন্নেছা,"তোয়ানী মীর বাড়ী, উত্তর বগাচতর, বগাচতর, সীতাকুন্ড, চট্টগ্রাম",১,Male
০২৩৬,মোঃ সোলেমান,১৫০২৯৫১০০৬৪৮,নূরুল মোস্তফা,আনোয়ারা বেগম,"তোয়ানী মীর বাড়ী, উত্তর বগাচতর, বগাচতর, সীতাকুন্ড, চট্টগ্রাম",১,Male
০২৩৭,মোঃ সাহাব উদ্দিন,১৫০২৯৫১০০৬৫০,মীর হোসেন,লায়লা বেগম,"তোরানী মীর বাড়ী, উত্তর বগাচতর, বগাচতর, সীতাকুন্ড, চট্টগ্রাম",১,Male
০২৩৮,মোঃ নূরুল আবছার,১৫০২৯৫১০০৬৫১,ফরিদ আহমদ,আয়শা খাতুন,"তোয়ানী মীর বাড়ী, উত্তর বগাচতর, বগাচতর, সীতাকুন্ড, চট্টগ্রাম",১,Male
০২৩৯,মোঃ আবুল হাশেম,১৫০২৯৫১০০৬৫৯,আবদুল গনী,মায়মুনা খাতুন,"সেকান্তর ভুঁঞার বাড়ী, উত্তর বগাচতর, বগাচতর, সীতাকুন্ড, চট্টগ্রাম",১,Male
০২৪০,মোঃ নূরুল মোস্তফা,১৫০২৯৫১০০৬৬২,মোঃ সেকান্দাার মিয়া,ছকিনা বেগম,"সেকান্তর ভুঁঞা বাড়ী, উত্তর বগাচতর, বগাচতর, সীতাকুন্ড, চট্টগ্রাম",১,Male
০২৪১,আবদুল মান্নান,১৫০২৯৫১০০৬৬৩,আমিরেজ্জামান,মোস্তফা বেগম,"সেকান্দার ভূঁইয়া বাড়ী, উত্তর বগাচতর, বগাচতর, সীতাকুন্ড, চট্টগ্রাম",১,Male
০২৪২,মোঃ নেজাম উদ্দিন,১৫০২৯৫১০০৬৬৬,আবুল খায়ের,ফাতেমা বেগম,"সেকান্দার ভূঁইয়া বাড়ী, উত্তর বগাচতর, বগাচতর, সীতাকুন্ড, চট্টগ্রাম",১,Male
০২৪৩,নূরুল আলম,১৫০২৯৫১০০৬৬৭,রেহান উদ্দীন,আয়েশা খাতুন,"সেকান্তর ভূঞা বাড়ি, উত্তর বগাচতর, বগাচতর, সীতাকুন্ড, চট্টগ্রাম",১,Male
০২৪৪,মোঃ ইাহীম,১৫০২৯৫১০০৬৭৩,নূরুল মোস্তফা,আনোয়ারা বেগম,"তোয়ানী মীর বাড়ী, উত্তর বগাচতর, বগাচতর, সীতাকুন্ড, চট্টগ্রাম",১,Male
০২৪৫,মোঃ আবুল হোসেন,১৫০২৯৫১০০৬৮১,হাবিব উল্যাাহ,মন্জুরা খাতুন,"সেকান্তর ভূঁঞা বাড়ী, উত্তর বগাচতর, বগাচতর, সীতাকুন্ড, চট্টগ্রাম",১,Male
০২৪৬,"এ, বি, চৌধুরী",১৫০২৯৫১০০৬৮৩,কমর উদ্দীন,জহুরা বেগম,"সেকান্তর ভূঞা বাড়ী, উত্তর বগাচতর, বগাচতর, সীতাকুন্ড, চট্টগ্রাম",১,Male
০২৪৭,কবির আহমদ,১৫০২৯৫১০০৬৮৪,কমর উদ্দিন,জহুরা বেগম,"সেকান্ত ভূঞঁা বাড়ী, উত্তর বগাচতর, বগাচতর, সীতাকুন্ড, চট্টগ্রাম",১,Male
০২৪৮,মোহাম্মদ আলী,১৫০২৯৫১০০৬৮৯,সামসুদ্দিন,শাহানা আক্তার,"সেকান্তর ভূঞঁা বাড়ী, উত্তর বগাচতর, বগাচতর, সীতাকুন্ড, চট্টগ্রাম",১,Male
০২৪৯,আবু তাহের,১৫০২৯৫১০০৬৯১,ফজলে রহমান,নবাব বানূ,"তোয়ানী মীর বাড়ী, উত্তর বগাচতর, বগাচতর, সীতাকুন্ড, চট্টগ্রাম১৪চূড়ান্ত ভোটার তালিকাজেলা:চট্টগ্রামউপজেলা:সীতাকুন্ডইউনিয়ন:সৈয়দপুরডাকঘর:সীতাকুন্ডভোটার এলাকার কোড: ০২৯৫ভোটার এলাকার নাম: উত্তর বগাচতর",১,Male
০২৫০,জয়নাল আবেদীন,১৫০২৯৫১০০৬৯২,আবু বকর,সামসুন্নাহার,"হেদু ভুঞা বাড়ী, উত্তর বগাচতর, বগাচতর, সীতাকুন্ড, চট্টগ্রাম",১,Male
০২৫১,আবুল কালাম,১৫০২৯৫১০০৬৯৩,আবু বকর,শামসুন্নাহার,"হেদু ভূঁইয়া বাড়ী, উত্তর বগাচতর, বগাচতর, সীতাকুন্ড, চট্টগ্রাম",১,Male
০২৫২,মোঃ জাহাঙ্গীর আলম,১৫০২৯৫১০০৬৯৬,আবু বকর,শামসুন্নাহার,"হেদু ভূঞঁা বাড়ী, উত্তর বগাচতর, বগাচতর, সীতাকুন্ড, চট্টগ্রাম",১,Male
০২৫৩,মোঃ জাহেদ হোসেন,১৫০২৯৫১০০৬৯৯,মোয়াজ্জেম হোসেন,ফেরদৌস আরা বেগম,"হেদু ভূঁইয়া বাড়ী, উত্তর বগাচতর, বগাচতর, সীতাকুন্ড, চট্টগ্রাম",১,Male
০২৫৪,আনোয়ার হোসেন,১৫০২৯৫১০০৭০৫,বদিউর রহমান,ফাতেমা বেগম,"হেদু ভূঁঞা বাড়ী, উত্তর বগাচতর, বগাচতর, সীতাকুন্ড, চট্টগ্রাম",১,Male
০২৫৫,মোঃ সেলিম,১৫০২৯৫১০০৭০৮,আবু বকর,সামসুন্নাহার,"হেদ ভূঁইয়া বাড়ী, উত্তর বগাচতর, বগাচতর, সীতাকুন্ড, চট্টগ্রাম",১,Male
০২৫৬,মোঃ সাখাওয়াত হোসেন,১৫০২৯৫১০০৭১৪,মোয়াজ্জেম হোসেন,রিজিয়া বেগম,"হেদু ভূঁঞা বাড়ী, উত্তর বগাচতর, বগাচতর, সীতাকুন্ড, চট্টগ্রাম",১,Male
০২৫৭,নাজমুল হুদা,১৫০২৯৫১০০৭১৫,জামাল উদ্দিন,তৈয়বের নেছা,"বশির উল্যা্যাহ ভূঁইয়া বাড়ী, উত্তর বগাচতর, বগাচতর, সীতাকুন্ড, চট্টগ্রাম",১,Male
০২৫৮,আবুল কাশেম,১৫০২৯৫১০০৭২১,আমিনূল হক,হালিমা খাতুন,"তোয়ানী মীর বাড়ী, উত্তর বগাচতর, বগাচতর, সীতাকুন্ড, চট্টগ্রাম",১,Male
০২৫৯,আবুল বশর,১৫০২৯৫১০০৭২৩,আমিনূল হক,হালিমা খাতুন,"তোয়ানী মীর বাড়ী, উত্তর বগাচতর, বগাচতর, সীতাকুন্ড, চট্টগ্রাম",১,Male
০২৬০,শফিউল আলম,১৫০২৯৫১০০৭২৭,রফিউজ্জামান,লৎফুন্নেছা,"কেরমত আলী সওঃ বাড়ী, উত্তর বগাচতর, বগাচতর, সীতাকুন্ড, চট্টগ্রাম",১,Male
০২৬১,মোহাম্মদ সিরাজ,১৫০২৯৫১০০৭৩১,মোহাম্মদ রফিক উল্যা্যাহ,আছিয়া বেগম,"কেরমত আলী সওদাগর বাড়ী, উত্তর বগাচতর, বগাচতর, সীতাকুন্ড, চট্টগ্রাম",১,Male
০২৬২,নওশেদ আলম,১৫০২৯৫১০০৭৩৩,আবুল কাশেম,ফিরোজা আক্তার,"কেরমত আলী সওঃ বাড়ি, উত্তর বগাচতর, বগাচতর, সীতাকুন্ড, চট্টগ্রাম",১,Male
০২৬৩,মোঃ জামাল উদ্দিন,১৫০২৯৫১০০৭৪২,মোহাম্মদ মিয়া,ছালেহা খাতুন,"বশির উল্যা্যাহ ভূঁইয়া বাড়ী, উত্তর বগাচতর, বগাচতর, সীতাকুন্ড, চট্টগ্রাম",১,Male
০২৬৪,আবু তাহের,১৫০২৯৫১০০৭৪৩,আবুল খায়ের,বিবি ফাতেমা,"আমিনের বাড়ী, উত্তর বগাচতর, বগাচতর, সীতাকুন্ড, চট্টগ্রাম",১,Male
০২৬৫,আবু তাহের ভূইয়া,১৫০২৯৫১০০৭৪৪,আমিরুজ্জামান ভূঁইয়া,মোস্তফা বেগম,"সেকান্তর ভূঁইয়া বাড়ী, উত্তর বগাচতর, বগাচতর, সীতাকুন্ড, চট্টগ্রাম",১,Male
০২৬৬,হেলাল উদ্দীন,১৫০২৯৫১০০৭৪৭,আবদুর সোবহান,আছিয়া খাতুন,"সেকান্তর ভুঁইয়া বাড়ী, উ: বগাচতর, বগাচতর, সীতাকুন্ড, চট্টগ্রাম",১,Male
০২৬৭,মোঃ আবুল হোসাইন,১৫০২৯৫১০০৭৪৯,সফিউল আলম,আলেয়া বেগম,"কেরামত আলী সওদাগর বাড়ী, উত্তর বগাচতর, বগাচতর, সীতাকুন্ড, চট্টগ্রাম১৫চূড়ান্ত ভোটার তালিকাজেলা:চট্টগ্রামউপজেলা:সীতাকুন্ডইউনিয়ন:সৈয়দপুরডাকঘর:সীতাকুন্ডভোটার এলাকার কোড: ০২৯৫ভোটার এলাকার নাম: উত্তর বগাচতর",১,Male
০২৬৮,মোঃ মোজাম্মেল হক,১৫০২৯৫১০০৭৫০,রবিউল হোসেন,লায়লা বেগম,"কেরামত আলী সওদাগর বাড়ী, উত্তর বগাচতর, বগাচতর, সীতাকুন্ড, চট্টগ্রাম",১,Male
০২৬৯,শফিউল আলম,১৫০২৯৫১০০৭৫১,আবদুস সুবাহান,আছমা খাতুন,"সেকান্তর ভুঁঞা বাড়ী, উত্তর বগাচতর, বগাচতর, সীতাকুন্ড, চট্টগ্রাম",১,Male
০২৭০,এমদাদ হোসেন,১৫০২৯৫১০০৭৫২,জাহাঙ্গীর আলম,নাজমা আক্তার,"কেরামত আলী সওদাগর বাড়ী, উত্তর বগাচতর, বগাচতর, সীতাকুন্ড, চট্টগ্রাম",১,Male
০২৭১,শাহাদাৎ হোসেন,১৫০২৯৫১০০৭৫৩,শফিউল আলম,আলেয়া বেগম,"কেরামত আলী বাড়ী, উত্তর বগাচতর, বগাচতর, সীতাকুন্ড, চট্টগ্রাম",১,Male
০২৭২,মোঃ ফারুক,১৫০২৯৫১০০৭৫৪,আবু তাহের,ফিরুজা আক্তার,"কেরামত আলী সওঃ বাড়ি, উত্তর বগাচতর, বগাচতর, সীতাকুন্ড, চট্টগ্রাম",১,Male
০২৭৩,সামছুল আলম,১৫০২৯৫১০০৭৫৫,রফিউজ্জমা,লুৎফুন্নেছা,"কেরামত আলী সওদাগর বাড়ী, উত্তর বগাচতর, বগাচতর, সীতাকুন্ড, চট্টগ্রাম",১,Male
০২৭৪,মোঃ ফজলুল হক,১৫০২৯৫১০০৭৫৮,রবিউল হোসেন,লায়লা বেগম,"কেরামত আলী সওদাগর বাড়ী, উত্তর বগাচতর, বগাচতর, সীতাকুন্ড, চট্টগ্রাম",১,Male
০২৭৫,মোঃ নূরুজ্জমান,১৫০২৯৫১০০৭৬০,মানসুর আহমদ,ছবুরা খাতুন,"ছদিক মৌলভী বাড়ী, উঃ বগাচতর, বগাচতর, সীতাকুন্ড, চট্টগ্রাম",১,Male
০২৭৬,কামাল উদ্দীন,১৫০২৯৫১০০৭৬৩,মনসুর আহম্মদ,ছবুরা খাতুন,"ছদিক মৌলভী বাড়ী, উ: বগাচতর, বগাচতর, সীতাকুন্ড, চট্টগ্রাম",১,Male
০২৭৭,আনোয়ারুল কবির,১৫০২৯৫১০০৭৬৬,জামাল উদ্দিন,রোশনেয়ারা বেগম,"ছদিক মৌলভী বাড়ী, উত্তর বগাচতর, বগাচতর, সীতাকুন্ড, চট্টগ্রাম",১,Male
০২৭৮,আবদুর রহিম,১৫০২৯৫১০০৭৬৯,এমদাদ হোসেন,সামসুন্নাহার,"ছদিক মৌলভি বাড়ী, উত্তর বগাচতর, বগাচতর, সীতাকুন্ড, চট্টগ্রাম",১,Male
০২৭৯,মোঃ শাহাদাত হোসেন,১৫০২৯৫১০০৭৭৫,মহিউদ্দিন মোর,শাহানা আক্তার,"ছদিক মৌলভী বাড়ী, উত্তর বগাচতর, বগাচতর, সীতাকুন্ড, চট্টগ্রাম",১,Male
০২৮০,মোঃ নূর হোসেন,১৫০২৯৫১০০৭৭৮,রোশনেজ্জমান,শরিয়া খাতুন,"ছদিক মৌলভী বাড়ী, উত্তর বগাচতর, বগাচতর, সীতাকুন্ড, চট্টগ্রাম",১,Male
০২৮১,মোঃ নাছির উদ্দীন,১৫০২৯৫১০০৭৭৯,আবুল খায়ের,সামসুন্নাহার,"ছদিক মৌলভী বাড়ী, উত্তর বগাচতর, বগাচতর, সীতাকুন্ড, চট্টগ্রাম",১,Male
০২৮২,ডাঃ শামসুদ্দিন আহমেদ,১৫০২৯৫১০০৭৮০,মরহুম শেখ আহমদ,মরহুমা মাহদুদা খাতুন,"ডা: শামসুদ্দিন আহমেদ বাড়ী, উ: বগাচতর, বগাচতর, সীতাকুন্ড, চট্টগ্রাম",১,Male
০২৮৩,লুৎফুল করিম সিদ্দিকী,১৫০২৯৫১০০৭৮১,ডাঃ সামসুদ্দীন আহমেদ,মহিনূর হাছিনা আক্তার,"ডাঃ শামসুদ্দীন আহমেদ বাড়ী, উত্তর বগাচতর, বগাচতর, সীতাকুন্ড, চট্টগ্রাম",১,Male
০২৮৪,নজরুল ইসলাম,১৫০২৯৫১০০৭৮৮,মোঃ ইয়াছিন,নূর নাহার,"মোঃ এয়াছিন বাড়ী, উত্তর বগাচতর, বগাচতর, সীতাকুন্ড, চট্টগ্রাম",১,Male
০২৮৫,মোঃ এয়াছিন,১৫০২৯৫১০০৭৮৯,মুক্তার আহম্মদ,আবেদা খাতুন,"এয়াছিন বাড়ী, উত্তর বগাচতর, বগাচতর, সীতাকুন্ড, চট্টগ্রাম১৬চূড়ান্ত ভোটার তালিকাজেলা:চট্টগ্রামউপজেলা:সীতাকুন্ডইউনিয়ন:সৈয়দপুরডাকঘর:সীতাকুন্ডভোটার এলাকার কোড: ০২৯৫ভোটার এলাকার নাম: উত্তর বগাচতর",১,Male
০২৮৬,মোঃ এরশাদুল ইসলাম,১৫০২৯৫১০০৭৯০,মোঃ এয়াছিন,নূর নাহার,"এয়ছিন বাড়ী, উত্তর বগাচতর, বগাচতর, সীতাকুন্ড, চট্টগ্রাম",১,Male
০২৮৭,মোঃ জসিম উদ্দিন,১৫০২৯৫১০০৭৯৩,শফিউল আলম,বিবি কুলসুমা,"ছদিক মৌলভী বাড়ী, উত্তর বগাচতর, বগাচতর, সীতাকুন্ড, চট্টগ্রাম",১,Male
০২৮৮,মোঃ জেবল হোসেন,১৫০২৯৫১০০৭৯৪,শফিউল আলম,বিবি কুলসুমা,"ছদিক মৌলভী বাড়ী, উত্তর বগাচতর, বগাচতর, সীতাকুন্ড, চট্টগ্রাম",১,Male
০২৮৯,মোঃ সোলায়মান,১৫০২৯৫১০০৭৯৫,শফিউল আলম,বিবি কুলসুমা,"ছদিক মৌলভী বাড়ী, উত্তর বগাচতর, বগাচতর, সীতাকুন্ড, চট্টগ্রাম",১,Male
০২৯০,মোঃ নূরুাফা,১৫০২৯৫১০০৮০০,বদিউজ্জামান,হালিমা খাতুন,"বদি মেস্তরী বাড়ী, উত্তর বগাচতর, বগাচতর, সীতাকুন্ড, চট্টগ্রাম",১,Male
০২৯১,নূরুন্নবী,১৫০২৯৫১০০৮০৩,বদিউজ্জমান,হালিমা খাতুন,"বদি মেস্তরী বাড়ী, উত্তর বগাচতর, বগাচতর, সীতাকুন্ড, চট্টগ্রাম",১,Male
০২৯২,রুহুল আমিন,১৫০২৯৫১০০৮০৫,মুত গণি আহমদ,ছোকধন বিয়া,"ছদিক মৌলভী বাড়ী, উত্তর বগাচতর, বগাচতর, সীতাকুন্ড, চট্টগ্রাম",১,Male
০২৯৩,মোঃ সিরাজুল ইসলাম,১৫০২৯৫১০০৮০৭,রুহুল আমিন,জাহানারা বেগম,"ছদিক মৌলভী বাড়ী, উত্তর বগাচতর, বগাচতর, সীতাকুন্ড, চট্টগ্রাম",১,Male
০২৯৪,হাজী নরুল আলম,১৫০২৯৫১০০৮১০,হাজী ফরিদ আহমদ,আয়শা খাতুন,"তোয়ানী মীর বাড়ী, উত্তর বগাচতর, বগাচতর, সীতাকুন্ড, চট্টগ্রাম",১,Male
০২৯৫,মোঃ মাহাবুবুল হক,১৫০২৯৫১০০৮১১,বজলুর রহমান,হাজেরা খাতুন,"বজলে রহমান ভূঁঞা বাড়ী, উত্তর বগাচতর, বগাচতর, সীতাকুন্ড, চট্টগ্রাম",১,Male
০২৯৬,বজলের রহমান,১৫০২৯৫১০০৮১২,আবদুল মজিদ ভূঁঞা,লুৎফুন্নেসা,"বজলে রহমান ভূঞা বাড়ী, উত্তর বগাচতর, বগাচতর, সীতাকুন্ড, চট্টগ্রাম",১,Male
০২৯৭,সাইদুল ইসলাম,১৫০২৯৫১০০৮১৬,মোঃ এয়াছিন,নূর নাহার,"মোঃ এয়াছিন বাড়ী, উত্তর বগাচতর, বগাচতর, সীতাকুন্ড, চট্টগ্রাম",১,Male
০২৯৮,নূর উদ্দিন,১৫০২৯৫১০০৮১৭,মনসুর আহমদ,ছবুরা খাতুন,"ছদিক মৌলভী বাড়ী, উত্তর বগাচতর, বগাচতর, সীতাকুন্ড, চট্টগ্রাম",১,Male
০২৯৯,আনোয়ারুল আজীম,১৫০২৯৫১০০৮১৯,নূর উদ্দিন,রেহানা বেগম,"ছদিক মৌলভী বাড়ী, উত্তর বগাচতর, বগাচতর, সীতাকুন্ড, চট্টগ্রাম",১,Male
০৩০০,মোঃ ইসমাইল,১৫০২৯৫১০০৮২০,মোঃ আবুল বশর,ফিরোজা বেগম,"ছদিক মৌলভি বাড়ী, উত্তর বগাচতর, বগাচতর, সীতাকুন্ড, চট্টগ্রাম",১,Male
০৩০১,মোঃ আবু নূর,১৫০২৯৫১০০৮২১,আবুল কাশেম,অজিফা খাতুন,"ছদিক মৌলভী বাড়ী, উত্তর বগাচতর, বগাচতর, সীতাকুন্ড, চট্টগ্রাম",১,Male
০৩০২,আবুল বশর,১৫০২৯৫১০০৮২২,মোঃ ছদিকুর রহমান,হাফেজা খাতুন,"মৌলভী ছদিক বাড়ী, উত্তর বগাচতর, বগাচতর, সীতাকুন্ড, চট্টগ্রাম",১,Male
০৩০৩,মফিজ উদ্দিন,১৫০২৯৫১০০৮৩৩,সিরাজুল হক,খায়রের নেছা,"তোয়ানী মীর বাড়ী, উত্তর বগাচতর, বগাচতর, সীতাকুন্ড, চট্টগ্রাম১৭চূড়ান্ত ভোটার তালিকাজেলা:চট্টগ্রামউপজেলা:সীতাকুন্ডইউনিয়ন:সৈয়দপুরডাকঘর:সীতাকুন্ডভোটার এলাকার কোড: ০২৯৫ভোটার এলাকার নাম: উত্তর বগাচতর",১,Male
০৩০৪,মোঃ নাছির উদ্দিন,১৫০২৯৫১০০৮৩৪,সিরাজুল হক,খায়রের নেছা,"তোয়ানী মীর বাড়ী, উত্তর বগাচতর, বগাচতর, সীতাকুন্ড, চট্টগ্রাম",১,Male
০৩০৫,জামাল উদ্দীন,১৫০২৯৫১০০৮৩৬,সিরাজুল হক,রিজিয়া বেগম,"তোয়ানী বাড়ী, উত্তর বগাচতর, বগাচতর, সীতাকুন্ড, চট্টগ্রাম",১,Male
০৩০৬,মোঃ খোরশেদ আলম,১৫০২৯৫১০০৮৩৭,আবু তাহের,বিবি আয়শা,"তোয়ানী মীর বাড়ী, উত্তর বগাচতর, বগাচতর, সীতাকুন্ড, চট্টগ্রাম",১,Male
০৩০৭,আবুল কালাম,১৫০২৯৫১০০৮৩৮,আমিনের জমা,ছকিনা খাতুন,"আমিনের বাড়ী, উত্তর বগাচতর, বগাচতর, সীতাকুন্ড, চট্টগ্রাম",১,Male
০৩০৮,মোঃ মীর মোশারফ হোসেন,১৫০২৯৫১০০৮৩৯,আবদুল আহাদ মাস্টার,বদিউন্নেছা,"হেদু ভুঞা বাড়ী, উত্তর বগাচতর, বগাচতর, সীতাকুন্ড, চট্টগ্রাম",১,Male
০৩০৯,মফিজুর রহমান,১৫০২৯৫১০০৮৪০,হাবিব উল্যা্যাহ,মুরা খাতুন,"সেকান্দার ভূঁইয়া বাড়ী, উত্তর বগাচতর, বগাচতর, সীতাকুন্ড, চট্টগ্রাম",১,Male
০৩১০,মোঃ এমদাদ হোসেন,১৫০২৯৫১০০৮৪১,তাজুল ইসলাম,ছকিনা খাতুন,"ছদিক মৌলভী বাড়ী, উত্তর বগাচতর, বগাচতর, সীতাকুন্ড, চট্টগ্রাম",১,Male
০৩১১,মোঃ মহিউদ্দীন,১৫০২৯৫১০০৮৪৩,গোলাম হোসেন,নাদেরের নেছা,"ছদিক মৌলভী বাড়ী, উত্তর বগাচতর, বগাচতর, সীতাকুন্ড, চট্টগ্রাম",১,Male
০৩১২,আলী আকবর,১৫০২৯৫১০০৮৪৪,ছদিকের রহমান,আয়েশা বেগম,"তোয়ানী মীর বাড়ী, উত্তর বগাচতর, বগাচতর, সীতাকুন্ড, চট্টগ্রাম",১,Male
০৩১৩,এরফান উদ্দীন,১৫০২৯৫১০০৮৪৭,নূরুজ্জমান,আলেয়া আক্তার,"ছদিক মৌলভী বাড়ী, উত্তর বগাচতর, বগাচতর, সীতাকুন্ড, চট্টগ্রাম",১,Male
০৩১৪,মোঃ মোসলিম উদ্দীন,১৫০২৯৫১০০৮৫০,আবুল খায়ের,শামসুন্নাহার,"ছদিক মৌলভী বাড়ী, উত্তর বগাচতর, বগাচতর, সীতাকুন্ড, চট্টগ্রাম",১,Male
০৩১৫,মোঃ রফিকুল ইসলাম (মামুন),১৫০২৯৫১০০৮৫১,মোঃ রুহুল আমিন,জাহানারা বেগম,"ছদিক মৌলভী বাড়ী, উত্তর বগাচতর, বগাচতর, সীতাকুন্ড, চট্টগ্রাম",১,Male
০৩১৬,আবু জাফর,১৫০২৯৫১০০৮৫২,জাগীর হোসেন,হাজেরা খাতুন,"আমিনের বাড়ী, উত্তর বগাচতর, বগাচতর, সীতাকুন্ড, চট্টগ্রাম",১,Male
০৩১৭,কামাল উদ্দীন,১৫০২৯৫১০০৮৫৫,আমিনেজুমা,ছকিনা খাতুন,"আমিনের বাড়ী, উত্তর বগাচতর, বগাচতর, সীতাকুন্ড, চট্টগ্রাম",১,Male
০৩১৮,মাসুদ আলম,১৫০২৯৫১০০৮৬৬,আমিনেজ্জমান,ছকিনা খাতুন,"আমিনের বাড়ী, উত্তর বগাচতর, বগাচতর, সীতাকুন্ড, চট্টগ্রাম",১,Male
০৩১৯,সিরাজুল হক,১৫০২৯৫১০০৮৬৮,আবদুল গনি,নূর খাতুন,"তোয়ানী মীর বাড়ী, উত্তর বগাচতর, বগাচতর, সীতাকুন্ড, চট্টগ্রাম",১,Male
০৩২০,আনোয়ার হোসেন,১৫০২৯৫১০০৮৬৯,আবু তাহের,ছালেহা বেগম,"আমিনের বাড়ী, উত্তর বগাচতর, বগাচতর, সীতাকুন্ড, চট্টগ্রাম",১,Male
০৩২১,মাসুদ আলম,১৫০২৯৫১০০৮৭০,আবু তাহের,আয়শা বেগম,"তোয়ানী মীর বাড়ী, উত্তর বগাচতর, বগাচতর, সীতাকুন্ড, চট্টগ্রাম১৮চূড়ান্ত ভোটার তালিকাজেলা:চট্টগ্রামউপজেলা:সীতাকুন্ডইউনিয়ন:সৈয়দপুরডাকঘর:সীতাকুন্ডভোটার এলাকার কোড: ০২৯৫ভোটার এলাকার নাম: উত্তর বগাচতর",১,Male
০৩২২,আবুল কালাম,১৫০২৯৫১০০৮৭১,ফয়েজ আহমদ,বিয়াধন,"হাবিব উল্যাহ মীর বাড়ী, উত্তর বগাচতর, বগাচতর, সীতাকুন্ড, চট্টগ্রাম",১,Male
০৩২৩,মোহাম্মদ হাছান,১৫০২৯৫১০০৮৭২,তাজুল ইসলাম,ওয়াছ খাতুন,"কেরামত আলী সওঃ বাড়ী, উত্তর বগাচতর, বগাচতর, সীতাকুন্ড, চট্টগ্রাম",১,Male
০৩২৪,জহিরুল হক,১৫০২৯৫১০০৮৭৪,আবুল খায়ের,ফাতেমা বেগম,"আমিনের বাড়ী, উত্তর বগাচতর, বগাচতর, সীতাকুন্ড, চট্টগ্রাম",১,Male
০৩২৫,মোঃ সোলায়মান,১৫০২৯৫১০০৮৭৫,জহিরুল হক,বিবি রহিমা,"আমিনের বাড়ী, উত্তর বগাচতর, বগাচতর, সীতাকুন্ড, চট্টগ্রাম",১,Male
০৩২৬,আরিফুল ইসলাম,১৫০২৯৫১০০৮৭৬,মোঃ এয়াছিন,নূর নাহার বেগম,"এয়াছিনের বাড়ী, উত্তর বগাচতর, বগাচতর, সীতাকুন্ড, চট্টগ্রাম",১,Male
০৩২৭,মোহাম্মদ জাকেরুল ইসলাম,১৫০২৯৫১০০৮৭৭,মোহাম্মদ মাহবুবুল হক,নূর বানূ,"এয়াছিনের বাড়ী, উত্তর বগাচতর, বগাচতর, সীতাকুন্ড, চট্টগ্রাম",১,Male
০৩২৮,মোঃ নূর উন নবী,১৫০২৯৫১০০৮৭৮,মোঃ নূরুল মোস্তফা,সামসুন্নাহার,"হেদু ভুঁঞা বাড়ি, উত্তর বগাচতর, বগাচতর, সীতাকুন্ড, চট্টগ্রাম",১,Male
০৩২৯,এমদাদ হোসেন বাবুল,১৫০২৯৫১০০৮৭৯,সিরাজুল হক,মাফিয়া খাতুন,"হাবিব উল্যা্যাহ মীর বাড়ী, উত্তর বগাচতর, বগাচতর, সীতাকুন্ড, চট্টগ্রাম",১,Male
০৩৩০,মোহাম্মদ সিরাজুল ইসলাম,১৫০২৯৫১০০৮৮০,মরহুম আবু সৈয়দ,রাহেলা বেগম,"আবু সৈয়দের বাড়ী, উত্তর বগাচতর, বগাচতর, সীতাকুন্ড, চট্টগ্রাম",১,Male
০৩৩১,মোঃ জামশেদ আলম,১৫০২৯৫১০০৮৮৫,জামাল উদ্দিন,তৈয়বের নেছা,"বশির উল্যাহ ভুঁঞা বাড়ী, উত্তর বগাচতর, বগাচতর, সীতাকুন্ড, চট্টগ্রাম",১,Male
০৩৩২,মোহাম্মদ শাহ এমরান ভূঁইয়া,১৫০২৯৫১০০৯৩১,মেহাম্মদ ইছাক মিয়া,মোছাম্মৎ রাবেয়া খাতুন,"মান সফি ভূঁইয়া বাড়ী, উত্তর বগাচতর, বগাচতর, সীতাকুন্ড, চট্টগ্রাম",১,Male
০৩৩৩,মোহাম্মদ তোফাজ্জল হোসাইন,১৫০২৯৫১০০৯৩৩,মোহাম্মদ শাহ এমরান ভূঁঞা,মোছাম্মৎ জাহানারা আক্তার,"মান সফি ভূঁঞা বাড়ী, উত্তর বগাচতর, বগাচতর, সীতাকুন্ড, চট্টগ্রাম",১,Male
০৩৩৪,মোঃ আওরঙ্গজেব,১৫০২৯৫১০০৯৩৫,মোঃ আবু বকর,নজুমার নেছা,"মান সফি ভূঁইয়া বাড়ী, উত্তর বগাচতর, বগাচতর, সীতাকুন্ড, চট্টগ্রাম",১,Male
০৩৩৫,মোহাম্মদ হারুন,১৫০২৯৫১০০৯৩৭,মোঃ আওরঙ্গজেব,নাজমা বেগম,"মান সফি ভূঁইয়া বাড়ী, উত্তর বগাচতর, বগাচতর, সীতাকুন্ড, চট্টগ্রাম",১,Male
০৩৩৬,মোহাঃ ফয়েজ উল্যা্যাহ,১৫০২৯৫১০০৯৪৫,মোঃ আবু নছর অহিদ,মোছাঃ জরিনা খাতুন,"মান সফি ভূঁইয়া বাড়ী, উত্তর বগাচতর, বগাচতর, সীতাকুন্ড, চট্টগ্রাম",১,Male
০৩৩৭,মোঃ নূরুল আবছার ফারুক,১৫০২৯৫১০০৯৪৭,কেনূ মিয়া,আনোয়ারা বেগম,"মান সুফি ভূঁইয়া বাড়ী, উত্তর বগাচতর, বগাচতর, সীতাকুন্ড, চট্টগ্রাম০৩৩৮. মাইগ্রেট হয়েছে",১,Male
০৩৩৯,মোঃ নূরুল কবির ভূঁইয়া,১৫০২৯৫১০০৯৫১,হাবিব উল্যা্যাহ,মনোয়ারা বেগম,"মান সফি ভূঁইয়া বাড়ী, উত্তর বগাচতর, বগাচতর, সীতাকুন্ড, চট্টগ্রাম১৯চূড়ান্ত ভোটার তালিকাজেলা:চট্টগ্রামউপজেলা:সীতাকুন্ডইউনিয়ন:সৈয়দপুরডাকঘর:সীতাকুন্ডভোটার এলাকার কোড: ০২৯৫ভোটার এলাকার নাম: উত্তর বগাচতর",১,Male
০৩৪০,মোহাম্মদ মনিরুল ইসলাম,১৫০২৯৫১০০৯৫৯,মোহাম্মদ হাবিব উল্যা্যাহ,মনোয়ারা বেগম,"মান সফি ভূঁইয়া বাড়ী, উত্তর বগাচতর, বগাচতর, সীতাকুন্ড, চট্টগ্রাম",১,Male
০৩৪১,মোহাম্মদ ফয়সল ভূঁইয়া,১৫০২৯৫১০০৯৬৭,মোহাম্মদ শাহ আলম ভুঁইয়া,লশাহানারা,"মান সফি ভুঁঞা বাড়ি, উত্তর বগাচতর, বগাচতর, সীতাকুন্ড, চট্টগ্রাম",১,Male
০৩৪২,মোঃ গোলাম মুর্তজা ভূঁইয়া,১৫০২৯৫১০০৯৬৯,আবদুল মালেক ভূঁইয়া,রওশন বানূ,"মান মফি ভূঁইয়া বাড়ী, উত্তর বগাচতর, বগাচতর, সীতাকুন্ড, চট্টগ্রাম",১,Male
০৩৪৩,মোঃ মনিরুজ্জামান,১৫০২৯৫১০০৯৭৩,নূরুল ইসলাম,রওশনারা বেগম,"মানসফি ভুঁঞার বাড়ী, উত্তর বগাচতর, বগাচতর, সীতাকুন্ড, চট্টগ্রাম",১,Male
০৩৪৪,মোঃ আবু ছায়েদ,১৫০২৯৫১০০৯৭৫,আবুল হোসেন,রুপিয়া বেগম,"মান সুফি ভূঁইয়া বাড়ী, উত্তর বগাচতর, বগাচতর, সীতাকুন্ড, চট্টগ্রাম",১,Male
০৩৪৫,মেহাম্মদ হুমায়ূন কবির,১৫০২৯৫১০০৯৭৮,আলহা সিরাজুল মোস্তফা,বিবি চান্দােনা আক্তার,"মান সফি ভূঁইয়া বাড়ী, উত্তর বগাচতর, বগাচতর, সীতাকুন্ড, চট্টগ্রাম০৩৪৬. মাইগ্রেট হয়েছে",১,Male
০৩৪৭,এনামুল হক,১৫০২৯৫১০০৯৮৬,রুহুল আমিন,দেল আোজ বেগম,"মান সফি ভূঁইয়া বাড়ী, উত্তর বগাচতর, বগাচতর, সীতাকুন্ড, চট্টগ্রাম",১,Male
০৩৪৮,মোহাম্মদ নাইমুল হাসান রাহাত,১৫০২৯৫১০০৯৮৭,এনামুল হক,সাবিনা ইয়াছমিন,"মান সফি ভূঁইয়া বাড়ী, উত্তর বগাচতর, বগাচতর, সীতাকুন্ড, চট্টগ্রাম",১,Male
০৩৪৯,মোহাম্মদ মীর হোসাইন ভূঁইয়া,১৫০২৯৫১০০৯৮৯,মোঃ শাহজাহান ভূঁইয়া,মোছাম্মৎ মনোয়ারা বেগম,"মান সফি ভূঁইয়া বাড়ী, উত্তর বগাচতর, বগাচতর, সীতাকুন্ড, চট্টগ্রাম",১,Male
০৩৫০,মোঃ আমির হামজা,১৫০২৯৫১০০৯৯৫,আবুল ফয়েজ,মনোয়ারা বেগম,"মান সফি ভূঁইয়া বাড়ী, উত্তর বগাচতর, বগাচতর, সীতাকুন্ড, চট্টগ্রাম",১,Male
০৩৫১,মীর আবুল মুনছুর,১৫০২৯৫১০০৯৯৭,মীর ছৈয়দুর রহমান,জোহরা খাতুন,"হরমত খঁা বাড়ি, উত্তর বগাচতর, বগাচতর, সীতাকুন্ড, চট্টগ্রাম",১,Male
০৩৫২,মীর মোহাম্মদ হেলাল উদ্দিন,১৫০২৯৫১০১০০৩,মীর হাফেজ কানূ মিয়া,হোসনে আরা বেগম,"হুরমত খা বাড়ী, উত্তর বগাচতর, বগাচতর, সীতাকুন্ড, চট্টগ্রাম",১,Male
০৩৫৩,মোঃ কিবরিয়া,১৫০২৯৫১০১০১০,মোঃ জাকির হোসেন,নূর জাহান বেগম,"হুরমত খা বাড়ী, উত্তর বগাচতর, বগাচতর, সীতাকুন্ড, চট্টগ্রাম",১,Male
০৩৫৪,মোঃ এরশাদ উল্যা্যাহ,১৫০২৯৫১০১০১৩,মোঃ জেবাল হক,চেনোয়ারা বেগম,"হুরমত খা বাড়ি, উত্তর বগাচতর, বগাচতর, সীতাকুন্ড, চট্টগ্রাম",১,Male
০৩৫৫,মোঃ জাফর উল্যাাহ হান্নান,১৫০২৯৫১০১০১৫,মুকছুদ আহমদ,জাহেদা বেগম,"হুরমত খঁা বাড়ী, উত্তর বগাচতর, বগাচতর, সীতাকুন্ড, চট্টগ্রাম",১,Male
০৩৫৬,জয়নাল আবেদীন,১৫০২৯৫১০১০২৫,মুকছুদ আহম্মদ,জাহেদা খাতুন,"হুরমত খঁা বাড়ী, উত্তর বগাচতর, বগাচতর, সীতাকুন্ড, চট্টগ্রাম",১,Male
০৩৫৭,মুসলিম উদ্দিন,১৫০২৯৫১০১০২৯,ফয়েজ আহম্মদ,ফরিদা আক্তার,"হুরমত খা বাড়ী, উত্তর বগাচতর, বগাচতর, সীতাকুন্ড, চট্টগ্রাম২০চূড়ান্ত ভোটার তালিকাজেলা:চট্টগ্রামউপজেলা:সীতাকুন্ডইউনিয়ন:সৈয়দপুরডাকঘর:সীতাকুন্ডভোটার এলাকার কোড: ০২৯৫ভোটার এলাকার নাম: উত্তর বগাচতর",১,Male
০৩৫৮,মজিবুল হক,১৫০২৯৫১০১০৩০,তাজুল ইসলাম,রুপিলা বেগম,"হুরমত খঁা বাড়ী, উত্তর বগাচতর, বগাচতর, সীতাকুন্ড, চট্টগ্রাম",১,Male
০৩৫৯,মোহাঃ সাইফূল ইসলাম,১৫০২৯৫১০১০৩৩,জেবাউল হক,ছেনোয়ারা বেগম,"হুরমত খা বাড়ী, উত্তর বগাচতর, বগাচতর, সীতাকুন্ড, চট্টগ্রাম",১,Male
০৩৬০,করিম,১৫০২৯৫১০১০৩৫,তাজুল ইসলাম,বিবি রহিমা,"হরমত খা বাড়ী, উত্তর বগাচতর, বগাচতর, সীতাকুন্ড, চট্টগ্রাম",১,Male
০৩৬১,মোঃ আব্দুল্যাাহ,১৫০২৯৫১০১০৪৩,ফজলুর রহমান,বিবি জোহরা খাতুন,"হুরমত খা বাড়ী, উত্তর বগাচতর, বগাচতর, সীতাকুন্ড, চট্টগ্রাম",১,Male
০৩৬২,কবির আহাম্মদ,১৫০২৯৫১০১০৪৭,ছেরাজুল হক,রাবেয়া খাতুন,"হুরমত খা বাড়ী, উত্তর বগাচতর, বগাচতর, সীতাকুন্ড, চট্টগ্রাম",১,Male
০৩৬৩,রফিকুল ইসলাম,১৫০২৯৫১০১০৫১,জেবাউল হক,ছেনোয়ারা বেগম,"হুরমত খঁা বাড়ী, উত্তর বগাচতর, বগাচতর, সীতাকুন্ড, চট্টগ্রাম",১,Male
০৩৬৪,মোঃ মাসুদ হোসেন আনোয়ার,১৫০২৯৫১০১০৬১,মোঃ জামান উল্যা্যাহ,বিবি ফাতেমা,"আব্দুল্যাাহ দজর্ি বাড়ী, উত্তর বগাচতর, বগাচতর, সীতাকুন্ড, চট্টগ্রাম০৩৬৫. মাইগ্রেট হয়েছে",১,Male
০৩৬৬,মোঃ নাছির উদ্দিন,১৫০২৯৫১০১০৬৫,মোঃ রুহুল আমিন,সেলিনা আক্তার,"বাহাদুল্যা্যাহ দজর্ি বাড়ী, উত্তর বগাচতর, বগাচতর, সীতাকুন্ড, চট্টগ্রাম",১,Male
০৩৬৭,জাহাঙ্গীর আলম,১৫০২৯৫১০১০৬৯,আলী আকবর,নাদেরা বেগম,"বাহাদুল্যা্যা দজর্ি বাড়ী, উ: বগাচতর, বগাচতর, সীতাকুন্ড, চট্টগ্রাম",১,Male
০৩৬৮,শাহাবউদ্দিন,১৫০২৯৫১০১০৭১,তাজুল ইসলাম,সুফিয়া খাতুন,"বাহাদুল্যাাহ দজর্ি বাড়ী, উত্তর বগাচতর, বগাচতর, সীতাকুন্ড, চট্টগ্রাম",১,Male
০৩৬৯,মোঃ হুমায়ন কবির,১৫০২৯৫১০১০৭২,আমির ব,সুফিয়া খাতুন,"বাহাদুল্যা্যাহ দজি বাড়ী, উত্তর বগাচতর, বগাচতর, সীতাকুন্ড, চট্টগ্রাম০৩৭০. মাইগ্রেট হয়েছে",১,Male
০৩৭১,মোহাম্মদ মহিন উদ্দিন,১৫০২৯৫১০১০৮৫,মোঃ কবির আহাম্মদ,ফিরোজা বেগম,"হরমত খা বাড়ী, উত্তর বগাচতর, বগাচতর, সীতাকুন্ড, চট্টগ্রাম",১,Male
০৩৭২,আবু নূর,১৫০২৯৫১০১০৮৬,নূরের জামান,মাফিয়া খাতুন,"বাহার মাঝির বাড়ী নতুন, উত্তর বগাচতর, বগাচতর, সীতাকুন্ড, চট্টগ্রাম০৩৭৩. মাইগ্রেট হয়েছে",১,Male
০৩৭৪,মোঃ নাজিম উদ্দিন,১৫০২৯৫১০১০৯২,আমান উল্যা্যাহ,ফিরোজা বেগম,"মোম আলী সারাং বাড়ি, উত্তর বগাচতর, বগাচতর, সীতাকুন্ড, চট্টগ্রাম",১,Male
০৩৭৫,শাহাব উদ্দীন,১৫০২৯৫১০১০৯৫,আব্দুল জার,সুফিয়া খাতুন,"চৌকিদার বাড়ী, উত্তর বগাচতর, বগাচতর, সীতাকুন্ড, চট্টগ্রাম২১চূড়ান্ত ভোটার তালিকাজেলা:চট্টগ্রামউপজেলা:সীতাকুন্ডইউনিয়ন:সৈয়দপুরডাকঘর:সীতাকুন্ডভোটার এলাকার কোড: ০২৯৫ভোটার এলাকার নাম: উত্তর বগাচতর",১,Male
০৩৭৬,মুহাম্মদ সাইফুল ইসলাম,১৫০২৯৫১০১১০০,মুহাম্মদ আবুল কালাম,আিয়া খাতুন,"হুরমত খঁা বাড়ী, উত্তর বগাচতর, বগাচতর, সীতাকুন্ড, চট্টগ্রাম",১,Male
০৩৭৭,মোঃ রবিউল হোসেন,১৫০২৯৫১০১১০৪,সামছুল হক,মানিক বিয়া,"হুরমত খঁা বাড়ী, উত্তর বগাচতর, বগাচতর, সীতাকুন্ড, চট্টগ্রাম",১,Male
০৩৭৮,সামছুদ্দিন,১৫০২৯৫১০১১০৯,নূরুল ইসলাম,রহিমা খাতুন,"বাহার মাঝি বাড়ী নতুন, উত্তর বগাচতর, বগাচতর, সীতাকুন্ড, চট্টগ্রাম",১,Male
০৩৭৯,মোহাম্মদ মেহেদী হাসান,১৫০২৯৫১০১১১১,মোহাম্মদ নূরুন্নবী,শিরিনা আক্তার,"মান সফি ভূঁঞা বাড়ী, উত্তর বগাচতর, বগাচতর, সীতাকুন্ড, চট্টগ্রাম",১,Male
০৩৮০,মুহাম্মদ আজমল খান নিজামী,১৫০২৯৫১০১১১২,আবুল কাসেম ভূঁইয়া,হোসান আরা বেগম,"মান সফি ভূঁইয়ার বাড়ী, উত্তর বগাচতর, বগাচতর, সীতাকুন্ড, চট্টগ্রাম",১,Male
০৩৮১,মোহাম্মদ মাসুদ হাসান রিফাত,১৫০২৯৫১০১১১৩,মোহাম্মদ নূরুন্নবী,শিরীনা আক্তার,"মান শফি ভূঁইয়া বাড়ী, উত্তর বগাচতর, বগাচতর, সীতাকুন্ড, চট্টগ্রাম",১,Male
০৩৮২,মোহাম্মদ মামুন রশিদ,১৫০২৯৫১০১১১৫,হাজী ফজলুল হক,শরিফা খাতুন,"হুরমত খঁা বাড়ী, উত্তর বগাচতর, বগাচতর, সীতাকুন্ড, চট্টগ্রাম",১,Male
০৩৮৩,মোহাম্মদ শায়েস্তা খান,১৫০২৯৫১০১১১৭,মোহাম্মদ জয়নাল আবেদীন,আয়শা আক্তার,"হুরমত মা বাড়ী, উত্তর বগাচতর, বগাচতর, সীতাকুন্ড, চট্টগ্রাম",১,Male
০৩৮৪,রহিম,১৫০২৯৫১০১১১৮,জয়নাল আবেদীন,আয়েশা বেগম,"হুরমত খা বাড়ী, উত্তর বগাচতর, বগাচতর, সীতাকুন্ড, চট্টগ্রাম",১,Male
০৩৮৫,মোঃ ইসমাইল হোসেন,১৫০২৯৫১০১১১৯,মোঃ নেছার আহাম্মদ,বিবি ছকিনা,"হুরমত খঁা বাড়ী, উত্তর বগাচতর, বগাচতর, সীতাকুন্ড, চট্টগ্রাম",১,Male
০৩৮৬,তৈয়ব রহিম,১৫০২৯৫১০১১২২,আবদুল ছত্তর,মুত নূর খাতুন,"হুরমত খা বাড়ী, উত্তর বগাচতর, বগাচতর, সীতাকুন্ড, চট্টগ্রাম",১,Male
০৩৮৭,মোহাম্মদ নাসির উদ্দীন,১৫০২৯৫১০১১২৪,মুখসুদ আহম্মদ,জায়েদা খাতুন,"রহমত খঁা বাড়ী, উত্তর বগাচতর, বগাচতর, সীতাকুন্ড, চট্টগ্রাম",১,Male
০৩৮৮,মোহাং সহিদ উল্যাহ,১৫০২৯৫১০১১২৫,মুকছুদ আহম্মদ,জাহেদা খাতুন,"হুরমত খঁা বাড়ী, উত্তর বগাচতর, বগাচতর, সীতাকুন্ড, চট্টগ্রাম",১,Male
০৩৮৯,মীর আবদুল কাইয়ূম,১৫০২৯৫১০১১২৭,হাবিবুর রহমান,গোলতাজ বেগম,"হুরমত খা বাড়ী, উত্তর বগাচতর, বগাচতর, সীতাকুন্ড, চট্টগ্রাম",১,Male
০৩৯০,মোঃ গিয়াস উদ্দীন,১৫০২৯৫১০১১২৮,আমান উল্যা্যাহ,ফিরোজা বেগম,"মোক্রম আলী সারাং বাড়ী, উত্তর বগাচতর, বগাচতর, সীতাকুন্ড, চট্টগ্রাম",১,Male
০৩৯১,মোহাম্মদ সোহেল,১৫০২৯৫১০১১২৯,রফিউল জামান,খাইরুন নেছা,"হুরমত খা বাড়ী, উত্তর বগাচতর, বগাচতর, সীতাকুন্ড, চট্টগ্রাম",১,Male
০৩৯২,মোঃ রুহুল আমিন,১৫০২৯৫১০১১৩২,মোঃ আলী আকবর,নাদেরা খাতুন,"বাহাদুল্যাাহ দজর্ি বাড়ি, উত্তর বগাচতর, বগাচতর, সীতাকুন্ড, চট্টগ্রাম",১,Male
০৩৯৩,মোহাম্মদ হারুন অর রশীদ,১৫০২৯৫১০১১৩৩,মোঃ ফজলুল হক,শরীফা খাতুন,"হুরমত খঁা বাড়ী, উত্তর বগাচতর, বগাচতর, সীতাকুন্ড, চট্টগ্রাম২২চূড়ান্ত ভোটার তালিকাজেলা:চট্টগ্রামউপজেলা:সীতাকুন্ডইউনিয়ন:সৈয়দপুরডাকঘর:সীতাকুন্ডভোটার এলাকার কোড: ০২৯৫ভোটার এলাকার নাম: উত্তর বগাচতর",১,Male
০৩৯৪,মোঃ আবদুল খালেক,১৫০২৯৫১০১১৩৪,মোহাম্মদ আবুল হোসেন,রুবিয়া বেগম,"মান সফি ভূঞা বাড়ী, উত্তর বগাচতর, বগাচতর, সীতাকুন্ড, চট্টগ্রাম০৩৯৫. মাইগ্রেট হয়েছে",১,Male
০৩৯৬,মোঃ হকসাব,১৫০২৯৫১০১১৪৮,মোঃ আলম,জাহানারা বেগম,"মান সফি ভূঁইয়া বাড়ী, উত্তর বগাচতর, বগাচতর, সীতাকুন্ড, চট্টগ্রাম",১,Male
০৩৯৭,মোঃ নূরুল আলম,১৫০২৯৫১০১১৪৯,হোসেনের জমান,মাহমুদা খাতুন,"মান সাফি ভূঁঞার বাড়ী, উত্তর বগাচতর, বগাচতর, সীতাকুন্ড, চট্টগ্রাম",১,Male
০৩৯৮,মোঃ হারুন অর রশিদ,১৫০২৯৫১০১১৫০,মোঃ নূরুল ইসলাম,জাহানারা বেগম,"মানসফি ভুঁঞার বাড়ী, উত্তর বগাচতর, বগাচতর, সীতাকুন্ড, চট্টগ্রাম",১,Male
০৩৯৯,মীর মোহাম্মদ মাঈন উদ্দীন,১৫০২৯৫১০১১৫১,মীর মোহাম্মদ আবদুল কাইয়ুম,খুরশীদা আক্তার,"হরুমত খঁা বাড়ী, উত্তর বগাচতর, বগাচতর, সীতাকুন্ড, চট্টগ্রাম",১,Male
০৪০০,সাইদুল হক,১৫০২৯৫১০১১৫২,মোঃ মিজানূল হক,রোকেয়া বেগম,"বাহাদুল্যাাহ দজর্ি বাড়ী, উত্তর বগাচতর, বগাচতর, সীতাকুন্ড, চট্টগ্রাম",১,Male
০৪০১,এমদাদুল হক,১৫০২৯৫১০১১৫৩,মোঃ মিজানূল হক,রোকেয়া বেগম,"বাহাদুল্যাাহ দজর্ি বাড়ী, উত্তর বগাচতর, বগাচতর, সীতাকুন্ড, চট্টগ্রাম",১,Male
০৪০২,মোঃ মোরশেদ আলম,১৫০২৯৫১০১১৫৫,জাকির হোসেন,নূরজাহান বেগম,"হুরমত খঁা বাড়ী, উত্তর বগাচতর, বগাচতর, সীতাকুন্ড, চট্টগ্রাম",১,Male
০৪০৩,শংকর জলদাস,১৫০২৯৫১০১১৬১,জহুরি জলদাস,রসবালা জলদাস,"জহুরি জলদাসের বাড়ী, উত্তর বগাচতর, বগাচতর, সীতাকুন্ড, চট্টগ্রাম",১,Male
০৪০৪,মোহাম্মদ নূর হোসেন,১৫০২৯৫১০১১৬২,মোহাম্মদ আবুল কালাম,আমবা খাতুন,"হুমরমত খঁা বাড়ী, উত্তর বগাচতর, বগাচতর, সীতাকুন্ড, চট্টগ্রাম",১,Male
০৪০৫,মোঃ ইমাম হোসেন,১৫০২৯৫১০১১৬৫,মোঃ মোয়াজ্জেম হোসেন,জাহানারা বেগম,"রফিকুজ্জমান মাস্টার বাড়ী, উত্তর বগাচতর, বগাচতর, সীতাকুন্ড, চট্টগ্রাম",১,Male
০৪০৬,মোহাম্মদ মোশাররফ হোসেন,১৫০২৯৫১০১১৬৮,মৌলভী আবুল খায়ের,অহিদা খাতুন,"আব্দুল ভুঁঞা বাড়ী, উত্তর বগাচতর, বগাচতর, সীতাকুন্ড, চট্টগ্রাম",১,Male
০৪০৭,মোঃ আব্দুল হান্নান,১৫০২৯৫১০১১৬৯,মোহাম্মদ আব্দুল হক,মোছাম্মৎ শামছুন্নাহার,"আব্দুল ভুঁঞা বাড়ী, উত্তর বগাচতর, বগাচতর, সীতাকুন্ড, চট্টগ্রাম",১,Male
০৪০৮,ইকবাল হোসেন,১৫০২৯৫১০১১৭০,নূরুল আবছার,বিবি হাজেরা,"হুরমত খঁা বাড়ী, উত্তর বগাচতর, বগাচতর, সীতাকুন্ড, চট্টগ্রাম০৪০৯. মাইগ্রেট হয়েছে",১,Male
০৪১০,মোঃ আলমগীর চৌধুরী,১৫০২৯৫১০১১৭৩,আব্দুল খালেক,আমেনা বেগম,"রাজা মিঞা চৌধুরী বাড়ী, উত্তর বগাচতর, বগাচতর, সীতাকুন্ড, চট্টগ্রাম",১,Male
০৪১১,মোঃ বেলায়েত হোসেন,১৫০২৯৫১০১১৭৪,গোলাম রহমান,হোসনে আরা বেগম,"রাজা মিঞা চৌধুরী বাড়ী, উত্তর বগচতর, বগচতর, সীতাকুন্ড, চট্টগ্রাম২৩চূড়ান্ত ভোটার তালিকাজেলা:চট্টগ্রামউপজেলা:সীতাকুন্ডইউনিয়ন:সৈয়দপুরডাকঘর:সীতাকুন্ডভোটার এলাকার কোড: ০২৯৫ভোটার এলাকার নাম: উত্তর বগাচতর",১,Male
০৪১২,মোঃ সরওয়ার উদ্দীন,১৫০২৯৫১০১১৭৫,শামসুল হুদা,নূরজাহান বেগম,"জমাদার বাড়ী, উত্তর বগচতর, বগচতর, সীতাকুন্ড, চট্টগ্রাম",১,Male
০৪১৩,মোঃ আবুল হাশেম,১৫০২৯৫১০১১৭৬,মোঃ ছেরাজুল হক,আন্জুমা খাতুন,"কালা মিঞা মাঝির বাড়ী, উত্তর বগাচতর, বগাচতর, সীতাকুন্ড, চট্টগ্রাম",১,Male
০৪১৪,নূরুল আলম,১৫০২৯৫১০১১৭৮,আব্দুল হক,বালিয়া ধন,"কালা মিঞা মাঝির বাড়ী, উত্তর বগাচতর, বগাচতর, সীতাকুন্ড, চট্টগ্রাম",১,Male
০৪১৫,রেজাউল করিম আকাশ,১৫০২৯৫১০১১৮০,জাকির হোসেন,নূর জাহান বেগম,"হুরমত খঁা বাড়ী, উত্তর বগাচতর, বগাচতর, সীতাকুন্ড, চট্টগ্রাম",১,Male
০৪১৬,মোঃ মঈনূল কবির,১৫০২৯৫১০১১৮১,হাবিব উল্যা্যাহ,মনোয়ারা বেগম,"মানসফি ভূঁইয়া বাড়ী, উত্তর বগাচতর, বগাচতর, সীতাকুন্ড, চট্টগ্রাম",১,Male
০৪১৭,মাছরুর হাসান,১৫০২৯৫১০১১৮২,আব্দুল হক,মনোয়ারা বেগম,"গাফারী চেয়ারম্যান বাড়ী, উত্তর বগাচতর, বগাচতর, সীতাকুন্ড, চট্টগ্রাম",১,Male
০৪১৮,মোহাম্মদ ফারুক,১৫০২৯৫১০১১৮৬,লুৎফুল হক,হাবাধন,"চৌকিদার বাড়ী, উত্তর বগাচতর, বগাচতর, সীতাকুন্ড, চট্টগ্রাম",১,Male
০৪১৯,মোহাম্মদ নূরুল মোস্তফা,১৫০২৯৫১০১১৮৭,চেরাজুল হক,খাইরুন নেছা,"আবদুল ভুঁঞা বাড়ী, উত্তর বগাচতর, বগাচতর, সীতাকুন্ড, চট্টগ্রাম",১,Male
০৪২০,মোঃ রবিউল হোসেন,১৫০২৯৫১০১১৮৯,রোসনের জামান,ছায়েদা খাতুন,"হাবিব উল্যাাহ মীর বাড়ী, উত্তর বগাচতর, বগাচতর, সীতাকুন্ড, চট্টগ্রাম",১,Male
০৪২১,মোঃ আবু জাফর,১৫০২৯৫১০১১৯০,আবুল বশর,মরিয়ম বেগম,"নূর হোসেন মিস্ত্রী বাড়ী, বগাচতর, সীতাকুন্ড, চট্টগ্রাম",১,Male
০৪২২,মনির হোসেন,১৫০২৯৫১০১১৯৩,আবু ওয়াহিদ মিয়া,সুফিয়া বেগম,"হুরমত খঁা বাড়ী, উত্তর বগাচতর, বগাচতর, সীতাকুন্ড, চট্টগ্রাম",১,Male
০৪২৩,মোঃ শাহফির আলম,১৫০২৯৫১০১১৯৪,জালাল আহমেদ,জাহানারা বেগম,"হুরমত খঁা বাড়ী, উত্তর বগাচতর, বগাচতর, সীতাকুন্ড, চট্টগ্রাম",১,Male
০৪২৪,মোহাম্মদ আবু মুছা ভুঁইয়া,১৫০২৯৫১০১২৩৯,মোহাম্মদ আনোয়ারুল হক,মোছাম্মৎ ফারুল হক,"মানসফি ভুঁঞা, উত্তর বগাচতর, বগাচতর, সীতাকুন্ড, চট্টগ্রাম",১,Male
০৪২৫,মোঃ ইয়াহিয়া খান,১৫০২৯৫১০১২৪২,মোঃ আবুল বশর,জাহেদা খাতুন,"খোরশেদ আলম মাস্টার বাড়ী, উত্তর বগাচতর, বগাচতর, সীতাকুন্ড, চট্টগ্রাম",১,Male
০৪২৬,মফিজুর রহমান,১৫০২৯৫১০১২৫৪,আবদুল মালেক,দিলআফেরাজ বেগম,"খোরশেদ আলম মাস্টার বাড়ী, উত্তর বগাচতর, বগাচতর, সীতাকুন্ড, চট্টগ্রাম",১,Male
০৪২৭,জাকির হোসেন,১৫০২৯৫১০১২৫৭,আবদুল হাকিম,তরিকুনন্নেছা,"মুনছুর কাজী বাড়ী, উত্তর বগাচতর, বগাচতর, সীতাকুন্ড, চট্টগ্রাম",১,Male
০৪২৮,মোঃ ফকির আহমদ,১৫০২৯৫১০১২৬০,আহমুদুর রহমান,ফয়জুন্নেছা,"মুনছুর কাজির বাড়ী, উত্তর বগাচতর, বগাচতর, সীতাকুন্ড, চট্টগ্রাম",১,Male
০৪২৯,মোঃ তহিদুল ইসলাম,১৫০২৯৫১০১২৬১,মোঃ মাহফুজুল হক,জেসমিন আক্তার,"মুনছুর কাজীর বাড়ী, উত্তর বগাচতর, বগাচতর, সীতাকুন্ড, চট্টগ্রাম২৪চূড়ান্ত ভোটার তালিকাজেলা:চট্টগ্রামউপজেলা:সীতাকুন্ডইউনিয়ন:সৈয়দপুরডাকঘর:সীতাকুন্ডভোটার এলাকার কোড: ০২৯৫ভোটার এলাকার নাম: উত্তর বগাচতর",১,Male
০৪৩০,মোঃ ইসমাইল হোসেন,১৫০২৯৫১০১২৬৫,আবু সুফিয়ান,দিল আফরোজ বেগম,"মুনছুর কাজীর বাড়ী, উত্তর বগাচতর, বগাচতর, সীতাকুন্ড, চট্টগ্রাম",১,Male
০৪৩১,মোঃ আবু নছর,১৫০২৯৫১০১২৬৭,আলী আজম,মনোয়ারা বেগম,"মুনছুর কাজীর বাড়ী, উত্তর বগাচতর, বগাচতর, সীতাকুন্ড, চট্টগ্রাম",১,Male
০৪৩২,সামছুল আলম,১৫০২৯৫১০১২৬৯,আলি আজম,মনোয়ারা বেগম,"মুনছুর কাজীর বাড়ী, উত্তর বগাচতর, বগাচতর, সীতাকুন্ড, চট্টগ্রাম",১,Male
০৪৩৩,আবু জাফর,১৫০২৯৫১০১২৭৪,নূরুজ্জামান,সুফিয়া খাতুন,"মুনসুর কাজি বাড়ী, উত্তর বগাচতর, বগাচতর, সীতাকুন্ড, চট্টগ্রাম",১,Male
০৪৩৪,মোহাম্মদ নাজমুল হক,১৫০২৯৫১০১২৭৬,মরহুম আবু তাহের,আনোয়ারা বেগম,"মুনছুর কাজীর বাড়ী, উত্তর বগাচতর, বগাচতর, সীতাকুন্ড, চট্টগ্রাম",১,Male
০৪৩৫,মোঃ নূরুল ইসলাম,১৫০২৯৫১০১২৮০,আবদুল আজিজ,সুফিয়া খাতুন,"মুনছূর কাজীর বাড়ী, উত্তর বগাচতর, বগাচতর, সীতাকুন্ড, চট্টগ্রাম",১,Male
০৪৩৬,মোঃ একরামুল হক,১৫০২৯৫১০১২৮২,মরহুম আবু তাহের,আনোয়ারা বেগম,"মুনছুর কাজীর বাড়ী, উত্তর বগাচতর, বগাচতর, সীতাকুন্ড, চট্টগ্রাম",১,Male
০৪৩৭,মোঃ জিয়াউল হক,১৫০২৯৫১০১২৮৩,মরহুম আবু তাহের,আনোয়ারা বেগম,"মুনছুর কাজির বাড়ী, উত্তর বগাচতর, বগাচতর, সীতাকুন্ড, চট্টগ্রাম",১,Male
০৪৩৮,মোঃ নূরু উদ্দিন,১৫০২৯৫১০১২৮৯,মোঃ সুফিয়ান,দিল আফরোজ বেগম,"মুনছুর কাজির বাড়ী, উত্তর বগাচতর, বগাচতর, সীতাকুন্ড, চট্টগ্রাম",১,Male
০৪৩৯,সফিকুল ইসলাম,১৫০২৯৫১০১২৯৮,নূর আহম্মদ,শরিফা খাতুন,"মুনছুর কাজির বাড়ী, উত্তর বগচতর, বগচতর, সীতাকুন্ড, চট্টগ্রাম",১,Male
০৪৪০,মোঃ জানে আলম,১৫০২৯৫১০১৩০১,মোঃ আবুল বশর,লুৎফা বেগম,"মুনছুর কাজীর বাড়ী, উত্তর বগাচতর, বগাচতর, সীতাকুন্ড, চট্টগ্রাম",১,Male
০৪৪১,মোঃ আরিফুল ইসলাম,১৫০২৯৫১০১৩০২,মোঃ আবু নছর,জাহানারা বেগম,"মুনছুর কাজির বাড়ী, উত্তর বগাচতর, বগাচতর, সীতাকুন্ড, চট্টগ্রাম",১,Male
০৪৪২,কে এম শামীম উদ্দিন,১৫০২৯৫১০১৩০৩,শাহ মোঃ খুরশীদ আলম,হোসনে আরা বেগম,"মুনছুর কাজী বাড়ী, উত্তর বগাচতর, বগাচতর, সীতাকুন্ড, চট্টগ্রাম",১,Male
০৪৪৩,নূরুল আলম,১৫০২৯৫১০১৩০৪,মুত হাজী আলী আজম,আনোয়ারা বেগম,"মুনছুর কাজীর বাড়ী, উত্তর বগাচতর, বগাচতর, সীতাকুন্ড, চট্টগ্রাম",১,Male
০৪৪৪,মোহাম্মদ বোরহান উদ্দিন,১৫০২৯৫১০১৩০৫,মোহাম্মদ জাকির হোসেন,মোছাম্মৎ নূর জাহান বেগম,"মুনছুর কাজী বাড়ী, উত্তর বগাচতর, বগাচতর, সীতাকুন্ড, চট্টগ্রাম",১,Male
০৪৪৫,মোঃ মাসুদ পারভেজ,১৫০২৯৫১০১৩০৬,মোঃ সফিকুল ইসলাম,মোছাম্মদ কহিনূর বেগম,"মুনছুর কাজী বাড়ী, উ: বগাচতর, বগাচতর, সীতাকুন্ড, চট্টগ্রাম",১,Male
০৪৪৬,মোঃ মনিরুল ইসলাম,১৫০২৯৫১০১৩০৭,মোঃ নূরুল আলম,রহিমা বেগম,"মনছুর কাজির বাড়ী, উত্তর বগাচতর, বগাচতর, সীতাকুন্ড, চট্টগ্রাম",১,Male
০৪৪৭,মোঃ মাহবুবুল হক,১৫০২৯৫১০১৩০৮,মোঃ হোসেনজ্জামান,গোলতাজ বেগম,"আবদুল মনাফ সওদাগরের বাড়ী, উত্তর বগাচতর, বগাচতর, সীতাকুন্ড, চট্টগ্রাম২৫চূড়ান্ত ভোটার তালিকাজেলা:চট্টগ্রামউপজেলা:সীতাকুন্ডইউনিয়ন:সৈয়দপুরডাকঘর:সীতাকুন্ডভোটার এলাকার কোড: ০২৯৫ভোটার এলাকার নাম: উত্তর বগাচতর",১,Male
০৪৪৮,মোঃ ইমাম হোসেন,১৫০২৯৫১০১৩১৮,ফজলুল হক,নূর নাহার বেগম,"আবদুল মুনাফ সওঃ বাড়ী, উত্তর বগাচতর, বগাচতর, সীতাকুন্ড, চট্টগ্রাম",১,Male
০৪৪৯,মোঃ মোশাররফ হোসেন,১৫০২৯৫১০১৩১৯,ফজলুল হক,নূর নাহার বেগম,"আবদুল মুনাফ সওদাগর বাড়ী, উত্তর বগাচতর, বগাচতর, সীতাকুন্ড, চট্টগ্রাম",১,Male
০৪৫০,মোঃ জামাল উল্যা্যাহ,১৫০২৯৫১০১৩২৮,মোঃ সিরাজুল হক,আয়শা খাতুন,"আবদুল মুনাফ সওঃ বাড়ী, উঃ বগাচতর, বগাচতর, সীতাকুন্ড, চট্টগ্রাম",১,Male
০৪৫১,মোঃ আকবর হোসেন,১৫০২৯৫১০১৩৩৬,মোঃ আবুল হাশেম,হাজেরা খাতুন,"মুনছুর ফাজির বাড়ী, উত্তর বগাচতর, বগাচতর, সীতাকুন্ড, চট্টগ্রাম",১,Male
০৪৫২,মোঃ শাহাদাৎ হোসেন,১৫০২৯৫১০১৩৪০,মোঃ আবুল হাশেম,হাজেরা খাতুন,"মুনছুর কাজির বাড়ী, উ: বগাচতর, বগাচতর, সীতাকুন্ড, চট্টগ্রাম",১,Male
০৪৫৩,মোঃ শামছুর রহমান,১৫০২৯৫১০১৩৪৩,আমিনূর রহমান,শামছুর নাহার বেগম,"আনছার আলী মিস্ত্রীর বাড়ী, উত্তর বগাচতর, বগাচতর, সীতাকুন্ড, চট্টগ্রাম",১,Male
০৪৫৪,মোঃ হানিফ,১৫০২৯৫১০১৩৪৪,আনোয়ারুল ইসলাম,অনূপা খাতুন,"মনছুর কাজীর বাড়ী, উত্তর বগাচতর, বগাচতর, সীতাকুন্ড, চট্টগ্রাম",১,Male
০৪৫৫,নূরুল আলম,১৫০২৯৫১০১৩৪৬,নজির আহমদ,মমতাজ বেগম,"সফি সওদাগর বাড়ী, উত্তর বগাচতর, বগাচতর, সীতাকুন্ড, চট্টগ্রাম",১,Male
০৪৫৬,মোঃ নূর উদ্দিন,১৫০২৯৫১০১৩৫০,নূরুল আলম,আলেয়া বেগম,"সফি সওদাগরের বাড়ী, উত্তর বগাচতর, বগাচতর, সীতাকুন্ড, চট্টগ্রাম",১,Male
০৪৫৭,মোঃ সফিউল আলম,১৫০২৯৫১০১৩৫২,মোঃ নাজির আহম্মদ,মমতাজ বেগম,"সফি সওদাগর বাড়ী, উত্তর বগাচতর, বগাচতর, সীতাকুন্ড, চট্টগ্রাম",১,Male
০৪৫৮,মোঃ আবদুর রহিম,১৫০২৯৫১০১৩৫৪,মোঃ সফিউল আলম,শাহনা আক্তার,"সফি সওদাগর বাড়ী, উত্তর বগাচতর, বগাচতর, সীতাকুন্ড, চট্টগ্রাম",১,Male
০৪৫৯,মোহাম্মদ শাহাদাত হোসেন,১৫০২৯৫১০১৩৫৬,মোহাম্মদ মাহাবুবুল হক,মোছাম্মৎ নাছিমা খাতুন,"আব্দুল মোনাফ সওঃ বাড়ী, উত্তর বগাচতর, বগাচতর, সীতাকুন্ড, চট্টগ্রাম",১,Male
০৪৬০,আবুল কালাম,১৫০২৯৫১০১৩৬০,নূরুল গনি,শরিফা খাতুন,"মনছুর কাজীর বাড়ী, উত্তর বগাচতর, বগাচতর, সীতাকুন্ড, চট্টগ্রাম",১,Male
০৪৬১,মোঃ দিদারুল আলম,১৫০২৯৫১০১৩৬৪,আবু তাহের সওদাগর,নূর নাহার বেগম,"আবু তাহের সওদাগর বাড়ী, উত্তর বগাচতর, বগাচতর, সীতাকুন্ড, চট্টগ্রাম",১,Male
০৪৬২,মোঃ সাখাওয়াত হোসাইন,১৫০২৯৫১০১৩৭২,মোঃ সিরাজুল হক,আয়শা আক্তার,"আবদুল মুনাফ সওদাগর বাড়ী, উ: বগাচতর, বগাচতর, সীতাকুন্ড, চট্টগ্রাম",১,Male
০৪৬৩,মোঃ হাবিব উল্যা্যাহ,১৫০২৯৫১০১৩৭৪,নূর ব,হাবেজা খাতুন,"হাজী হাবিব উল্যাার বাড়ী, উত্তর বগাচতর, বগাচতর, সীতাকুন্ড, চট্টগ্রাম",১,Male
০৪৬৪,মোঃ দিদারুল আলম,১৫০২৯৫১০১৩৭৫,হাজি হাবিব উল্যাা,আমাতুন নূর,"হাজি হাবিব উল্যাা বাড়ী, উ: বগাচতর, বগাচতর, সীতাকুন্ড, চট্টগ্রাম",১,Male
০৪৬৫,বদিউজ্জামান,১৫০২৯৫১০১৩৭৮,আবদুল বারিক,সাজেদা খাতুন,"হাজী বদিউজ্জামান বাড়ী, উত্তর বগাচতর, বগাচতর, সীতাকুন্ড, চট্টগ্রাম২৬চূড়ান্ত ভোটার তালিকাজেলা:চট্টগ্রামউপজেলা:সীতাকুন্ডইউনিয়ন:সৈয়দপুরডাকঘর:সীতাকুন্ডভোটার এলাকার কোড: ০২৯৫ভোটার এলাকার নাম: উত্তর বগাচতর",১,Male
০৪৬৬,মোঃ আলা উদ্দিন,১৫০২৯৫১০১৩৮৩,রহিম ব,বিবি রহিমা,"নূরুল হক হাজীর বাড়ী, উত্তর বগাচতর, বগাচতর, সীতাকুন্ড, চট্টগ্রাম",১,Male
০৪৬৭,আবুল হাছান,১৫০২৯৫১০১৩৯১,হাজি নূরুল হক,নূনূ বিবি,"নূরুল হক হাজির বাড়ী, উত্তর বগাচতর, বগাচতর, সীতাকুন্ড, চট্টগ্রাম",১,Male
০৪৬৮,মোঃ মহিউদ্দীন,১৫০২৯৫১০১৩৯৪,হাজী নূরজ্জামান,মমতাজ বেগম,"নূরুল হক হাজির বাড়ি, উত্তর বগাচতর, বগাচতর, সীতাকুন্ড, চট্টগ্রাম",১,Male
০৪৬৯,মোহাম্মদ এনায়েত উল্যাহ,১৫০২৯৫১০১৩৯৯,মোঃ সিরাজুল হক,আয়শা খাতুন,"আবদুল মুনাফ সওদাগর বাড়ী, উত্তর বগাচতর, বগাচতর, সীতাকুন্ড, চট্টগ্রাম",১,Male
০৪৭০,শাহ মোঃ আবু তৈয়ব,১৫০২৯৫১০১৪০০,মোহাং নূরুর জমা,সুফিয়া খাতুন,"মুনছুর কাজী বাড়ী, উত্তর বগাচতর, বগাচতর, সীতাকুন্ড, চট্টগ্রাম",১,Male
০৪৭১,মোঃ নূর মোস্তফা,১৫০২৯৫১০১৪০২,নূর ব,হাবেজা বেগম,"নূরুল হক হাজীর বাড়ী, উত্তর বগাচতর, বগাচতর, সীতাকুন্ড, চট্টগ্রাম",১,Male
০৪৭২,মোঃ নূর নবী,১৫০২৯৫১০১৪০৩,নূর ইসলাম,বালী খাতুন,"নূরুল হক হাজী বাড়ী, উত্তর বগাচতর, বগাচতর, সীতাকুন্ড, চট্টগ্রাম",১,Male
০৪৭৩,মোঃ ইাহীম,১৫০২৯৫১০১৪০৪,মোঃ ইসমাইল,মনোয়ারা বেগম,"নূরুল হক হাজীর বাড়ী, উ: বগাচতর, বগাচতর, সীতাকুন্ড, চট্টগ্রাম",১,Male
০৪৭৪,মোঃ সফিকুর রহমান,১৫০২৯৫১০১৪০৫,মোঃ আমিনূর রহমান,সামছুন্নাহার,"আনছার আলী মিস্ত্রীর বাড়ী, উত্তর বগাচতর, বগাচতর, সীতাকুন্ড, চট্টগ্রাম",১,Male
০৪৭৫,মোঃ সাইদুর রহমান,১৫০২৯৫১০১৪০৬,মোঃ সফিকুর রহমান,মমতাজ বেগম,"আনছার আলী মেস্ত্রিরির বাড়ী, উত্তর বগাচতর, বগাচতর, সীতাকুন্ড, চট্টগ্রাম",১,Male
০৪৭৬,মোঃ আবু জাফর,১৫০২৯৫১০১৪১০,হাজি মনির আহম্মদ,ছালেহা বেগম,"নূরুল হক হাজির বাড়ী, উত্তর বগাচতর, বগাচতর, সীতাকুন্ড, চট্টগ্রাম",১,Male
০৪৭৭,মোঃ সাজু মিয়া,১৫০২৯৫১০১৪১১,আফজালুল হক,মজিদা খাতুন,"নূরুল হক হাজীর বাড়ী, উত্তর বগাচতর, বগাচতর, সীতাকুন্ড, চট্টগ্রাম",১,Male
০৪৭৮,মোঃ আবদু ছালাম,১৫০২৯৫১০১৪১২,মুফাজ্জল হোসেন,হাসনা বেগম,"নূরুল হক হাজির বাড়ি, উত্তর বগাচতর, বগাচতর, সীতাকুন্ড, চট্টগ্রাম",১,Male
০৪৭৯,মোঃ মুসলিম উদ্দীন,১৫০২৯৫১০১৪১৩,আবদুল হালিম,আরবা খাতুন,"নূরুল হক হাজির বাড়ী, উত্তর বগাচতর, বগাচতর, সীতাকুন্ড, চট্টগ্রাম",১,Male
০৪৮০,মোঃ শাহেব মিয়া,১৫০২৯৫১০১৪১৪,হোসেনূজ্জামান,নূর খাতুন,"নূরুল হক হাজীর বাড়ী, উত্তর বগাচতর, বগাচতর, সীতাকুন্ড, চট্টগ্রাম",১,Male
০৪৮১,আনোয়ারুল ইসলাম,১৫০২৯৫১০১৪১৫,মোঃ সাহেব মিয়া,দিলওয়ারা বেগম,"নূরুল হক হাজীর বাড়ী, উত্তর বগাচতর, বগাচতর, সীতাকুন্ড, চট্টগ্রাম",১,Male
০৪৮২,দেলওয়ার হোসেন,১৫০২৯৫১০১৪১৬,নূরুল মোস্তফা,আনোয়ারা বেগম,"নূরুল হক হাজীর বাড়ী, উত্তর বগাচতর, বগাচতর, সীতাকুন্ড, চট্টগ্রাম",১,Male
০৪৮৩,মোঃ সাখাওয়াত হোসেন,১৫০২৯৫১০১৪১৭,নূরুল মোস্তফা,আনোয়ারা বেগম,"নূরুল হক হাজীর বাড়ী, উত্তর বগাচতর, বগাচতর, সীতাকুন্ড, চট্টগ্রাম২৭চূড়ান্ত ভোটার তালিকাজেলা:চট্টগ্রামউপজেলা:সীতাকুন্ডইউনিয়ন:সৈয়দপুরডাকঘর:সীতাকুন্ডভোটার এলাকার কোড: ০২৯৫ভোটার এলাকার নাম: উত্তর বগাচতর",১,Male
০৪৮৪,মোঃ ইসমাইল,১৫০২৯৫১০১৪১৯,রফিউজ্জামান,মৌনা খাতুন,"নূরুল হক হাজির বাড়ী, উত্তর বগাচতর, বগাচতর, সীতাকুন্ড, চট্টগ্রাম",১,Male
০৪৮৫,মোঃ ফজলুল হক,১৫০২৯৫১০১৪২২,মুত গণি আহমদ,জয়তুন বিয়া,"নূরুল হক হাজীর বাড়ী, উত্তর বগাচতর, বগাচতর, সীতাকুন্ড, চট্টগ্রাম",১,Male
০৪৮৬,মোহাম্মদ মঈন উদ্দিন,১৫০২৯৫১০১৪২৫,মোঃ আবদুল মান্নান,সেলিমা বেগম,"হাবীব উল্যা্যার বাড়ী, উত্তর বগাচতর, বগাচতর, সীতাকুন্ড, চট্টগ্রাম",১,Male
০৪৮৭,শাহ মোঃ খুরশীদ আলম,১৫০২৯৫১০১৪২৬,আলী আজম,আনোয়ারা বেগম,"মুনছুর কাজীর বাড়ী, উত্তর বগাচতর, বগাচতর, সীতাকুন্ড, চট্টগ্রাম",১,Male
০৪৮৮,মোঃ জাহেদ হোসেন,১৫০২৯৫১০১৪২৭,মোঃ জামাল উল্যা্যাহ,হোসনে আরা বেগম,"আব্দুল মুনাফ সওঃ বাড়ী, উত্তর বগাচতর, বগাচতর, সীতাকুন্ড, চট্টগ্রাম",১,Male
০৪৮৯,মোঃ সামছু উদ্দীন,১৫০২৯৫১০১৪২৯,মোঃ নূরের জামান,মমতাজ বেগম,"নূরুল হক হাজীর বাড়ী, উত্তর বগাচতর, বগাচতর, সীতাকুন্ড, চট্টগ্রাম",১,Male
০৪৯০,মোহাম্মদ হোসেন,১৫০২৯৫১০১৪৩০,আবদুরুপ হাজি,কুলছুমা বিবি,"আবদুরুপ হাজির বাড়ী, উত্তর বগাচতর, বগাচতর, সীতাকুন্ড, চট্টগ্রাম",১,Male
০৪৯১,মোঃ হানিফ,১৫০২৯৫১০১৪৩২,মোঃ সামছুল হুদা,নূর বানূ,"মনছুন কাজীর বাড়ী, উত্তর বগাচতর, বগাচতর, সীতাকুন্ড, চট্টগ্রাম",১,Male
০৪৯২,মোঃ জাকারিয়া,১৫০২৯৫১০১৪৩৩,মোঃ আবুল বশর,জাহেদা বেগম,"মুনছুর কাজী বাড়ী, উত্তর বগাচতর, বগাচতর, সীতাকুন্ড, চট্টগ্রাম",১,Male
০৪৯৩,মোঃ শামছুল হুদা,১৫০২৯৫১০১৪৩৫,সৈয়দুর রহমান,লতাজ বিয়া,"মুনছুর কাজীর বাড়ী, উত্তর বগাচতর, বগাচতর, সীতাকুন্ড, চট্টগ্রাম",১,Male
০৪৯৪,মুসলেম উদ্দিন,১৫০২৯৫১০১৪৩৬,মোঃ সামছুল হুদা,নূর বানূ,"মুনছুর কাজীর বাড়ী, উত্তর বগাচতর, বগাচতর, সীতাকুন্ড, চট্টগ্রাম",১,Male
০৪৯৫,মোঃ দিদারুল আলম,১৫০২৯৫১০১৪৩৮,মোঃ আবুল বশর,জাহেদা খাতুন,"খোরশেদ আলম মাস্টারের বাড়ী, উত্তর বগাচতর, বগাচতর, সীতাকুন্ড, চট্টগ্রাম",১,Male
০৪৯৬,মোঃ রফিকুল কদর,১৫০২৯৫১০১৪৩৯,মোঃ আবুল বশর,জাহেদা খাতুন,"খোরশেদ আলম মাস্টার বাড়ী, উত্তর বগাচতর, বগাচতর, সীতাকুন্ড, চট্টগ্রাম",১,Male
০৪৯৭,মোহাম্মদ মোশাররফ হোসেন,১৫০২৯৫১০১৪৪০,হাজী আবুল হাছান,মোছাম্মৎ নূর বেগম,"নূরুল হক হাজীর বাড়ী, উত্তর বগাচতর, বগাচতর, সীতাকুন্ড, চট্টগ্রাম",১,Male
০৪৯৮,মোঃ নজরুল ইসলাম,১৫০২৯৫১০১৪৪১,মোঃ নূরুল আলম,রহিমা আক্তার,"মুনছুর কাজীর বাড়ী, উত্তর বগাচতর, বগাচতর, সীতাকুন্ড, চট্টগ্রাম",১,Male
০৪৯৯,মোঃ মহি উদ্দীন,১৫০২৯৫১০১৪৪৪,মোঃ নূর হোসেন,হাজেরা খাতুন,"নতুন মনছুর কাজির বাড়ী, উত্তর বগাচতর, বগাচতর, সীতাকুন্ড, চট্টগ্রাম",১,Male
০৫০০,মোঃ নূরুল আবছার,১৫০২৯৫১০১৪৪৫,আলি আজ্জম,নূরজাহান,"নূরুল হক হাজীর বাড়ী, উত্তর বগাচতর, বগাচতর, সীতাকুন্ড, চট্টগ্রাম",১,Male
০৫০১,মোঃ নাছির,১৫০২৯৫১০১৪৪৬,মোঃ নূর হোসেন,হাজেরা খাতুন,"নূতন মুনছুর কাজীর বাড়ী, উত্তর বগাচতর, বগাচতর, সীতাকুন্ড, চট্টগ্রাম২৮চূড়ান্ত ভোটার তালিকাজেলা:চট্টগ্রামউপজেলা:সীতাকুন্ডইউনিয়ন:সৈয়দপুরডাকঘর:সীতাকুন্ডভোটার এলাকার কোড: ০২৯৫ভোটার এলাকার নাম: উত্তর বগাচতর",১,Male
০৫০২,মোঃ শাখাওয়াত হোসেন,১৫০২৯৫১০১৪৪৭,মোঃ ফয়েজ ব,কহিনূর বেগম,"মুনছুর কাজীর বাড়ী, উত্তর বগাচতর, বগাচতর, সীতাকুন্ড, চট্টগ্রাম",১,Male
০৫০৩,মোঃ এনামুল হক,১৫০২৯৫১০১৪৪৮,মোঃ তোফায়েল আহমদ,আপিয়া বেগম,"আবদুপ হাজী বাড়ী, উত্তর বগাচতর, বগাচতর, সীতাকুন্ড, চট্টগ্রাম",১,Male
০৫০৪,মোঃ আলমগীর,১৫০২৯৫১০১৪৪৯,মোঃ খুরশেদ আলম,সুফিয়া খাতুন,"খুরশেদ আলম মাস্টার বাড়ী, উত্তর বগাচতর, বগাচতর, সীতাকুন্ড, চট্টগ্রাম",১,Male
০৫০৫,আবু জাফর মোঃ দিদারুল আলম,১৫০২৯৫১০১৪৫০,মোঃ খোরশেদ আলম,জাহানারা বেগম,"আাস মিয়ার বাড়ী, উত্তর বগাচতর, বগাচতর, সীতাকুন্ড, চট্টগ্রাম",১,Male
০৫০৬,মোঃ রেজাউল আলম,১৫০২৯৫১০১৪৫১,মোঃ খোরশেদ আলম,জাহানারা বেগম,"আাছ মিয়ার বাড়ী, উত্তর বগাচতর, বগাচতর, সীতাকুন্ড, চট্টগ্রাম",১,Male
০৫০৭,মোহাম্মদ আলাউদ্দিন ভুঞা,১৫০২৯৫১০১৪৫৩,মোহাম্মদ মুলকুতের রহমান ভুঞা,রোশনে আরা বেগম,"আবদুল ভুঞা বাড়ী, উত্তর বগাচতর, বগাচতর, সীতাকুন্ড, চট্টগ্রাম",১,Male
০৫০৮,মোঃ রফিকুল ইসলাম,১৫০২৯৫১০১৪৫৫,হাজী মোঃ মজিবুল হক,সুফিয়া খাতুন,"বাহার মাঝির বাড়ী, উত্তর বগাচতর, বগাচতর, সীতাকুন্ড, চট্টগ্রাম",১,Male
০৫০৯,মোঃ নূর হোসেন,১৫০২৯৫১০১৪৫৬,আবদুল হাকিম,তরিকুল নেছা,"মুনছুর কাজীর বাড়ী, উত্তর বগাচতর, বগাচতর, সীতাকুন্ড, চট্টগ্রাম",১,Male
০৫১০,মোঃ রফিকুল ইসলাম,১৫০২৯৫১০১৪৬১,নূর আহমদ,শরিফা খাতুন,"মুনছুর কাজীর বাড়ী, উত্তর বগাচতর, বগাচতর, সীতাকুন্ড, চট্টগ্রাম",১,Male
০৫১১,মোঃ খান সাব,১৫০২৯৫১০১৪৬২,মোঃ তোফায়েল আহমদ,আপিয়া খাতুন,"আব্দুর রউফ হাজীর বাড়ী, উত্তর বগাচতর, বগাচতর, সীতাকুন্ড, চট্টগ্রাম",১,Male
০৫১২,আশরাফ উদ্দীন,১৫০২৯৫১০১৪৬৩,মোহাম্মদ আবছার,খতিজা বেগম,"আব্দুর রউফ হাজীর বাড়ী, উত্তর বগাচতর, বগাচতর, সীতাকুন্ড, চট্টগ্রাম",১,Male
০৫১৩,মোঃ আনোয়ারুল ইসলাম,১৫০২৯৫১০১৪৬৪,মোহাম্মদ হোসেন,আপিয়া বেগম,"আবদুপ হাজীর বাড়ী, উত্তর বগাচতর, বগাচতর, সীতাকুন্ড, চট্টগ্রাম",১,Male
০৫১৪,সুনীল চন্দ্র দাস,১৫০২৯৫১০১৪৬৫,রমনী কুমার দাস,আসু বালা দাস,"বজন্দ্র কবিরাজের বাড়ী, উত্তর বগাচতর, বগাচতর, সীতাকুন্ড, চট্টগ্রাম",১,Male
০৫১৫,মোঃ রাসেদুল হাছান,১৫০২৯৫১০১৪৬৯,মোঃ আনোয়ারুল আজিম,বিবি মরিয়ম,"আাছ মিয়ার বাড়ী, উত্তর বগাচতর, বগাচতর, সীতাকুন্ড, চট্টগ্রাম",১,Male
০৫১৬,মোঃ সাহাদাৎ হোসেন,১৫০২৯৫১০১৪৭১,হাজী আবুল হাছান,নূর বেগম,"নূরুল হক হাজীর বাড়ী, উত্তর বগাচতর, বগাচতর, সীতাকুন্ড, চট্টগ্রাম",১,Male
০৫১৭,নূরুল হুদা,১৫০২৯৫১০১৪৭২,আবদুল আজিজ,সুফিয়া খাতুন,"মুনছুর কাজীর বাড়ী, উত্তর বগচতর, বগচতর, সীতাকুন্ড, চট্টগ্রাম",১,Male
০৫১৮,সিরাজউদ্দৌলা,১৫০২৯৫১০১৪৭৪,রফিউজ্জামান,খাইরুননেছা,"হুরমত খঁার বাড়ী, উত্তর বগাচতর, বগাচতর, সীতাকুন্ড, চট্টগ্রাম",১,Male
০৫১৯,মোঃ মনির উদ্দিন,১৫০২৯৫১০১৪৭৫,মোঃ ইাহিম খলিল,হোসেন আরা বেগম,"আবদুল ভূঞা বাড়ী, উত্তর বগাচতর, বগাচতর, সীতাকুন্ড, চট্টগ্রাম২৯চূড়ান্ত ভোটার তালিকাজেলা:চট্টগ্রামউপজেলা:সীতাকুন্ডইউনিয়ন:সৈয়দপুরডাকঘর:সীতাকুন্ডভোটার এলাকার কোড: ০২৯৫ভোটার এলাকার নাম: উত্তর বগাচতর",১,Male
০৫২০,মোঃ মাসুদ রানা,১৫০২৯৫১০১৪৭৭,মোঃ ফকির আহমদ,আয়শা বেগম,"আবদুল ভূঁইয়া বাড়ী, উত্তর বগাচতর, বগাচতর, সীতাকুন্ড, চট্টগ্রাম",১,Male
০৫২১,মোঃ নূরু উদ্দীন ভুঁইয়া,১৫০২৯৫১০১৪৭৮,মোঃ গোলাম নূর ভুঁইয়া,মনোয়ারা বেগম,"আবদুল ভুঁইয়ার বাড়ী, উত্তর বগাচতর, বগাচতর, সীতাকুন্ড, চট্টগ্রাম",১,Male
০৫২২,মোঃ ফারুক,১৫০২৯৫১০১৪৮০,মোঃ আবুল কালাম,হোসনে আরা বেগম,"আব্দুল ভুঁইয়ার বাড়ী, উত্তর বগাচতর, বগাচতর, সীতাকুন্ড, চট্টগ্রাম",১,Male
০৫২৩,মোহাম্মদ নাজমুল হোসাঈন,১৫০২৯৫১০১৪৮৬,রুহুল আমিন,রোকেয়া বেগম,"আবদুল ভুঁইয়ার বাড়ী, উত্তর বগাচতর, বগাচতর, সীতাকুন্ড, চট্টগ্রাম",১,Male
০৫২৪,সুমন চন্দ্র দাস,১৫০২৯৫১০১৪৮৭,সুসেন চন্দ্র দাস,উষা রানী দাস,"বেচারাম কবিরাজের বাড়ী, উত্তর বগাচতর, বগাচতর, সীতাকুন্ড, চট্টগ্রাম",১,Male
০৫২৫,মোঃ মনির হোসেন,১৫০২৯৫১০১৪৯২,আবদুল আজিজ,শাহিদা খাতুন,"মানসাফি ভূঁইয়ার বাড়ী, উত্তর বগাচতর, বগাচতর, সীতাকুন্ড, চট্টগ্রাম",১,Male
০৫২৬,মোহাম্মদ সফিক,১৫০২৯৫১০১৪৯৫,মোহাম্মদ হোসেন,আফিয়া বেগম,"আবদুপ হাজির বাড়ি, উত্তর বগাচতর, বগাচতর, সীতাকুন্ড, চট্টগ্রাম",১,Male
০৫২৭,সুবাস চন্দ্র দাস,১৫০২৯৫১০১৪৯৭,অনন্ত কুমার দাস,রানী বালা দাস,"বজেন্দ্র কবিরাজের বাড়ী, উত্তর বগাচতর, বগাচতর, সীতাকুন্ড, চট্টগ্রাম",১,Male
০৫২৮,আবুল কাশেম,১৫০২৯৫১০১৪৯৮,সুলতান আহম্মদ,হালিমা খাতুন,"মুনছুর কাজির বাড়ি, উত্তর বগাচতর, বগাচতর, সীতাকুন্ড, চট্টগ্রাম",১,Male
০৫২৯,মোঃ হারুন-উর-রশীদ ভূঁইয়া,১৫০২৯৫১০১৫০১,মোঃ আবু তাহের ভূঁইয়া,ছালেহা বেগম,"সেকান্তর ভুঁঞা বাড়ী, উত্তর বগাচতর, বগাচতর, সীতাকুন্ড, চট্টগ্রাম",১,Male
০৫৩০,মোঃ হারুন অর রশীদ,১৫০২৯৫১০১৫০২,আবুল কালাম,জাহানারা বেগম,"ওয়াহেদুন্নবী গাফারী বাড়ী, উত্তর বগাচতর, বগাচতর, সীতাকুন্ড, চট্টগ্রাম",১,Male
০৫৩১,মোঃ শাহ আলম,১৫০২৯৫১০১৫০৩,মোঃ নূরুল আলম,ফাতেমা বেগম,"লমির বাড়ী, উত্তর বগাচতর, বগাচতর, সীতাকুন্ড, চট্টগ্রাম",১,Male
০৫৩২,মোঃ জসিম উদ্দীন,১৫০২৯৫১০১৫০৪,মোঃ আবুল কাশেম,মনোয়ারা বেগম,"আবুল হোসেন মাঝির বাড়ী, উত্তর বগাচতর, বগাচতর, সীতাকুন্ড, চট্টগ্রাম",১,Male
০৫৩৩,মীর মোহাম্মদ মেজবাহ উদ্দীন,১৫০২৯৫১০১৫০৫,মীর হাফেজ কানূ মিয়া,হাছিনা আক্তার,"মীর হাফেজ কানূ মিয়ার বাড়ী, উত্তর বগাচতর, বগাচতর, সীতাকুন্ড, চট্টগ্রাম",১,Male
০৫৩৪,মোঃ ইউনূচ মিয়া,১৫০২৯৫১০১৫০৭,জয়নাল আবেদীন,লায়লা বেগম,"মুনছুর কাজীর বাড়ী, উত্তর বগাচতর, বগাচতর, সীতাকুন্ড, চট্টগ্রাম",১,Male
০৫৩৫,মোঃ জাহাঙ্গীর আলম,১৫০২৯৫১০১৫০৮,মোঃ এবাদুর রহমান,তরিকের ন্নেছা,"আবদুরুপ হাজীর বাড়ী, উঃ বগাচতর, বগাচতর, সীতাকুন্ড, চট্টগ্রাম",১,Male
০৫৩৬,মোঃ আবুল হোসেন,১৫০২৯৫১০১৫১০,সৈয়দুর রহমান,গোলতাজ বি◌িয়া,"সুতন মনছুর কাজীর বাড়ী, উত্তর বগাচতর, বগাচতর, সীতাকুন্ড, চট্টগ্রাম",১,Male
০৫৩৭,মমিন আনছারি,১৫০২৯৫১০১৫১১,নূরুল আমিন,ফিরোজা বেগম,"আনসার আলী মেস্ত্রীবাড়ি, উত্তর বগাচতর, বগাচতর, সীতাকুন্ড, চট্টগ্রাম৩০চূড়ান্ত ভোটার তালিকাজেলা:চট্টগ্রামউপজেলা:সীতাকুন্ডইউনিয়ন:সৈয়দপুরডাকঘর:সীতাকুন্ডভোটার এলাকার কোড: ০২৯৫ভোটার এলাকার নাম: উত্তর বগাচতর",১,Male
০৫৩৮,মোহাম্মদ কামরুল হোসেন,১৫০২৯৫১০১৫১২,মোঃ মাহবুবুল হক,নছিবা খাতুন,"আবদুল মনাপ সওদাগরের বাড়ীঙ, উত্তর বাগাচতর, সীতাকুন্ড, চট্টগ্রাম",১,Male
০৫৩৯,মফিজুর রহমান ভূঁইয়া,১৫০২৯৫১০১৫৫০,জালাল আহম্মদ ভূঁইয়া,আফিয়া খাতুন,"তোফর আলী ভূঁইয়া বাড়ী, উত্তর বগাচতর, বগাচতর, সীতাকুন্ড, চট্টগ্রাম",১,Male
০৫৪০,বেলায়েত হোসেন ভূঁইয়া,১৫০২৯৫১০১৫৫২,মজিবল হক ভূঁইয়া,মমতাজ বেগম,"তোফর আলী ভূঁইয়া বাড়ী, উত্তর বগাচতর, বগাচতর, সীতাকুন্ড, চট্টগ্রাম",১,Male
০৫৪১,মেহেদী হাসান,১৫০২৯৫১০১৫৫৩,নূরুন নবী ভূঁঞা,রিজিয়া বেগম,"তোফর আলী ভূঁঞা বাড়ী, উত্তর বগাচতর, বগাচতর, সীতাকুন্ড, চট্টগ্রাম",১,Male
০৫৪২,কামরুল হাছান,১৫০২৯৫১০১৫৫৪,মোঃ নূরুন নবী ভূঁইয়া,রিজিয়া বেগম,"তোফর আলী ভূঁইয়া বাড়ী, উত্তর বগাচতর, বগাচতর, সীতাকুন্ড, চট্টগ্রাম",১,Male
০৫৪৩,মোহাম্মদ আবদুল্যাাহ আল নোমান,১৫০২৯৫১০১৫৫৮,মোঃ নূরুল আলম ভূঁইয়া,জাহানারা বেগম,"তোফর আলী ভূঁইয়া বাড়ী, উত্তর বগাচতর, বগাচতর, সীতাকুন্ড, চট্টগ্রাম",১,Male
০৫৪৪,মোঃ আবু ইউসুফ,১৫০২৯৫১০১৫৬৩,রবিউল মোস্তফা,ছেনোয়ারা বেগম,"তোফর আলী ভূঁইয়া বাড়ী, উত্তর বগাচতর, বগাচতর, সীতাকুন্ড, চট্টগ্রাম",১,Male
০৫৪৫,আনোয়ারুল মোমিন ভূঁইয়া,১৫০২৯৫১০১৫৬৪,মোঃ শামছুল হোছাইন ভূঁইয়া,ফাতেমা বেগম,"তোফর আলী ভূঁইয়া বাড়ী, উত্তর বগাচতর, বগাচতর, সীতাকুন্ড, চট্টগ্রাম",১,Male
০৫৪৬,মোঃ আবু মুছা ভূঁইয়া,১৫০২৯৫১০১৫৬৯,রবিউল মোস্তফা ভূঁইয়া,ছেনোয়ারা বেগম,"তোফর আলী ভূঁইয়া বাড়ী, উত্তর বগাচতর, বগাচতর, সীতাকুন্ড, চট্টগ্রাম",১,Male
০৫৪৭,আবু জাফর ভূঁইয়া,১৫০২৯৫১০১৫৭০,রবিউল মোস্তফা ভূঁইয়া,ছেনোয়ারা বেগম,"তোফর আলী ভূঁইয়া বাড়ী, উত্তর বগাচতর, বগাচতর, সীতাকুন্ড, চট্টগ্রাম",১,Male
০৫৪৮,মোঃ নূরুল হুদা ভূঁইয়া,১৫০২৯৫১০১৫৭১,রবিউল মোস্তফা ভূঁইয়া,ছেনোয়ারা বেগম,"তোফর আলী ভূঁইয়া বাড়ী, উত্তর বগাচতর, বগাচতর, সীতাকুন্ড, চট্টগ্রাম",১,Male
০৫৪৯,হারুন অর রশিদ ভুঁইয়া,১৫০২৯৫১০১৫৭২,সফিউর রহমান ভুঁইয়া,রৌশনেজ্জাহান,"তোফর আলী ভুঁইয়া বাড়ী, উত্তর বগাচতর, বগাচতর, সীতাকুন্ড, চট্টগ্রাম",১,Male
০৫৫০,মোহাম্মদ সাইফুল মাওলা,১৫০২৯৫১০১৫৭৩,সফিউর রহমান ভুঁইয়া,রৌশনেজ্জাহান,"তোফর আলী ভুঁইয়া বাড়ী, উত্তর বগাচতর, বগাচতর, সীতাকুন্ড, চট্টগ্রাম",১,Male
০৫৫১,মোঃ সিরাজুল মাওলা ভূঁইয়া,১৫০২৯৫১০১৫৭৪,শফিউর রহমান ভূঁইয়া,রৌশনেরজ্জাহান,"তোফর আলী ভূঁইয়া বাড়ী, উত্তর বগাচতর, বগাচতর, সীতাকুন্ড, চট্টগ্রাম",১,Male
০৫৫২,একরামুল হক,১৫০২৯৫১০১৫৭৭,রহিম উল্যাাহ,আছিয়া খাতুন,"মৌঃ হোছনেজ্জমানের বাড়ী, উত্তর বগাচতর, বগাচতর, সীতাকুন্ড, চট্টগ্রাম",১,Male
০৫৫৩,নেজামুল হক,১৫০২৯৫১০১৫৭৮,রহিম উল্যা্যাহ,আছিয়া খাতুন,"মৌঃ হোছনেজ্জমানের বাড়ী, উত্তর বগাচতর, বগাচতর, সীতাকুন্ড, চট্টগ্রাম",১,Male
০৫৫৪,মোহাঃ নূরুাফা,১৫০২৯৫১০১৫৭৯,নূরুল আবছার,ছেমনা আক্তার,"মৌঃ হোছনেজ্জমানের বাড়ী, উত্তর বগাচতর, বগাচতর, সীতাকুন্ড, চট্টগ্রাম",১,Male
০৫৫৫,নূরুল আবছার,১৫০২৯৫১০১৫৮০,সোলতান আহাং,ওয়াজ খাতুন,"মৌঃ হোছনেজ্জমানের বাড়ী, উত্তর বগাচতর, বগাচতর, সীতাকুন্ড, চট্টগ্রাম৩১চূড়ান্ত ভোটার তালিকাজেলা:চট্টগ্রামউপজেলা:সীতাকুন্ডইউনিয়ন:সৈয়দপুরডাকঘর:সীতাকুন্ডভোটার এলাকার কোড: ০২৯৫ভোটার এলাকার নাম: উত্তর বগাচতর",১,Male
০৫৫৬,মোহাম্মদ সিরাজুল ইসলাম,১৫০২৯৫১০১৫৮৫,হাফেজ আবুল খায়ের,হালিমা খাতুন,"মৌঃ হোসনে জ্জমানের বাড়ী, উত্তর বগাচতর, বগাচতর, সীতাকুন্ড, চট্টগ্রাম",১,Male
০৫৫৭,মোঃ সাইফুর রহমান,১৫০২৯৫১০১৫৯২,আমিনূল হক,সুফিয়া বেগম,"গাফারী চেয়ারম্যান বাড়ী, উত্তর বগাচতর, বগাচতর, সীতাকুন্ড, চট্টগ্রাম",১,Male
০৫৫৮,মোহাম্মদ আনোয়ারুল ইসলাম,১৫০২৯৫১০১৫৯৩,হাবীব উল্যা্যাহ,ছকিনা বেগম,"হোসেনজ্জমানের বাড়ী, উত্তর বগাচতর, বগাচতর, সীতাকুন্ড, চট্টগ্রাম",১,Male
০৫৫৯,এস এম রবিউল এহেছান,১৫০২৯৫১০১৬০১,মোঃ হোছাইনূজ্জামান,আয়েশা সিদ্দিকা,"মৌঃ হোসনে জ্জামানের বাড়ী, উত্তর বগাচতর, বগাচতর, সীতাকুন্ড, চট্টগ্রাম",১,Male
০৫৬০,মোঃ শাহাদাত হোসেন,১৫০২৯৫১০১৬১১,মোঃ রুহুল আমিন,মোছাঃ ফয়েজুন্নেছা,"গাফারী চেয়ারম্যান বাড়ী, উত্তর বগাচতর, বগাচতর, সীতাকুন্ড, চট্টগ্রাম",১,Male
০৫৬১,আমিনূল এহেছান,১৫০২৯৫১০১৬১৫,মৌঃ হোছনেজ্জামান,আশ্রীাফের ন্নেছা,"মৌঃ হোসনে জ্জামানের বাড়ী, উত্তর বগাচতর, বগাচতর, সীতাকুন্ড, চট্টগ্রাম",১,Male
০৫৬২,ছালামত উল্যাহ,১৫০২৯৫১০১৬১৭,বায়েজিদ মিয়া,আয়েশা খাতুন,"হাজী ডাঃ ছালামত উল্যা্যাহর বাড়ী, উত্তর বগাচতর, বগাচতর, সীতাকুন্ড, চট্টগ্রাম",১,Male
০৫৬৩,রফিকুল ইসলাম,১৫০২৯৫১০১৬৩১,তাজুল ইসলাম,চশমা আরা বেগম,"গাফারী চেয়ারম্যান বাড়ী, উত্তর বগাচতর, বগাচতর, সীতাকুন্ড, চট্টগ্রাম",১,Male
০৫৬৪,মোঃ নাছির উদ্দিন,১৫০২৯৫১০১৬৩৩,আহমেদ ছোবহান,ওমদা খাতুন,"গাফারী চেয়ারম্যান বাড়ী, উত্তর বগাচতর, বগাচতর, সীতাকুন্ড, চট্টগ্রাম",১,Male
০৫৬৫,মোঃ নজরুল ইসলাম,১৫০২৯৫১০১৬৩৫,তাজুল ইসলাম,চশমা আরা বেগম,"গাফফারি চেয়ার ম্যান বাড়ী, উত্তর বগাচতর, বগাচতর, সীতাকুন্ড, চট্টগ্রাম",১,Male
০৫৬৬,সিরাজুল ইসলাম,১৫০২৯৫১০১৬৩৯,তাজুল ইসলাম,হুরের জাহান,"গাফফার চেয়ারম্যান বাড়ী, উত্তর বগাচতর, বগাচতর, সীতাকুন্ড, চট্টগ্রাম",১,Male
০৫৬৭,মোঃ ইউছুপ,১৫০২৯৫১০১৬৫৪,বেলায়েত হোসেন,মোতাহেরা বেগম,"মোঃ ইউছুপের বাড়ী, উত্তর বগাচতর, বগাচতর, সীতাকুন্ড, চট্টগ্রাম০৫৬৮. মাইগ্রেট হয়েছে",১,Male
০৫৬৯,মোঃ মাসুদ,১৫০২৯৫১০১৬৬৬,আবদুল কুদ্দুচ,আনোয়ারা বেগম,"নূর আহাং সারেং বাড়ী, উত্তর বগাচতর, বগাচতর, সীতাকুন্ড, চট্টগ্রাম",১,Male
০৫৭০,দিদার আলম,১৫০২৯৫১০১৬৬৯,ফকির আহাং,ছেমনা আফরোজ,"নূর আহাং সারেং বাড়ী, উত্তর বগচতর, বগচতর, সীতাকুন্ড, চট্টগ্রাম",১,Male
০৫৭১,মোঃ মাহবুল হক,১৫০২৯৫১০১৬৭২,এলাহী ব,পঙ্গী বিয়া,"উত্তর বগাচতর, বগাচতর, সীতাকুন্ড, চট্টগ্রাম",১,Male
০৫৭২,আবু জাফর,১৫০২৯৫১০১৬৭৪,বজলের ছোবহান,আসবা খাতুন,"নূর আহাং সারেং বাড়ী, উত্তর বগাচতর, বগাচতর, সীতাকুন্ড, চট্টগ্রাম",১,Male
০৫৭৩,মোঃ এমদাদ হোসেন,১৫০২৯৫১০১৬৯১,মোঃ শাহ আলম,মোছাঃ রাজিয়া বেগম,"লমির বাড়ী, উত্তর বগাচতর, বগাচতর, সীতাকুন্ড, চট্টগ্রাম৩২চূড়ান্ত ভোটার তালিকাজেলা:চট্টগ্রামউপজেলা:সীতাকুন্ডইউনিয়ন:সৈয়দপুরডাকঘর:সীতাকুন্ডভোটার এলাকার কোড: ০২৯৫ভোটার এলাকার নাম: উত্তর বগাচতর",১,Male
০৫৭৪,মোঃ মোজাম্মেল হক,১৫০২৯৫১০১৬৯৩,মোঃ রহিম উল্যাহ,আছিয়া বেগম,"মৌঃ হোছনেজ্জমানের বাড়ী, উত্তর বগাচতর, বগাচতর, সীতাকুন্ড, চট্টগ্রাম",১,Male
০৫৭৫,নূরের ছাপা,১৫০২৯৫১০১৬৯৯,কলিম উল্যাহ,জাহেদা বেগম,"নূর আহং সেরেং বাড়ী, উত্তর বগাচতর, বগাচতর, সীতাকুন্ড, চট্টগ্রাম",১,Male
০৫৭৬,মোশারফ হোসেন,১৫০২৯৫১০১৭০০,রুহুল আমিন,করিমেরন্নেছা,"নূর আহাং সারের বাড়ী, উত্তর বগাচতর, বগাচতর, সীতাকুন্ড, চট্টগ্রাম",১,Male
০৫৭৭,রৌশনেজ্জামান,১৫০২৯৫১০১৭০২,আবু বকর,আমেনা বেগম,"নূর আহাং সারেং বাড়ী, উত্তর বগাচতর, বগাচতর, সীতাকুন্ড, চট্টগ্রাম",১,Male
০৫৭৮,নূরুল হক,১৫০২৯৫১০১৭০৪,হইত ব,পী বিয়া,"নূর আহাং সারেং বাড়ী, উ: বগাচতর, বগাচতর, সীতাকুন্ড, চট্টগ্রাম",১,Male
০৫৭৯,মোঃ শাহাজাহান,১৫০২৯৫১০১৭০৫,আহমদ ছোবহান,রেশমা বেগম,"নূর আহাং সারেং বাড়ী, উত্তর বগাচতর, বগাচতর, সীতাকুন্ড, চট্টগ্রাম",১,Male
০৫৮০,এম এ ছিদ্দিক,১৫০২৯৫১০১৭০৬,জা ব,শাফিয়া বেগম,"নূর আহাং সারেং বাড়ি, উত্তর বগাচতর, বগাচতর, সীতাকুন্ড, চট্টগ্রাম",১,Male
০৫৮১,জসিম উদ্দিন,১৫০২৯৫১০১৭০৭,আহমদ ছোবহান,রেশমা বেগম,"নূর আহাং সারেং বাড়ী, উত্তর বগাচতর, বগাচতর, সীতাকুন্ড, চট্টগ্রাম",১,Male
০৫৮২,মোঃ আবু নোমান,১৫০২৯৫১০১৭১৩,হাজী আবুল বসর,শামসুন নাহার,"ছৈয়দের রহমান মিস্ত্রী বাড়ী, উত্তর বগাচতর, বগাচতর, সীতাকুন্ড, চট্টগ্রাম",১,Male
০৫৮৩,এনামুল হক,১৫০২৯৫১০১৭১৪,রহিম উল্যা্যাহ,আছিয়া খাতুন,"মৌঃ হোসনেজ্জমানের বাড়ী, উত্তর বগাচতর, বগাচতর, সীতাকুন্ড, চট্টগ্রাম",১,Male
০৫৮৪,মোঃ সিরাজ উদ দৌলা,১৫০২৯৫১০১৭১৫,মোঃ সুলতান আহাম্মদ,মাজেদা বেগম,"মা মিল, উত্তর বগাচতর, বগাচতর, সীতাকুন্ড, চট্টগ্রাম",১,Male
০৫৮৫,মোহাম্মদ সাহিদ,১৫০২৯৫১০১৭১৮,জহুরুল হক,শামিমা আক্তার,"লমির বাড়ী, উত্তর বগাচতর, বগাচতর, সীতাকুন্ড, চট্টগ্রাম",১,Male
০৫৮৬,মোঃ সহিদ উল্যাহ,১৫০২৯৫১০১৭১৯,জহুরুল হক,শামিনা আক্তার,"লমির বাড়ী, উত্তর বগাচতর, বগাচতর, সীতাকুন্ড, চট্টগ্রাম",১,Male
০৫৮৭,হারুন অর রশীদ,১৫০২৯৫১০১৭২০,ছেরাজল হক,আফিয়া খাতুন,"নূর আহাম্মদ সারাং বাড়ী, উত্তর বগাচতর, বগাচতর, সীতাকুন্ড, চট্টগ্রাম",১,Male
০৫৮৮,আবুল কালাম,১৫০২৯৫১০১৭২১,ফয়েজ ব,পী বিয়া,"নূর আঃ সারেং বাড়ী, উত্তর বগাচতর, বগাচতর, সীতাকুন্ড, চট্টগ্রাম",১,Male
০৫৮৯,মদিন উল্যা্যাহ,১৫০২৯৫১০১৭২৩,জেবল হক,হালিমা খাতুন,"মোঃ হোসনেজ্জামানের বাড়ী, উত্তর বগাচতর, বগাচতর, সীতাকুন্ড, চট্টগ্রাম",১,Male
০৫৯০,শামছুল হক,১৫০২৯৫১০১৭২৫,মোঃ আবদুল্যাাহ,আয়েশা বেগম,"নূর আহম্মদ সোরাং বাড়ী, উত্তর বগাচতর, বগাচতর, সীতাকুন্ড, চট্টগ্রাম",১,Male
০৫৯১,মহি◌্উদ্দীন,১৫০২৯৫১০১৭২৬,শামছুল হক,করফুলেন্নেছা,"নূর আহাং মারেং বাড়ী, উত্তর বগাচতর, বগাচতর, সীতাকুন্ড, চট্টগ্রাম৩৩চূড়ান্ত ভোটার তালিকাজেলা:চট্টগ্রামউপজেলা:সীতাকুন্ডইউনিয়ন:সৈয়দপুরডাকঘর:সীতাকুন্ডভোটার এলাকার কোড: ০২৯৫ভোটার এলাকার নাম: উত্তর বগাচতর",১,Male
০৫৯২,আবু নূর,১৫০২৯৫১০১৭২৭,ওসমান গনি,আয়েশা খাতুন,"নূর আহাম্মদ সারাং বাড়ী, উত্তর বগাচতর, বগাচতর, সীতাকুন্ড, চট্টগ্রাম",১,Male
০৫৯৩,নূরের ছাফা,১৫০২৯৫১০১৭২৮,সোলতান আহাং,মাজেদা খাতুন,"লমির বাড়ী, উত্তর বগাচতর, বগাচতর, সীতাকুন্ড, চট্টগ্রাম০৫৯৪. মাইগ্রেট হয়েছে",১,Male
০৫৯৫,মুহাম্মদ বেলাল উদ্দিন,১৫০২৯৫১০১৭৩০,মুহাম্মদ আব্দুল মান্নান,মোছাম্মৎ ছলিমা বেগম,"মোঃ হোসনেজ্জমানের বাড়ী, উত্তর বগাচতর, বগাচতর, সীতাকুন্ড, চট্টগ্রাম",১,Male
০৫৯৬,মোঃ মশিউর রহমান,১৫০২৯৫১০১৭৩২,আমিনূল হক,সুফিয়া বেগম,"লমির বাড়ী, উত্তর বগাচতর, বগাচতর, সীতাকুন্ড, চট্টগ্রাম",১,Male
০৫৯৭,কামাল হোসেন,১৫০২৯৫১০১৭৩৩,আমির হোসেন,ছেনোয়ারা বেগম,"আমির হোসেন মাঝি বাড়ী, উত্তর বগাচতর, বগাচতর, সীতাকুন্ড, চট্টগ্রাম",১,Male
০৫৯৮,শেখ ফরিদ,১৫০২৯৫১০১৭৩৪,রহিম উল্যাহ,আছিয়া বেগম,"মৌঃ হোসনেজ্জমানের বাড়ী, উত্তর বগাচতর, বগাচতর, সীতাকুন্ড, চট্টগ্রাম",১,Male
০৫৯৯,মোঃ আনিছ উর রহমান,১৫০২৯৫১০১৭৩৫,জহিরুল আলম,ছালেহা খাতুন,"গাফারী চেয়ারম্যান বাড়ী, উত্তর বগাচতর, বগাচতর, সীতাকুন্ড, চট্টগ্রাম",১,Male
০৬০০,জেবল হক,১৫০২৯৫১০১৭৩৬,এলাহী ব,পি বিয়া,"নূর আহাম্মদ সারেং বাড়ী, উত্তর বগাচতর, বগাচতর, সীতাকুন্ড, চট্টগ্রাম",১,Male
০৬০১,মোঃ আবু নছর,১৫০২৯৫১০১৭৪০,মোঃ আমিনূল এহছান,রোকেয়া বেগম,"মৌঃ হোসনে জ্জামানের বাড়ি, উত্তর বগাচতর, বগাচতর, সীতাকুন্ড, চট্টগ্রাম",১,Male
০৬০২,নূরুল আলম,১৫০২৯৫১০১৭৪২,নূরজ্জামান,তাহেরুন্নেছা,"নূর আহাং সারেং বাড়ী, উত্তর বগাচতর, বগাচতর, সীতাকুন্ড, চট্টগ্রাম",১,Male
০৬০৩,মোহাম্মদ আবদুল মোয়েম,১৫০২৯৫১০১৭৪৩,মোহাম্মদ ইসমাঈল,হোসনে আরা বেগম,"গোলাম নূর মাস্টার বাড়ী, উত্তর বগাচতর, বগাচতর, সীতাকুন্ড, চট্টগ্রাম",১,Male
০৬০৪,মোহাম্মদ ইউসুফ,১৫০২৯৫১০১৭৪৪,মোহাম্মদ নূরুল আবছার,মোছাম্মৎ ছেমনা আক্তার,"মৌলভী হোসাইনূজ্জমানের বাড়ী, উত্তর বগাচতর, বগাচতর, সীতাকুন্ড, চট্টগ্রাম",১,Male
০৬০৫,মোঃ ছৈয়দের রহমান,১৫০২৯৫১০১৭৪৬,সফিউল আলম,বিবি ফাতেমা,"গাফারী চেয়ারম্যান বাড়ী, উত্তর বগাচতর, বগাচতর, সীতাকুন্ড, চট্টগ্রাম",১,Male
০৬০৬,মোঃ মাহফুজ,১৫০২৯৫১০১৭৪৭,নূরুল ইসলাম ভুঁইয়া,সুলতানা রাজিয়া,"তোফর আলী ভুঁইয়া বাড়ী, উত্তর বগাচতর, বগাচতর, সীতাকুন্ড, চট্টগ্রাম",১,Male
০৬০৭,জামাল হোসেন,১৫০২৯৫১০১৭৫০,আমির হোসেন,ছেনোয়ারা বেগম,"আমির হোসেন মাঝি বাড়ী, উত্তর বগাচতর, বগাচতর, সীতাকুন্ড, চট্টগ্রাম",১,Male
০৬০৮,মোঃ রবিউল হোসেন,১৫০২৯৫১০১৭৫৪,মোঃ রুহুল আমিন,ফয়েজুন নেসা,"গাফারী চেয়ারম্যান বাড়ী, উত্তর বগচতর, বগচতর, সীতাকুন্ড, চট্টগ্রাম",১,Male
০৬০৯,আবু তাহের ভুঁইয়া,১৫০২৯৫১০১৭৫৮,হাজী আজিজুর রহমান,হালিমা খাতুন,"তোফর আলী ভুঁইয়া বাড়ী, উত্তর বগাচতর, বগাচতর, সীতাকুন্ড, চট্টগ্রাম৩৪চূড়ান্ত ভোটার তালিকাজেলা:চট্টগ্রামউপজেলা:সীতাকুন্ডইউনিয়ন:সৈয়দপুরডাকঘর:সীতাকুন্ডভোটার এলাকার কোড: ০২৯৫ভোটার এলাকার নাম: উত্তর বগাচতর",১,Male
০৬১০,মোঃ রফিকুল মাওলা,১৫০২৯৫১০১৭৫৯,সফিকুর রহমান,রোশনেরজাহান,"তোফর আলী ভুঁইয়া বাড়ী, উত্তর বগাচতর, বগাচতর, সীতাকুন্ড, চট্টগ্রাম",১,Male
০৬১১,মোহাম্মদ জসীম উদ্দীন,১৫০২৯৫১০১৭৬০,নূরের নবী,ফরিদা বেগম,"মোক্রম আলী সারেং বাড়ী, উত্তর বগাচতর, বগাচতর, সীতাকুন্ড, চট্টগ্রাম",১,Male
০৬১২,মুহম্মদ মামুন মোরশেদ ভূঁইয়া,১৫০২৯৫১০১৭৬৪,আবু তাহের ভূঁইয়া,মিসেস ফিরোজা বেগম,"তোফর আলী ভুঁইয়া বাড়ী, উত্তর বগাচতর, বগাচতর, সীতাকুন্ড, চট্টগ্রাম",১,Male
০৬১৩,আবুল বসর,১৫০২৯৫১০১৭৭১,মোঃ আবদুল্যাাহ,আরাফাত বিবি,"গাফারী চেয়ারম্যান বাড়ী, উত্তর বগাচতর, বগাচতর, সীতাকুন্ড, চট্টগ্রাম",১,Male
০৬১৪,মোঃ আবুল বশর,১৫০২৯৫১০১৭৭৪,আবদুল হক,খায়েরের ন্নেছা,"নূর আহাম্মদ সারাং বাড়ী, উত্তর বগচতর, বগচতর, সীতাকুন্ড, চট্টগ্রাম",১,Male
০৬১৫,এরফান,১৫০২৯৫১০১৭৭৭,হাজী আবুল বশর,শামছুন নাহার,"সৈয়দের রহমান মিস্ত্রী বাড়ী, উত্তর বগাচতর, বগাচতর, সীতাকুন্ড, চট্টগ্রাম",১,Male
০৬১৬,মোহাম্মদ আমিন শরীফ,১৫০২৯৫১০১৭৭৮,মোহাম্মদ নজরুল ইসলাম,ফয়েজুন্নেছা,"গোলদার বাড়ী, উত্তর বগাচতর, বগাচতর, সীতাকুন্ড, চট্টগ্রাম",১,Male
০৬১৭,মোঃ রবিউল হোসেন,১৫০২৯৫১০১৮৪৯,মোঃ নূরুজ্জামান,মোছাম্মৎ ফাতেমা খাতুন,"দজর্ি বাড়ী, উত্তর বগাচতর, বগাচতর, সীতাকুন্ড, চট্টগ্রাম",১,Male
০৬১৮,ইাহীম হক,১৫০২৯৫১০১৮৫২,কাজী লুৎফুল হক,শরিফাখাতুন,"উত্তর বগাচতর, বগাচতর, সীতাকুন্ড, চট্টগ্রাম",১,Male
০৬১৯,মোহাম্মদ কামরুল ইসলাম,১৫০২৯৫১০১৮৫৩,নূরুল ইসলাম,শামছুন্নাহার,"আব্দুল ভূা বাড়ী, উঃ বগাচতর, বগাচতর, সীতাকুন্ড, চট্টগ্রাম",১,Male
০৬২০,মোহাম্মদ আবু জাফর,১৫০২৯৫১০১৮৫৪,মোঃ নূরুল মোস্তফা,ফাতেমা বেগম,"মোক্রম আলী সারেং বাড়ী, উঃ বগাচতর, বগাচতর, সীতাকুন্ড, চট্টগ্রাম",১,Male
০৬২১,মুহাম্মদ শরীফুল ইসলাম ভূঞা,১৫০২৯৫১০১৮৫৭,মৃত মুহাম্মদ হাবিব উল্যাাহ ভূঞা,মনোয়ারা বেগম,"মান সফি ভূঁইয়া বাড়ী, উঃ বগাচতর, বগাচতর, সীতাকুন্ড, চট্টগ্রাম",১,Male
০৬২২,মোহাম্মদ বেলায়েত হোসেন,১৫০২৯৫১০১৮৫৯,আবুল কালাম,লায়লা বেগম,"রফিউজ্জামান মাস্টার বাড়ী, উঃ বগাচতর, বগাচতর, সীতাকুন্ড, চট্টগ্রাম",১,Male
০৬২৩,মোঃ নূরুল আমিন,১৫০২৯৫১০১৮৬১,আবদুল জলিল,মানিক বিয়া,"লাল মোহন গোমস্তা বাড়ী, উত্তর বগাচতর, বগাচতর, সীতাকুন্ড, চট্টগ্রাম০৬২৪. মাইগ্রেট হয়েছে",১,Male
০৬২৫,মোঃ নূরুল আবছার,১৫০২৯৫১০১৮৬৪,আবদুল জার,হালিমা খাতুন,"লাল মোহন গোমত্রা বাড়ী, উত্তর বগাচতর, বগাচতর, সীতাকুন্ড, চট্টগ্রাম",১,Male
০৬২৬,মোঃ জাহাঙ্গীর আলম,১৫০২৯৫১০১৮৭০,নূর ইসলাম,জোছনা আরা বেগম,"লাল মোহন গোমস্তার বাড়ী, উত্তর বগাচতর, বগাচতর, সীতাকুন্ড, চট্টগ্রাম",১,Male
০৬২৭,মোঃ শা আলম,১৫০২৯৫১০১৮৭২,নূর ইসলাম,জোছনা আরা বেগম,"লাল মোহন গোমস্তার বাড়ী, উত্তর বগাচতর, বগাচতর, সীতাকুন্ড, চট্টগ্রাম৩৫চূড়ান্ত ভোটার তালিকাজেলা:চট্টগ্রামউপজেলা:সীতাকুন্ডইউনিয়ন:সৈয়দপুরডাকঘর:সীতাকুন্ডভোটার এলাকার কোড: ০২৯৫ভোটার এলাকার নাম: উত্তর বগাচতর",১,Male
০৬২৮,আমান উল্যাাহ,১৫০২৯৫১০১৮৭৪,নূরুল ইসলাম,দেল আফরোজ বেগম,"লাল মোহন গোমস্তার বাড়ী, উত্তর বগাচতর, বগাচতর, সীতাকুন্ড, চট্টগ্রাম",১,Male
০৬২৯,আবু নূর,১৫০২৯৫১০১৮৮১,আবুল কালাম,জোছনা আক্তার,"গোলদার বাড়ী, উত্তর বগাচতর, বগাচতর, সীতাকুন্ড, চট্টগ্রাম",১,Male
০৬৩০,ঈমান শরীফ,১৫০২৯৫১০১৮৮২,ফজলুল হক,ছকিনা খাতুন,"গোলদার বাড়ী, উত্তর বগাচতর, বগাচতর, সীতাকুন্ড, চট্টগ্রাম",১,Male
০৬৩১,ইলিয়াছ কাইয়ূম,১৫০২৯৫১০১৮৮৪,আবদুল নবী,মামুদা খাতুন,"গোলদান বাড়ী, উত্তর বগাচতর, বগাচতর, সীতাকুন্ড, চট্টগ্রাম",১,Male
০৬৩২,শামছুল আলম,১৫০২৯৫১০১৮৮৮,আবদুল নবী মেস্তরী,মামুদ খাতুন,"গোলদান বাড়ী, উত্তর বগাচতর, বগাচতর, সীতাকুন্ড, চট্টগ্রাম",১,Male
০৬৩৩,মোঃ সোলেমান,১৫০২৯৫১০১৮৮৯,রাজা মিয়া,হাছান বানূ,"গোলদার বাড়ী, উত্তর বগাচতর, বগাচতর, সীতাকুন্ড, চট্টগ্রাম",১,Male
০৬৩৪,নূর মোস্তফা,১৫০২৯৫১০১৯০১,আমির বকস,রুপজান বিবি,"গোলদান বাড়ী, উত্তর বগাচতর, বগাচতর, সীতাকুন্ড, চট্টগ্রাম",১,Male
০৬৩৫,মোঃ আজিজুল হক,১৫০২৯৫১০১৯০৫,মৌলভী মোঃ আবদুল হামিদ,সাজেদা আক্তার,"জমাদার বাড়ী, উত্তর বগাচতর, বগাচতর, সীতাকুন্ড, চট্টগ্রাম",১,Male
০৬৩৬,মোঃ মোজাম্মেল হক,১৫০২৯৫১০১৯০৬,আবদুল হামিদ,শাজেদা খাতুন,"জমাদার বাড়ী, উত্তর বগাচতর, বগাচতর, সীতাকুন্ড, চট্টগ্রাম",১,Male
০৬৩৭,এফতেখার হোসেন,১৫০২৯৫১০১৯১০,হাজী নূরুল আমিন,জোছনা আরা বেগম,"জমাদার বাড়ী, উত্তর বগাচতর, বগাচতর, সীতাকুন্ড, চট্টগ্রাম",১,Male
০৬৩৮,মোঃ নূরুল আমিন,১৫০২৯৫১০১৯১১,হাজী মতিয়ূর রহমান,ছোকধন বিয়া,"জমাদার বাড়ী, উত্তর বগাচতর, বগাচতর, সীতাকুন্ড, চট্টগ্রাম",১,Male
০৬৩৯,জাহির উদ্দিন,১৫০২৯৫১০১৯২২,আবুল হোসেন,হানূফা বেগম,"জমাদার বাড়ী, উত্তর বগাচতর, বগাচতর, সীতাকুন্ড, চট্টগ্রাম",১,Male
০৬৪০,জেবল ইসলাম,১৫০২৯৫১০১৯৩০,আমির ব,আছিয়া খাতুন,"আবদুল মজিদের বাড়ী, উত্তর বগাচতর, বগাচতর, সীতাকুন্ড, চট্টগ্রাম",১,Male
০৬৪১,মহিউদ্দীন,১৫০২৯৫১০১৯৪০,তাজুল ইসলাম,আনোয়ারা বেগম,"আবদুল মজিদ কামলার বাড়ী, উত্তর বগাচতর, বগাচতর, সীতাকুন্ড, চট্টগ্রাম",১,Male
০৬৪২,মোহাম্মদ ফকির,১৫০২৯৫১০১৯৪১,আবুল হাশিম,আছমা খাতুন,"আবদুল মজিদ কামলার বাড়ী, উত্তর বগাচতর, বগাচতর, সীতাকুন্ড, চট্টগ্রাম",১,Male
০৬৪৩,মোঃ ইলিয়াছ,১৫০২৯৫১০১৯৪৩,আমিনূল হক,জাহানারা বেগম,"জমাদার বাড়ী, উত্তর বগাচতর, বগাচতর, সীতাকুন্ড, চট্টগ্রাম",১,Male
০৬৪৪,বেলায়েত হোসেন,১৫০২৯৫১০১৯৫১,অজন মিঞা,আনজুমা আরা বেগম,"গোলদার বাড়ি, উত্তর বগচতর, বগচতর, সীতাকুন্ড, চট্টগ্রাম",১,Male
০৬৪৫,মোহাম্মদ সবুজ,১৫০২৯৫১০১৯৫২,রাজা মিয়া,হাছান বানূ,"গোলদার বাড়ী, উত্তর বগাচতর, বগাচতর, সীতাকুন্ড, চট্টগ্রাম৩৬চূড়ান্ত ভোটার তালিকাজেলা:চট্টগ্রামউপজেলা:সীতাকুন্ডইউনিয়ন:সৈয়দপুরডাকঘর:সীতাকুন্ডভোটার এলাকার কোড: ০২৯৫ভোটার এলাকার নাম: উত্তর বগাচতর",১,Male
০৬৪৬,আবদুল মোতালেব,১৫০২৯৫১০১৯৫৩,ছালামত উল্যা্যাহ,সুফিয়া বেগম,"গোলদার বাড়ী, উত্তর বগাচতর, বগাচতর, সীতাকুন্ড, চট্টগ্রাম",১,Male
০৬৪৭,মাহবুল হক,১৫০২৯৫১০১৯৫৬,এবাদুর রহমান,হুজাল বেগম,"গোলদার বাড়ী, উত্তর বগাচতর, বগাচতর, সীতাকুন্ড, চট্টগ্রাম",১,Male
০৬৪৮,আলতাফ হোসেন,১৫০২৯৫১০১৯৫৭,রাজা মিয়া,হাছান বানূ,"গোলদার বাড়ী, উ: বগাচতর, বগাচতর, সীতাকুন্ড, চট্টগ্রাম",১,Male
০৬৪৯,মোহাম্মদ রহমত উল্যাা,১৫০২৯৫১০১৯৫৮,ফজলুল হক,ছকিনা খাতুন,"গোলদার বাড়ী, উত্তর বগাচতর, বগাচতর, সীতাকুন্ড, চট্টগ্রাম",১,Male
০৬৫০,আলা উদ্দিন,১৫০২৯৫১০১৯৬৭,আবুল কালাম,ছকিনা খাতুন,"হাসমত আলী মেস্তরী বাড়ী, উত্তর বগাচতর, বগাচতর, সীতাকুন্ড, চট্টগ্রাম",১,Male
০৬৫১,ছালেহ আহাম্মদ,১৫০২৯৫১০১৯৭০,হোছনের জামান,তাজুন নেছা,"রাজা মিঞা চৌধুরী বাড়ী, উত্তর বগাচতর, বগাচতর, সীতাকুন্ড, চট্টগ্রাম",১,Male
০৬৫২,মোঃ ফকির আহাম্মদ,১৫০২৯৫১০১৯৭৩,আবদুল কোাত,ছিকধন বিয়া,"লাল মোহন গোমস্তার বাড়ী, উত্তর বগাচতর, বগাচতর, সীতাকুন্ড, চট্টগ্রাম",১,Male
০৬৫৩,একরামুল হক,১৫০২৯৫১০১৯৭৪,হোসনেজ্জামান,ছেমনা আক্তার,"লাল মোহন গোমস্তার বাড়ী, উত্তর বগাচতর, বগাচতর, সীতাকুন্ড, চট্টগ্রাম",১,Male
০৬৫৪,দিদারুল আলম,১৫০২৯৫১০১৯৮২,ওয়ারত উল্যাহ,শামছুন্নাহার,"গোলদার বাড়ি, উত্তর বগাচতর, বগাচতর, সীতাকুন্ড, চট্টগ্রাম",১,Male
০৬৫৫,মোঃ আবু জাফর,১৫০২৯৫১০১৯৮৩,হারেছ আহাম্মদ,তাহেরের নেছা,"ফকির বাড়ী, উত্তর বগাচতর, বগাচতর, সীতাকুন্ড, চট্টগ্রাম",১,Male
০৬৫৬,কাজী নূরের জামান,১৫০২৯৫১০১৯৮৮,কাজি নূরুল ইসলাম মেস্তরী,মাহমুনা খাতুন,"ফকির বাড়ী, উ: বগাচতর, বগাচতর, সীতাকুন্ড, চট্টগ্রাম",১,Male
০৬৫৭,আলী আকবর,১৫০২৯৫১০১৯৯১,নূরুল ইসলাম মেস্ত্রী,মায়মুনা খাতুন,"ফকির বাড়ী, উত্তর বগাচতর, বগাচতর, সীতাকুন্ড, চট্টগ্রাম",১,Male
০৬৫৮,মুহাম্মদ জয়নূল আবেদীন,১৫০২৯৫১০১৯৯৩,ছলিম উল্যা্যাহ,শাহীনূর বেগম,"লমি ভূঁইয়া বাড়ী, উত্তর বগাচতর, বগাচতর, সীতাকুন্ড, চট্টগ্রাম",১,Male
০৬৫৯,মোঃ হারুন,১৫০২৯৫১০১৯৯৭,জহুরুল হক,হোসনে আরা বেগম,"লাল মোহন গোমস্তার বাড়ী, উত্তর বগাচতর, বগাচতর, সীতাকুন্ড, চট্টগ্রাম",১,Male
০৬৬০,আলী হোসেন,১৫০২৯৫১০১৯৯৯,রুহুল আমিন,ছালেহা বেগম,"আবদুল মজিদ কামলার বাড়ী, উত্তর বগাচতর, বগাচতর, সীতাকুন্ড, চট্টগ্রাম",১,Male
০৬৬১,তছলিম উদ্দিন,১৫০২৯৫১০২০০০,আমিনূল হক,জাহানারা আক্তার,"জমাদার বাড়ী, উত্তর বগাচতর, বগাচতর, সীতাকুন্ড, চট্টগ্রাম",১,Male
০৬৬২,নূরুল গণী,১৫০২৯৫১০২০০১,আবদুল কোাত,ছিকধন বিয়া,"লাল মোহন গোমস্তার বাড়ী, উত্তর বগাচতর, বগাচতর, সীতাকুন্ড, চট্টগ্রাম",১,Male
০৬৬৩,মোহাম্মদ ইসমাইল,১৫০২৯৫১০২০০২,আবদুল কোাত,ছিকদন বিয়া,"লাল মোহন গোমস্তার বাড়ী, উত্তর বগাচতর, বগাচতর, সীতাকুন্ড, চট্টগ্রাম৩৭চূড়ান্ত ভোটার তালিকাজেলা:চট্টগ্রামউপজেলা:সীতাকুন্ডইউনিয়ন:সৈয়দপুরডাকঘর:সীতাকুন্ডভোটার এলাকার কোড: ০২৯৫ভোটার এলাকার নাম: উত্তর বগাচতর",১,Male
০৬৬৪,আবুল কালাম,১৫০২৯৫১০২০০৩,মোবারক আলী,হাসনা বিবি,"গোলদার বাড়ি, উত্তর বগাচতর, বগাচতর, সীতাকুন্ড, চট্টগ্রাম",১,Male
০৬৬৫,জালাল উদ্দিন,১৫০২৯৫১০২০০৫,ছমির উদ্দীন,জরিনা বেগম,"গোলদার বাড়ী, উত্তর বগাচতর, বগাচতর, সীতাকুন্ড, চট্টগ্রাম",১,Male
০৬৬৬,কপিল উদ্দীন,১৫০২৯৫১০২০০৭,আবুল কালাম,সালমা আক্তার,"হাসমত আলী মোল্যাা বাড়ী, উত্তর বগাচতর, বগাচতর, সীতাকুন্ড, চট্টগ্রাম",১,Male
০৬৬৭,আমিনের রহমান,১৫০২৯৫১০২০০৮,হঈদ ব,দুর্লব বিয়া,"আব্দুল মজিদ কামালার বাড়ী, উত্তর বগাচতর, বগাচতর, সীতাকুন্ড, চট্টগ্রাম",১,Male
০৬৬৮,এরশাদ উল্যাাহ,১৫০২৯৫১০২০০৯,নূর মোস্তফা,আয়শা খাতুন,"গোলদার বাড়ী, উত্তর বগাচতর, বগাচতর, সীতাকুন্ড, চট্টগ্রাম",১,Male
০৬৬৯,মফিজুর রহমান,১৫০২৯৫১০২০১০,জহুরুল হক,শামছুন্নাহার,"গোলদার বাড়ী, উত্তর বগাচতর, বগাচতর, সীতাকুন্ড, চট্টগ্রাম",১,Male
০৬৭০,মোঃ ইউনূচ,১৫০২৯৫১০২০১২,অজন মিঞা,আন্জুমা খাতুন,"গোলদার বাড়ী, উত্তর বগাচতর, বগাচতর, সীতাকুন্ড, চট্টগ্রাম",১,Male
০৬৭১,মোঃ আবু হান্নান মাসুদ,১৫০২৯৫১০২০১৩,রাজা মিয়া,হাছান বানূ,"গোলদার বাড়ী, উত্তর বগাচতর, বগাচতর, সীতাকুন্ড, চট্টগ্রাম",১,Male
০৬৭২,মোহাম্মদ শাহীন,১৫০২৯৫১০২০১৪,ছেরাদল হক,আমেনা খাতুন,"গোলদার বাড়ী, উত্তর বগাচতর, বগাচতর, সীতাকুন্ড, চট্টগ্রাম",১,Male
০৬৭৩,মোঃ আাস উদ্দীন,১৫০২৯৫১০২০১৫,শামছুল আলম,লায়লা বেগম,"গোলদার বাড়ী, উত্তর বগাচতর, বগাচতর, সীতাকুন্ড, চট্টগ্রাম০৬৭৪. মাইগ্রেট হয়েছে",১,Male
০৬৭৫,সিরাজুল ইসলাম,১৫০২৯৫১০২০১৭,অজন মিয়া,আন্জুমা বেগম,"গোলদার বাড়ী, উত্তর বগাচতর, বগাচতর, সীতাকুন্ড, চট্টগ্রাম",১,Male
০৬৭৬,মোঃ জসিম উদ্দীন,১৫০২৯৫১০২০১৯,হারেছ আহাম্মদ,তাহেরের নেছা,"ফকির বাড়ী, উত্তর বগাচতর, বগাচতর, সীতাকুন্ড, চট্টগ্রাম",১,Male
০৬৭৭,মোঃ জহুরুল হক,১৫০২৯৫১০২০২০,ছাবিদ আলী,বিয়াধন বিয়া,"গোলদার বাড়ী, উত্তর বগাচতর, বগাচতর, সীতাকুন্ড, চট্টগ্রাম",১,Male
০৬৭৮,মোঃ নাছির উদ্দিন,১৫০২৯৫১০২০২১,আবদুল মন্নান,নূর জাহান বেগম,"গোলদার বাড়ী, উত্তর বগাচতর, বগাচতর, সীতাকুন্ড, চট্টগ্রাম",১,Male
০৬৭৯,মোঃ সোহরাব হোসেন,১৫০২৯৫১০২০২২,জহুরুল হক,আয়শা খাতুন,"লাল মোহন গোস্তার বাড়ী, উত্তর বগাচতর, বগাচতর, সীতাকুন্ড, চট্টগ্রাম",১,Male
০৬৮০,মোঃ মামুন,১৫০২৯৫১০২০২৫,তোফায়েল আহাম্মদ,ছেমনা আফরোজ,"লাল মোহন গোস্তার বাড়ী, উত্তর বগাচতর, বগাচতর, সীতাকুন্ড, চট্টগ্রাম",১,Male
০৬৮১,মোঃ আলা উদ্দীন,১৫০২৯৫১০২০২৬,নূর হোসেন,রাবেয়া খাতুন,"লাল মোহন গোমস্তা বাড়ী, উত্তর বগাচতর, বগাচতর, সীতাকুন্ড, চট্টগ্রাম৩৮চূড়ান্ত ভোটার তালিকাজেলা:চট্টগ্রামউপজেলা:সীতাকুন্ডইউনিয়ন:সৈয়দপুরডাকঘর:সীতাকুন্ডভোটার এলাকার কোড: ০২৯৫ভোটার এলাকার নাম: উত্তর বগাচতর",১,Male
০৬৮২,মোঃ নূরের ছাফা,১৫০২৯৫১০২০২৭,খলিলের রহমান,ছেমনা আফরোজ,"ফকির বাড়ী, উত্তর বগাচতর, বগাচতর, সীতাকুন্ড, চট্টগ্রাম",১,Male
০৬৮৩,মোঃ ইিস,১৫০২৯৫১০২০২৮,আজিজের রহমান,হাজেরা খাতুন,"ইিস সওঃ বাড়ী, উত্তর বগাচতর, বগাচতর, সীতাকুন্ড, চট্টগ্রাম",১,Male
০৬৮৪,মুহাম্মদ শাহাদাত হোসেন,১৫০২৯৫১০২০২৯,ওয়ারত উল্যাহ,সামছুন্নাহার,"গোলদার বাড়ী, উত্তর বগাচতর, বগাচতর, সীতাকুন্ড, চট্টগ্রাম",১,Male
০৬৮৫,মোঃ মোশর্েদ,১৫০২৯৫১০২০৩০,ছালামত উল্যা্যা,হোসনে আরা বেগম,"কেরামত আলী বাড়ী, উত্তর বগাচতর, বগাচতর, সীতাকুন্ড, চট্টগ্রাম",১,Male
০৬৮৬,মোঃ ওছমান গনী,১৫০২৯৫১০২০৩১,মোঃ ইিছ,শরিফা বেগম,"মোঃ ইিস সওঃ বাড়ী, উত্তর বগাচতর, বগাচতর, সীতাকুন্ড, চট্টগ্রাম",১,Male
০৬৮৭,মোঃ লিটন,১৫০২৯৫১০২০৩২,মোহাম্মদ সফিউল আলম,সুফিয়া বেগম,"কবির বলীর বাড়ী, উত্তর বগাচতর, বগাচতর, সীতাকুন্ড, চট্টগ্রাম",১,Male
০৬৮৮,গৌরাঙ্গ জলদাস,১৫০২৯৫১০২০৩৩,ধনা রজন,গংঙ্গা রানী জলদাস,"উত্তর বগাচতর জলদাস পাড়া, উত্তর বগাচতর, বগাচতর, সীতাকুন্ড, চট্টগ্রাম",১,Male
০৬৮৯,যতীন্দ্র জলদাস,১৫০২৯৫১০২০৩৬,জগদীশ চন্দ্র,গয়েরী জরদাস,"জলদাস পাড়া, উত্তর বগাচতর, বগাচতর, সীতাকুন্ড, চট্টগ্রাম",১,Male
০৬৯০,বাবুল দাস,১৫০২৯৫১০২০৩৭,হরী মোহন,পদমা রাণী,"উত্তর বগাচতর জলদাস বাড়ী, উত্তর বগাচতর, বগাচতর, সীতাকুন্ড, চট্টগ্রাম",১,Male
০৬৯১,মোঃ নূরুল আবছার,১৫০২৯৫১০২০৪০,ছাবিদ আলী,বিয়া ধন,"গোলদার বাড়ী, উত্তর বগাচতর, বগাচতর, সীতাকুন্ড, চট্টগ্রাম",১,Male
০৬৯২,মোঃ আলমগীর,১৫০২৯৫১০২০৪৫,নূর মোস্তফা,ছেমনা আক্তার,"গোলদার বাড়ী, উত্তর বগাচতর, বগাচতর, সীতাকুন্ড, চট্টগ্রাম",১,Male
০৬৯৩,আবদুল কাইয়ূম,১৫০২৯৫১০২০৫০,নূরুল গনী,ছবিয়া খাতুন,"লাল মোহন গোমস্তার বাড়ী, উত্তর বগাচতর, বগাচতর, সীতাকুন্ড, চট্টগ্রাম",১,Male
০৬৯৪,হেলাল উদ্দীন,১৫০২৯৫১০২০৫২,নূরুল হুদা,সাজেদা বেগম,"লাল মোহন গোমস্তা বাড়ী, উত্তর বগাচতর, বগাচতর, সীতাকুন্ড, চট্টগ্রাম",১,Male
০৬৯৫,মোহাম্মদ নজরুল ইসলাম,১৫০২৯৫১০২০৫৫,ছালেহ আহাম্মদ,জাহেদা বেগম,"ছালেহ আহাম্মদ চৌং বাড়ী, উত্তর বগাচতর, বগাচতর, সীতাকুন্ড, চট্টগ্রাম",১,Male
০৬৯৬,আকতারুজ্জামান,১৫০২৯৫১০২০৫৬,আমান উল্যা্যাহ,মমতাজ বেগম,"গোলদার বাড়ী, উত্তর বগচতর, বগচতর, সীতাকুন্ড, চট্টগ্রাম",১,Male
০৬৯৭,মাহফুজ মিঞা,১৫০২৯৫১০২০৬০,আবদুল জার,হালিমা খাতুন,"লাল মোহন গোস্তার বাড়ী, উত্তর বগাচতর, বগাচতর, সীতাকুন্ড, চট্টগ্রাম",১,Male
০৬৯৮,আনোয়ার হোসেন,১৫০২৯৫১০২০৬২,মুক্তার হোসেন,জাহানারা বেগম,"লাল মোহন গোস্তার বাড়ী, উত্তর বগাচতর, বগাচতর, সীতাকুন্ড, চট্টগ্রাম",১,Male
০৬৯৯,শাহজাহান,১৫০২৯৫১০২০৬৭,আবুল হোসেন,হানিফা বেগম,"জমাদার বাড়ী, উত্তর বগাচতর, বগাচতর, সীতাকুন্ড, চট্টগ্রাম৩৯চূড়ান্ত ভোটার তালিকাজেলা:চট্টগ্রামউপজেলা:সীতাকুন্ডইউনিয়ন:সৈয়দপুরডাকঘর:সীতাকুন্ডভোটার এলাকার কোড: ০২৯৫ভোটার এলাকার নাম: উত্তর বগাচতর",১,Male
০৭০০,মোঃ ছালা উদ্দীন,১৫০২৯৫১০২০৬৯,ছালেহ আহাম্মদ,বদরে জাহান,"কাদের মোল্যাা বাড়ী, উত্তর বগাচতর, বগাচতর, সীতাকুন্ড, চট্টগ্রাম",১,Male
০৭০১,রফিকুল ইসলাম,১৫০২৯৫১০২০৭০,আবু জাফর,রেহানা আক্তার,"কেরামত আলী বাড়ী, উত্তর বগচতর, বগচতর, সীতাকুন্ড, চট্টগ্রাম",১,Male
০৭০২,মোঃ ইসমাঈল হোসেন,১৫০২৯৫১০২০৭১,আবুল হাশেম,আছমা খাতুন,"আবদুল মজিদ বাড়ী, উত্তর বগাচতর, বগাচতর, সীতাকুন্ড, চট্টগ্রাম",১,Male
০৭০৩,রাশেদুল ইসলাম,১৫০২৯৫১০২০৭২,জেবল ইসলাম,হাসনা বানূ,"আবদুল মজিদ বাড়ী, উত্তর বগাচতর, বগাচতর, সীতাকুন্ড, চট্টগ্রাম",১,Male
০৭০৪,জয়নাল আবদীন,১৫০২৯৫১০২০৭৩,মোহাম্মদ আলী,রাশেদা বেগম,"কাদের মোল্যাা বাড়ী, উত্তর বগাচতর, বগাচতর, সীতাকুন্ড, চট্টগ্রাম",১,Male
০৭০৫,ওছমান গনী,১৫০২৯৫১০২০৭৪,আবুল হোসেন,হালিমা খাতুন,"হাঃ রবির বাড়ী, উত্তর বগাচতর, বগাচতর, সীতাকুন্ড, চট্টগ্রাম",১,Male
০৭০৬,দেলোয়ার হোসেন,১৫০২৯৫১০২০৭৫,কবির আহম্মদ,মোস্তফা খাতুন,"হোসেন মাঝির বাড়ী, উত্তর বগচতর, বগচতর, সীতাকুন্ড, চট্টগ্রাম",১,Male
০৭০৭,আমজাদ হোসেন,১৫০২৯৫১০২০৭৬,নূর মোহাম্মদ,ফেরদৌস আরা বেগম,"জমাদার বাড়ী, উত্তর বগাচতর, বগাচতর, সীতাকুন্ড, চট্টগ্রাম",১,Male
০৭০৮,মোঃ সেলিম উদ্দীন,১৫০২৯৫১০২০৭৮,নূরুল হুদা,সাজেদা বেগম,"হাসমত আলী মেস্ত্ররী বাড়ী, উত্তর বগাচতর, বগাচতর, সীতাকুন্ড, চট্টগ্রাম",১,Male
০৭০৯,শহিদুল ইসলাম,১৫০২৯৫১০২০৭৯,নজরুল ইসলাম,ফয়েজুন্নেছা,"গোলদার বাড়ী, উত্তর বগাচতর, বগাচতর, সীতাকুন্ড, চট্টগ্রাম",১,Male
০৭১০,মোঃ মহিউদ্দীন,১৫০২৯৫১০২০৮০,নূর হোসেন,রাবেয়া খাতুন,"লাল মোহন গোমস্তার বাড়ী, উত্তর বগাচতর, বগাচতর, সীতাকুন্ড, চট্টগ্রাম",১,Male
০৭১১,মোঃ নূরুন্নবী,১৫০২৯৫১০২০৮১,সোলেমান,দিল আফরোজ বেগম,"রাজা মিয়া চৌঃ বাড়ী, উত্তর বগাচতর, বগাচতর, সীতাকুন্ড, চট্টগ্রাম",১,Male
০৭১২,মোঃ মীর হোসেন,১৫০২৯৫১০২০৮২,রুহুল আমিন,ছালেহা বেগম,"আবদুল মজিদ বাড়ী, উত্তর বগাচতর, বগাচতর, সীতাকুন্ড, চট্টগ্রাম",১,Male
০৭১৩,মোঃ নূরুল ইসলাম,১৫০২৯৫১০২০৮৩,রুহুল আমিন,ছালেহা বেগম,"আবদুল মজিদ বাড়ী, উত্তর বগাচতর, বগাচতর, সীতাকুন্ড, চট্টগ্রাম",১,Male
০৭১৪,মোঃ নূর উদ্দীন,১৫০২৯৫১০২০৮৪,নূরুল মোস্তফা,আনোয়ারা বেগম,"তোমানী মীর বাড়ী, উত্তর বগাচতর, বগাচতর, সীতাকুন্ড, চট্টগ্রাম",১,Male
০৭১৫,মোহাম্মদ নূরুল আলম ভূঁইয়া,১৫০২৯৫১০২০৮৬,আবদুল রৌপ ভূইয়া,মাহমুদা খাতুন,"প্রকাশ হেদা ভূইয়ঁা বাড়ী, উ: বগচতর, বগচতর, সীতাকুন্ড, চট্টগ্রাম",১,Male
০৭১৬,মোঃ দেলোয়ার হোসেন,১৫০২৯৫১০২০৮৭,আলী আকবর,জোসনা আরা বেগম,"সাম মাঝি বাড়ী, উত্তর বগাচতর, বগাচতর, সীতাকুন্ড, চট্টগ্রাম",১,Male
০৭১৭,মোঃ সাইফুল,১৫০২৯৫১০২০৮৮,জহিরুল হক,শামসুন্নাহার,"গোলদার বাড়ী, উত্তর বগাচতর, বগাচতর, সীতাকুন্ড, চট্টগ্রাম৪০চূড়ান্ত ভোটার তালিকাজেলা:চট্টগ্রামউপজেলা:সীতাকুন্ডইউনিয়ন:সৈয়দপুরডাকঘর:সীতাকুন্ডভোটার এলাকার কোড: ০২৯৫ভোটার এলাকার নাম: উত্তর বগাচতর",১,Male
০৭১৮,মোঃ নাসির উদ্দীন চৌধূরী,১৫০২৯৫১০২০৮৯,আবুল কশেম চৌং,আয়শা খাতুন,"রাজমিস্ত্রী চৌধুরী বাড়ী, উ: বগচতর, বগচতর, সীতাকুন্ড, চট্টগ্রাম",১,Male
০৭১৯,মোঃ আবদুল মতিন,১৫০২৯৫১০২০৯০,মোঃ আবদুল ওয়াদুদ,ছলিমা বেগম,"হাজী গোলামনূর মাজীর বাড়ী, উত্তর বগাচতর, বগাচতর, সীতাকুন্ড, চট্টগ্রাম",১,Male
০৭২০,মুহাম্মদ জমির উদ্দীন,১৫০২৯৫১০২০৯১,আবু তাহের,আয়েশা খাতুন,"কেরমত আলী সওদাগর বাড়ী, উঃ বগাচতর, বগাচতর, সীতাকুন্ড, চট্টগ্রাম",১,Male
০৭২১,মোঃ আবু সুফিয়ান,১৫০২৯৫১০২০৯২,নূরের জামান,শাফিয়া খাতুন,"মুনসুর কাজীর বাড়ী, ঊত্তর বগা চতর, বগা চতর, সীতাকুন্ড, চট্টগ্রাম",১,Male
০৭২২,মোঃ ছানা উল্যাাহ,১৫০২৯৫১০২০৯৪,মোঃ জেবল হোসেন,ছেনোয়ারা বেগম,"হুরমত খঁা বাড়ী, উঃ বগাচতর, বগাচতর, সীতাকুন্ড, চট্টগ্রাম",১,Male
০৭২৩,মফিজুর রহমান,১৫০২৯৫১০২০৯৫,আবুল হোসেন,মাবিয়া বেগম,"জমাদার বাড়ি, উঃ বগাচতর, সীতাকুন্ড, চট্টগ্রাম",১,Male
০৭২৪,মোহাম্মদ নাজিম উদ্দিন চৌধুরী,১৫০২৯৫১০২০৯৬,মোঃ আবুল কাশেম,আয়েশা খাতুন,"রাজা মিয়া চৌধুরী বাড়ী, উঃ বগাচতর, বগাচতর, সীতাকুন্ড, চট্টগ্রাম",১,Male
০৭২৫,মোঃ ফজলে আজিম,১৫০২৯৫১০২০৯৭,মোঃ রুহুল আমিন,ফিরুজা বেগম,"আনছুর আলী মোস্তরী, উঃ বগাচতর, বগাচতর, সীতাকুন্ড, চট্টগ্রাম",১,Male
০৭২৬,মোঃ ফজলুল করিম,১৫০২৯৫১০২০৯৮,মোঃ রুহুল আমিন,ফিরুজা বেগম,"আনছার আলী মিস্ত্রী বাড়ী, উত্তর বগাচতর, বগাচতর, সীতাকুন্ড, চট্টগ্রাম",১,Male
০৭২৭,মোঃ নূরুল আবছার,১৫০২৯৫১০২০৯৯,রোশনের জামান,শরিফা খাতুন,"ছদিক মৌলভীর বাড়ী, উত্তর বগাচর, বগাচর, সীতাকুন্ড, চট্টগ্রাম",১,Male
০৭২৮,মোহাম্মদ মামুন হোসাইন,১৫০২৯৫১০২১০০,মোহাম্মদ মাহবুবুল হক,বিবি হামিনা,"আবদুল মুনাফ সওদাগরের বাড়ি, উত্তর বগাচতর, বগাচতর, সীতাকুন্ড, চট্টগ্রাম",১,Male
০৭২৯,মোঃ নূরুল আনোয়ার চৌধুরী,১৫০২৯৫১০২১০২,সফিউল্যাাহ চৌধুরী,ফিরুজা বেগম,"রাজা মিয়া চৌঃ বাড়ী, উঃ বগাচতর, বগাচতর, সীতাকুন্ড, চট্টগ্রাম",১,Male
০৭৩০,আনোয়ার আলী,১৫০২৯৫১০২১৭০,রহম আলী,লশান বিয়া,"আনোয়ার আলী বাড়ী, উত্তর বগাচতর, বগাচতর, সীতাকুন্ড, চট্টগ্রাম",১,Male
০৭৩১,আলী আকবর,১৫০২৯৫১০২১৭৬,দেলোয়ার হোসেন,নাদেরা খাতুন,"হাফেজ রবিউল হোছাইন বাড়ী, উত্তর বগাচতর, বগাচতর, সীতাকুন্ড, চট্টগ্রাম",১,Male
০৭৩২,মোঃ জাফর উল্যা্যাহ খান,১৫০২৯৫১০২১৭৯,মোহাম্মদ আমির হোসেন,আনোয়ারা বেগম,"ওমর খা পাঠান বাড়ী, উত্তর বগচতর, বগচতর, সীতাকুন্ড, চট্টগ্রাম",১,Male
০৭৩৩,মোঃ শেখেরুল ইসলাম,১৫০২৯৫১০২১৮৭,সোলেমান মেস্তরী,দেল আফরোজ,"রাজা মিয়া চৌধুরী বাড়ী, উত্তর বগাচতর, বগাচতর, সীতাকুন্ড, চট্টগ্রাম",১,Male
০৭৩৪,মহিউদ্দিন,১৫০২৯৫১০২১৮৮,সিরাজুল হক,ছকিনা খাতুন,"ওমর খঁা মাঠান বাড়ী, উত্তর বগাচতর, বগাচতর, সীতাকুন্ড, চট্টগ্রাম০৭৩৫. মাইগ্রেট হয়েছে৪১চূড়ান্ত ভোটার তালিকাজেলা:চট্টগ্রামউপজেলা:সীতাকুন্ডইউনিয়ন:সৈয়দপুরডাকঘর:সীতাকুন্ডভোটার এলাকার কোড: ০২৯৫ভোটার এলাকার নাম: উত্তর বগাচতর",১,Male
০৭৩৬,মোহাম্মদ আবুল কালাম আজাদ,১৫০২৯৫১০২১৯৫,সিরাজুল হক,ছকিনা খাতুন,"ওমর খঁা পাঠান বাড়ী, উত্তর বগাচতর, বগাচতর, সীতাকুন্ড, চট্টগ্রাম",১,Male
০৭৩৭,মনিরুল ইসলাম,১৫০২৯৫১০২১৯৭,মাকছুদ আহাম্মদ,ফিরোজা বেগম,"রাজা মিয়া চৌধুরী বাড়ী, উত্তর বগাচতর, বগাচতর, সীতাকুন্ড, চট্টগ্রাম",১,Male
০৭৩৮,মোহাম্মদ ফখরুল ইসলাম,১৫০২৯৫১০২২০০,মকসুদ আহম্মদ,ফিরোজা বেগম,"রাজা মিয়া চৌধুরী পাড়া, উত্তর বগাচতর, বগাচতর, সীতাকুন্ড, চট্টগ্রাম",১,Male
০৭৩৯,মোহাম্মদ দিদারুল আলম,১৫০২৯৫১০২২০১,মোহাম্মদ আনোয়ারুল আজিম,আয়েশা বেগম,"রাজা মিয়া চৌধুরী বাড়ী, উত্তর বগাচতর, বগাচতর, সীতাকুন্ড, চট্টগ্রাম",১,Male
০৭৪০,আশরাফুজ্জামান,১৫০২৯৫১০২২০২,হুমায়ন কবির,বিবি আমেনা,"রাজা মিয়া চৌধুরী বাড়ী, উত্তর বগাচতর, বগাচতর, সীতাকুন্ড, চট্টগ্রাম",১,Male
০৭৪১,আনোয়ারুল আজিম,১৫০২৯৫১০২২১০,গোলাম রহমান,হোসনে আরা বেগম,"রাজা মিয়া চৌধুরী বাড়ী, উত্তর বগাচতর, বগাচতর, সীতাকুন্ড, চট্টগ্রাম",১,Male
০৭৪২,মুহাম্মদ আওরঙ্গঁজেব,১৫০২৯৫১০২২১২,আনোয়ারুল আজিম,আয়েশা খাতুন,"রাজা মিয়া চৌধুরী বাড়ী, উত্তর বগাচতর, বগাচতর, সীতাকুন্ড, চট্টগ্রাম",১,Male
০৭৪৩,শামছুল হুদা,১৫০২৯৫১০২২২০,মিজানূল হক,নূর খাতুন,"রাজা মিয়া চৌধুরী বাড়ি, উত্তরবগাচতর, বগাচতর, সীতাকুন্ড, চট্টগ্রাম",১,Male
০৭৪৪,আবুল মুনছুর চৌধুরী,১৫০২৯৫১০২২৩৩,আবদুল খালেক চৌধুরী,আমেনা বেগম,"রাজা মিয়া চৌধুরী বাড়ী, উত্তর বগাচতর, বগাচতর, সীতাকুন্ড, চট্টগ্রাম",১,Male
০৭৪৫,মোহাম্মদ নূরুল মোমিন চৌধুরী,১৫০২৯৫১০২২৪১,সফি উল্যা্যাহ চৌধুরী,ফিরোজা বেগম,"রাজা মিয়া চৌধুরী বাড়ী, উত্তর বগাচতর, বগাচতর, সীতাকুন্ড, চট্টগ্রাম",১,Male
০৭৪৬,মেহেদী হাছান,১৫০২৯৫১০২২৪২,নূরুল আনোয়ার,বিবি রহিমা,"রাজা মিয়া চৌধুরী বাড়ী, উত্তর বগাচতর, বগাচতর, সীতাকুন্ড, চট্টগ্রাম",১,Male
০৭৪৭,নূরুদ্দিন,১৫০২৯৫১০২২৪৩,মজিবুল হক,আফিয়া খাতুন,"রাজা মিয়া চৌধ, উত্তর বগাচতর, বগাচতর, সীতাকুন্ড, চট্টগ্রাম",১,Male
০৭৪৮,সিরাজুল ইসলাম,১৫০২৯৫১০২২৫২,ছাঈদুল হক,লুৎফুন নেছা,"রাজা মিয়া চৌধুরী বাড়ী, উত্তর বগাচতর, বগাচতর, সীতাকুন্ড, চট্টগ্রাম০৭৪৯. মাইগ্রেট হয়েছে",১,Male
০৭৫০,মাফুর আলম,১৫০২৯৫১০২২৫৪,মজিবুল হক,আফিয়া খাতুন,"রাজা মিয়া চৌধুরী বাড়ী, উত্তর বগাচতর, বগাচতর, সীতাকুন্ড, চট্টগ্রাম",১,Male
০৭৫১,দেলোয়ার হোসেন,১৫০২৯৫১০২২৫৫,মুহাম্মদ হানিফ,বিয়াধন,"হাফেজ রবিউল হোছাই বাড়ী, উত্তর বগাচতর, বগাচতর, সীতাকুন্ড, চট্টগ্রাম",১,Male
০৭৫২,নূরুল গনী,১৫০২৯৫১০২২৫৮,আবুল হসেম,বিবি হালিমা,"হাফেজ রবিউল হোসেন বাড়ী, উত্তর বগাচতর, বগাচতর, সীতাকুন্ড, চট্টগ্রাম",১,Male
০৭৫৩,মোঃ রবিউল হোছাইন,১৫০২৯৫১০২২৬৩,মোঃ হানিফ,বিয়াধন বিবি,"হাফেজ রবিউল হোছাইন বাড়ী, উত্তর বগাচতর, বগাচতর, সীতাকুন্ড, চট্টগ্রাম৪২চূড়ান্ত ভোটার তালিকাজেলা:চট্টগ্রামউপজেলা:সীতাকুন্ডইউনিয়ন:সৈয়দপুরডাকঘর:সীতাকুন্ডভোটার এলাকার কোড: ০২৯৫ভোটার এলাকার নাম: উত্তর বগাচতর",১,Male
০৭৫৪,আবুল হোসেন,১৫০২৯৫১০২২৬৬,মোঃ হানিফ,বিয়াধন বিবি,"হাফেজ রবিউল হোছাইন বাড়ী, উত্তর বগাচতর, বগাচতর, সীতাকুন্ড, চট্টগ্রাম০৭৫৫. মাইগ্রেট হয়েছে",১,Male
০৭৫৬,মুহাম্মদ নাজমুল হুদা,১৫০২৯৫১০২২৬৮,আবু তাহের,কহিনূর বেগম,"ওমর খা পাঠান বাড়ী, উত্তর বগাচতর, বগাচতর, সীতাকুন্ড, চট্টগ্রাম",১,Male
০৭৫৭,এনামুল হক,১৫০২৯৫১০২২৬৯,আবুল হোসেন,হালিমা খাতুন,"হাফেজ রবিউল হোছাইন বাড়ী, উত্তর বগাচতর, বগাচতর, সীতাকুন্ড, চট্টগ্রাম",১,Male
০৭৫৮,আমিনূল হক,১৫০২৯৫১০২২৭০,আবুল হোসেন,হালিমা খাতুন,"হফেজ রবিউল হোসেন বাড়ী, উত্তর বগাচতর, বগাচতর, সীতাকুন্ড, চট্টগ্রাম",১,Male
০৭৫৯,নাছিরুদ্দিন,১৫০২৯৫১০২২৭১,আবুল কালাম,হাজেরা খাতুন,"মৌলভী হোছাইনজ্জামান বাড়ী, উত্তর বগাচতর, বগাচতর, সীতাকুন্ড, চট্টগ্রাম",১,Male
০৭৬০,গিয়াস উদ্দিন,১৫০২৯৫১০২২৭৪,আবুল কালাম,হাজেরা খাতুন,"মৌলভী হোছানূজ্জামান বাড়ী, উত্তর বগাচতর, বগাচতর, সীতাকুন্ড, চট্টগ্রাম",১,Male
০৭৬১,নাজিম উদ্দিন,১৫০২৯৫১০২২৭৬,আবুল কালাম,হাজেরা খাতুন,"মৌলভী হোছানূজ্জামান বাড়ী, উত্তর বগাচতর, বগাচতর, সীতাকুন্ড, চট্টগ্রাম",১,Male
০৭৬২,আবুল কালাম,১৫০২৯৫১০২২৭৮,মোহাম্মদ সফি উল্যা্যাহ,আয়েশা খাতুন,"ধন কাজী বাড়ী, উত্তর বগাচতর, বগাচতর, সীতাকুন্ড, চট্টগ্রাম",১,Male
০৭৬৩,মোঃ রিদোয়ানূল হক,১৫০২৯৫১০২২৮১,নূরুল ইসলাম,বিবি ফাতেমা,"লাতু চৌকিদার বাড়ী, উত্তর বগাচতর, বগাচতর, সীতাকুন্ড, চট্টগ্রাম",১,Male
০৭৬৪,রবিউল হোসেন চৌধুরী,১৫০২৯৫১০২২৮৩,সফিউল আলম চৌধুরী,ছালেহা বেগম,"রাজা মিয়া চৌধুরী বাড়ী, উত্তর বগাচতর, বগাচতর, সীতাকুন্ড, চট্টগ্রাম",১,Male
০৭৬৫,মুহাম্মদ আলী মুর্তজা,১৫০২৯৫১০২২৮৯,নূরুাফা,সাহজাহান বেগম,"হেরমত খা বাড়ী, উত্তর বগাচতর, বগাচতর, সীতাকুন্ড, চট্টগ্রাম",১,Male
০৭৬৬,নূরুদ্দিন,১৫০২৯৫১০২২৯০,জাহের ইসলাম,অজিকা খাতুন,"লাতু চৌকিদার বাড়ি, উত্তর বগাচতর, বগাচতর, সীতাকুন্ড, চট্টগ্রাম",১,Male
০৭৬৭,গোলাম মোস্তফা,১৫০২৯৫১০২২৯২,এনামুল হক,নাহিদা বেগম,"লাতু চৌকিদার বাড়ী, উত্তর বগাচতর, বগাচতর, সীতাকুন্ড, চট্টগ্রাম",১,Male
০৭৬৮,আহছান,১৫০২৯৫১০২২৯৬,নরাফা,শাহাজাহান বেগম,"হেরামত খঁা বাড়ী, উত্তর বগাচতর, বগাচতর, সীতাকুন্ড, চট্টগ্রাম",১,Male
০৭৬৯,মোহাম্মদ গিয়াস উদ্দিন,১৫০২৯৫১০২৩০০,আবুল বশর,বিবি রহিমা,"মুছা হাজী বাড়ী, উত্তর বগাচতর, বগাচতর, সীতাকুন্ড, চট্টগ্রাম",১,Male
০৭৭০,আবু তাহের,১৫০২৯৫১০২৩০৪,আবদুল গনী,মন্দান বিয়া,"মুছা হাজী বাড়ী, উ: বগাচতর, বগাচতর, সীতাকুন্ড, চট্টগ্রাম",১,Male
০৭৭১,নূরুল মোস্তফা,১৫০২৯৫১০২৩০৫,দেলোয়ার হোসেন,মুয়রের নেছা,"মুছা হাজী বাড়ী, উত্তর বগাচতর, বগাচতর, সীতাকুন্ড, চট্টগ্রাম৪৩চূড়ান্ত ভোটার তালিকাজেলা:চট্টগ্রামউপজেলা:সীতাকুন্ডইউনিয়ন:সৈয়দপুরডাকঘর:সীতাকুন্ডভোটার এলাকার কোড: ০২৯৫ভোটার এলাকার নাম: উত্তর বগাচতর",১,Male
০৭৭২,মোহাম্মদ মুমিন,১৫০২৯৫১০২৩০৬,দেলোয়ার হোসেন,মুয়রের নেছা,"মুছা হাজী বাড়ী, উত্তর বগাচতর, বগাচতর, সীতাকুন্ড, চট্টগ্রাম",১,Male
০৭৭৩,রহুল আমিন,১৫০২৯৫১০২৩১৫,আমিনূজ্জামান,ছারা খাতুন,"মুছা হাজী বাড়ী, উত্তর বগাচতর, বগাচতর, সীতাকুন্ড, চট্টগ্রাম",১,Male
০৭৭৪,সরোয়ার মোশর্েদ,১৫০২৯৫১০২৩১৯,বজলুর ছোবহান,আফিয়া খাতুন,"মুছা হাজী বাড়ী, উত্তর বগাচতর, বগাচতর, সীতাকুন্ড, চট্টগ্রাম",১,Male
০৭৭৫,মোহাম্মদ সাইফুল মাওলা,১৫০২৯৫১০২৩২৪,শামছুল হক,জাহানারা বেগম,"মুছা হাজী বাড়ি, উত্তর বগাচতর, বগাচতর, সীতাকুন্ড, চট্টগ্রাম",১,Male
০৭৭৬,গোলাম মাওলা,১৫০২৯৫১০২৩২৬,শামছুল হক,জাহানারা বেগম,"মুছা হাজী বাড়ী, উত্তর বগাচতর, বগাচতর, সীতাকুন্ড, চট্টগ্রাম",১,Male
০৭৭৭,নূরুল আবছার,১৫০২৯৫১০২৩২৮,আবদুল খালেক,গোলতাজ বিয়া,"মুছা হাজী বাড়ী, উত্তর বগাচতর, বগাচতর, সীতাকুন্ড, চট্টগ্রাম",১,Male
০৭৭৮,মাসুদ রানা,১৫০২৯৫১০২৩৩০,মোস্তফা কামাল,মনোয়ারা বেগম,"মুছা হাজী বাড়ী, উত্তর বগাচতর, বগাচতর, সীতাকুন্ড, চট্টগ্রাম",১,Male
০৭৭৯,একরামুল হক চৌধুরী,১৫০২৯৫১০২৩৩৩,হাজী নূরুজ্জামান,মরিয়ম বেগম,"একরামুল হক বাড়ী, উত্তর বগাচতর, বগাচতর, সীতাকুন্ড, চট্টগ্রাম",১,Male
০৭৮০,মোহাম্মদ শাহাদাত হোসেন,১৫০২৯৫১০২৩৩৭,আহম্মদ ছোবাহান,নাজমা আরা বেগম,"মুছা হাজী বাড়ী, উত্তর বগাচতর, বগাচতর, সীতাকুন্ড, চট্টগ্রাম",১,Male
০৭৮১,কামাল উদ্দিন,১৫০২৯৫১০২৩৩৮,বজলুর রহমান,আমেনা খাতুন,"হেরমত খঁা বাড়ী, উত্তর বগাচতর, বগাচতর, সীতাকুন্ড, চট্টগ্রাম",১,Male
০৭৮২,মোঃইমাম উদ্দীন,১৫০২৯৫১০২৩৪১,মোহাম্মদ জয়নাল আবেদীন,নূর জাহান বেগম,"মুছা হাজী বাড়ী, উত্তর বগাচতর, বগাচতর, সীতাকুন্ড, চট্টগ্রাম",১,Male
০৭৮৩,মোঃ ইকবাল হোসেন,১৫০২৯৫১০২৩৪৩,আহম্মদ ছোবাহান,নাজমা আরা বেগম,"মুছা হাজী বাড়ি, উত্তর বগাচতর, বগাচতর, সীতাকুন্ড, চট্টগ্রাম",১,Male
০৭৮৪,মুহাম্মদ সরোয়ার উদ্দিন,১৫০২৯৫১০২৩৪৫,আবুল কালাম,জাহানারা বেগম,"ডাঃ ওয়াহিদুন্নবী গাফারী চেয়ারম্যান বাড়ী, উত্তর বগাচতর, বগাচতর, সীতাকুন্ড, চট্টগ্রাম",১,Male
০৭৮৫,মোহাম্মদ তোফাজ্জল হোসেন,১৫০২৯৫১০২৩৪৬,মোহাম্মদ আহম্মদ ছোবহান,নাজমা আরা বেগম,"মুছা হাজী বাড়ী, উত্তর বগাচতর, বগাচতর, সীতাকুন্ড, চট্টগ্রাম",১,Male
০৭৮৬,এরাদত উল্যাহ,১৫০২৯৫১০২৩৪৭,আবুল বশর,ছকিনা খাতুন,"শাহ আলম মাস্টারের বাড়ী, উত্তর বগাচতর, বগাচতর, সীতাকুন্ড, চট্টগ্রাম",১,Male
০৭৮৭,নূরুল্যাহ,১৫০২৯৫১০২৩৪৮,আবুর বশর,ছকিনা খাতুন,"শাহ আলম মাস্টার বাড়ী, উত্তর বগাচতর, বগাচতর, সীতাকুন্ড, চট্টগ্রাম",১,Male
০৭৮৮,মুহাম্মদ ইিস,১৫০২৯৫১০২৩৪৯,মুহাম্মদ নূরুজ্জামান,বিবি ফাতেমা,"কেরামত আলী বাড়ী, উত্তর বগাচতর, বগাচতর, সীতাকুন্ড, চট্টগ্রাম",১,Male
০৭৮৯,এমদাদ হোসেন,১৫০২৯৫১০২৩৫০,রুহুল আমিন,রহিমা খাতুন,"মুছা হাজী বাড়ী, উত্তর বগাচতর, বগাচতর, সীতাকুন্ড, চট্টগ্রাম৪৪চূড়ান্ত ভোটার তালিকাজেলা:চট্টগ্রামউপজেলা:সীতাকুন্ডইউনিয়ন:সৈয়দপুরডাকঘর:সীতাকুন্ডভোটার এলাকার কোড: ০২৯৫ভোটার এলাকার নাম: উত্তর বগাচতর",১,Male
০৭৯০,মোশাররফ হোসেন,১৫০২৯৫১০২৩৫১,রাহূল আমিন,রহিমা খাতুন,"মুছা হাজী বাড়ী, উত্তর বগাচতর, বগাচতর, সীতাকুন্ড, চট্টগ্রাম",১,Male
০৭৯১,মোঃ ফারুক,১৫০২৯৫১০২৩৫২,আবু তাহের,শামছুন্নাহার,"মুছা হাজী বাড়ী, উত্তর বগাচতর, বগাচতর, সীতাকুন্ড, চট্টগ্রাম",১,Male
০৭৯২,মোঃ আলিম উল্যা্যাহ,১৫০২৯৫১০২৩৫৩,আবুল বশর,জাহানারা বেগম,"রাজা মিয়া চৌধুরী বাড়ী, উত্তর বগাচতর, বগাচতর, সীতাকুন্ড, চট্টগ্রাম",১,Male
০৭৯৩,মোহাম্মদ ইমাম হোসাইন,১৫০২৯৫১০২৩৫৪,মোহাম্মদ আবদুল মোতালেব,বিবি কুলছুম,"শাহ আলম মাস্টার বাড়ী, উত্তর বগাচতর, বগাচতর, সীতাকুন্ড, চট্টগ্রাম",১,Male
০৭৯৪,মুহাম্মদ খায়রুল ইসলাম,১৫০২৯৫১০২৩৫৫,মুহাম্মদ নূর হোসেন,ফরিদা বেগম,"হাফেজ রবিউল হোছাইন বাড়ী, উত্তর বগাচতর, বগাচতর, সীতাকুন্ড, চট্টগ্রাম",১,Male
০৭৯৫,নেছার আহম্মদ,১৫০২৯৫১০২৩৫৬,আবদুল হক,বেলু বিয়া,"রাজা মিয়া চৌধুরী বাড়ী, উত্তর বগাচতর, বগাচতর, সীতাকুন্ড, চট্টগ্রাম",১,Male
০৭৯৬,মাফুজুর রহমান,১৫০২৯৫১০২৩৫৭,বজলের ছোবহান,পাু,"মহুরী বাড়ী, উত্তর বগাচতর, বগাচতর, সীতাকুন্ড, চট্টগ্রাম",১,Male
০৭৯৭,মুহাম্মদ আরিফুল ইসলাম,১৫০২৯৫১০২৩৫৮,আবুল কালাম,ছালেহা বেগম,"রাজা মিয়া চৌধুরী বাড়ী, উত্তর বগাচতর, বগাচতর, সীতাকুন্ড, চট্টগ্রাম",১,Male
০৭৯৮,মুহাম্মদ নাছির উদ্দিন,১৫০২৯৫১০২৩৫৯,খুরশিদ আলম,জাহেদা বেগম,"লাল মোহন গোমস্তা বাড়ী, উত্তর বগাচতর, বগাচতর, সীতাকুন্ড, চট্টগ্রাম",১,Male
০৭৯৯,মোঃ নূরুন্নবী,১৫০২৯৫১০২৩৬৫,সফিউল আলম,ফজলুল নেছা,"মুছা হাজী বাড়ী, উত্তর বগাচতর, বগাচতর, সীতাকুন্ড, চট্টগ্রাম",১,Male
০৮০০,মাঈনূদ্দিন,১৫০২৯৫১০২৩৬৬,আবুল খায়ের,বিবি আয়েশা,"মুছা হাজী বাড়ী, উত্তর বগাচতর, বগাচতর, সীতাকুন্ড, চট্টগ্রাম",১,Male
০৮০১,আবু সুফিয়ান,১৫০২৯৫১০২৩৬৯,নূরুল ইসলাম,জরিনা খাতুন,"ওমর খঁা পাঠান বাড়ী, উত্তর বগাচতর, বগাচতর, সীতাকুন্ড, চট্টগ্রাম",১,Male
০৮০২,মফিজ,১৫০২৯৫১০২৩৭১,মোহাম্মদ ছোকধন,ছকিনা,"মফিজ সওদাগরের বাড়ী, উত্তর বগাচতর, বগাচতর, সীতাকুন্ড, চট্টগ্রাম",১,Male
০৮০৩,মোয়াজ্জেম হোসেন,১৫০২৯৫১০২৩৭২,মোঃ আবদুল মোতালেব,বিবি কুলছূম,"শাহ আলম মাস্টার বাড়ী, উত্তর বগাচতর, বগাচতর, সীতাকুন্ড, চট্টগ্রাম",১,Male
০৮০৪,জয়নাল আবেদীন,১৫০২৯৫১০২৩৭৩,লুৎফল হক,জোসনা আক্তার,"লাতু চকিদার বাড়ী, উত্তর বগাচতর, বগাচতর, সীতাকুন্ড, চট্টগ্রাম",১,Male
০৮০৫,মোহাম্মদ দিদারুল আলম,১৫০২৯৫১০২৩৭৪,রোশনেজ্জামান,মোছাম্মৎ লায়লা বেগম,"তোকার মীর বাড়ী, উত্তর বগাচতর, বগাচতর, সীতাকুন্ড, চট্টগ্রাম",১,Male
০৮০৬,মাঈন উদ্দিন,১৫০২৯৫১০২৩৭৫,সামছুল হুদা,আকলিমা বেগম,"জমাদার বাড়ী, উত্তর বগাচতর, বগাচতর, সীতাকুন্ড, চট্টগ্রাম",১,Male
০৮০৭,মুহাম্মদ আবুল মুনছুর,১৫০২৯৫১০২৩৭৬,মুহাম্মদ ওছমান গনী,আয়েশা খাতুন,"নূর আহাম্মদ সারেং বাড়ী, উত্তর বগাচতর, বগাচতর, সীতাকুন্ড, চট্টগ্রাম৪৫চূড়ান্ত ভোটার তালিকাজেলা:চট্টগ্রামউপজেলা:সীতাকুন্ডইউনিয়ন:সৈয়দপুরডাকঘর:সীতাকুন্ডভোটার এলাকার কোড: ০২৯৫ভোটার এলাকার নাম: উত্তর বগাচতর",১,Male
০৮০৮,মোহাম্মদ সেলিম,১৫০২৯৫১০২৩৭৭,সফিউল আলম,ছালেহা বেগম,"রাজা মিয়ার বাড়ী, উত্তর বগাচতর, বগাচতর, সীতাকুন্ড, চট্টগ্রাম",১,Male
০৮০৯,মোহাম্মদ ফকির আহম্মদ,১৫০২৯৫১০২৪৮০,দলিলের রহমান ভূঁইয়া,জিন্নত বিয়া,"আব্দুল ভূঁইয়া বাড়ী, উত্তর বগাচতর, বগাচতর, সীতাকুন্ড, চট্টগ্রাম",১,Male
০৮১০,মোহাম্মদ রেজাউল করিম,১৫০২৯৫১০২৪৮৮,মোহাম্মদ রুহুল আমিন,রোকেয়া বেগম,"আব্দুল ভূঁইয়া বাড়ী, উত্তর বগাচতর, বগাচতর, সীতাকুন্ড, চট্টগ্রাম",১,Male
০৮১১,সাখাওয়াত হোসেন,১৫০২৯৫১০২৪৯২,মিজানূল হক,মলিকা আফরোজ,"আব্দুল ভূঁইয়া বাড়ী, উত্তর বগাচতর, বগাচতর, সীতাকুন্ড, চট্টগ্রাম",১,Male
০৮১২,ইাহিম খলিল,১৫০২৯৫১০২৫০১,আমির হোসেন,সবুরা খাতুন,"আব্দুল ভূঁইয়া বাড়ী, উত্তর বগাচতর, বগাচতর, সীতাকুন্ড, চট্টগ্রাম",১,Male
০৮১৩,মোঃ ইমাম উদ্দিন,১৫০২৯৫১০২৫০২,গোলাম নূর,মনোয়ারা বেগম,"আব্দুল ভূঁইয়া বাড়ী, উত্তর বগাচতর, বগাচতর, সীতাকুন্ড, চট্টগ্রাম",১,Male
০৮১৪,মোঃ মামুন রশীদ,১৫০২৯৫১০২৫০৩,মোঃ ফকির আহম্মদ,আয়েশা খাতুন,"আব্দুল ভূঁইয়া বাড়ী, উত্তর বগাচতর, বগাচতর, সীতাকুন্ড, চট্টগ্রাম",১,Male
০৮১৫,মোঃ নূরের ছাপা,১৫০২৯৫১০২৫০৪,মোঃ আমিনূজ্জামান,বিবি মরিয়ম,"আব্দুল ভূঁইয়া বাড়ী, উত্তর বগাচতর, বগাচতর, সীতাকুন্ড, চট্টগ্রাম",১,Male
০৮১৬,মাহবুবুল হক,১৫০২৯৫১০২৫০৭,সুলতান আহম্মদ,আছিয়া খাতুন,"আব্দুল ভুঁঞা বাড়ী, উত্তর বগাচতর, বগাচতর, সীতাকুন্ড, চট্টগ্রাম",১,Male
০৮১৭,মোহাম্মদ সালা উদ্দিন ভূঞা,১৫০২৯৫১০২৫১১,মোঃ মুলকুতের রহমান,মোছাঃ রোশনে আরা বেগম,"আব্দুল ভূঁঞা বাড়ী, উত্তর বগাচতর, বগাচতর, সীতাকুন্ড, চট্টগ্রাম",১,Male
০৮১৮,মোহাম্মদ নাসির উদ্দিন,১৫০২৯৫১০২৫১৩,মুলকুতের রহমান,রোশনে আরা বেগম,"আব্দুল ভূঁইয়া বাড়ী, উত্তর বগাচতর, বগাচতর, সীতাকুন্ড, চট্টগ্রাম",১,Male
০৮১৯,মোঃ মোক্তার হোসেন,১৫০২৯৫১০২৫১৯,রোশনেজ্জামান,হালিমা খাতুন,"আব্দুল ভূঁইয়া বাড়ী, উত্তর বগাচতর, বগাচতর, সীতাকুন্ড, চট্টগ্রাম",১,Male
০৮২০,মুহাম্মদ রফিকুল ইসলাম,১৫০২৯৫১০২৫২১,মুহাম্মদ নূরুল ইসলাম,শামছুন নাহার,"আব্দুল ভূঁইয়া বাড়ী, উত্তর বগাচতর, বগাচতর, সীতাকুন্ড, চট্টগ্রাম",১,Male
০৮২১,মোঃ মোস্তাফিজুর রহমান মানিক,১৫০২৯৫১০২৫২৬,নূর আহম্মদ,দুয়ের জাহান বেগম,"আব্দুল ভূঁইয়া বাড়ী, উত্তর বগাচতর, বগাচতর, সীতাকুন্ড, চট্টগ্রাম",১,Male
০৮২২,একরামুল হক ভুঁইয়া,১৫০২৯৫১০২৫৩১,মৌলভী আমির বকস,শামছুন্নাহার,"আব্দুল ভুঁঞা বাড়ী, উত্তর বগাচতর, বগাচতর, সীতাকুন্ড, চট্টগ্রাম",১,Male
০৮২৩,মোহাম্মদ আজিজুল হক,১৫০২৯৫১০২৫৩৩,মোঃ জেবাল হক,মোছাম্মৎ শফিউন্নেছা,"আব্দুল ভূঁইয়া বাড়ী, উত্তর বগাচতর, বগাচতর, সীতাকুন্ড, চট্টগ্রাম",১,Male
০৮২৪,মোহাম্মদ আব্দুল মান্নান ভূঁইয়া,১৫০২৯৫১০২৫৩৬,মোহাম্মদ আব্দুল হক ভূঁইয়া,মোছাম্মৎ শামছুন্নাহার,"আব্দুল ভূঁইয়া বাড়ী, উত্তর বগাচতর, বগাচতর, সীতাকুন্ড, চট্টগ্রাম",১,Male
০৮২৫,মোহাম্মদ আব্দুল অদুদ ভূঁইয়া,১৫০২৯৫১০২৫৩৮,মোহাম্মদ আব্দুল হক ভূঁইয়া,মোছাম্মৎ শামছুন্নাহার,"আব্দুল ভূঁইয়া বাড়ী, উত্তর বগাচতর, বগাচতর, সীতাকুন্ড, চট্টগ্রাম৪৬চূড়ান্ত ভোটার তালিকাজেলা:চট্টগ্রামউপজেলা:সীতাকুন্ডইউনিয়ন:সৈয়দপুরডাকঘর:সীতাকুন্ডভোটার এলাকার কোড: ০২৯৫ভোটার এলাকার নাম: উত্তর বগাচতর",১,Male
০৮২৬,মোঃ শহীদুল হক,১৫০২৯৫১০২৫৩৯,মোঃ জেবাল হক,শফিউ ন্নেছা,"আব্দুল ভূঁঞা বাড়ী, উত্তর বগাচতর, বগাচতর, সীতাকুন্ড, চট্টগ্রাম",১,Male
০৮২৭,মোহাম্মদ অহিদুল হক,১৫০২৯৫১০২৫৪০,মোঃ জেবাল হক,শফিউন্নেছা,"আব্দুল ভূঁইয়া বাড়ী, উত্তর বগাচতর, বগাচতর, সীতাকুন্ড, চট্টগ্রাম",১,Male
০৮২৮,মোঃ জহিরুল হক,১৫০২৯৫১০২৫৪২,মোঃ জেবাল হক,মোছাম্মৎ শফিউন্নেছা,"আব্দুল ভূঁইয়া বাড়ী, উত্তর বগাচতর, বগাচতর, সীতাকুন্ড, চট্টগ্রাম",১,Male
০৮২৯,মোহাম্মদ আমিনূল হক,১৫০২৯৫১০২৫৪৩,মোঃ জেবাল হক,মোছাম্মৎ শকিউন্নেছা,"আব্দুল ভূঁঞা বাড়ী, উত্তর বগাচতর, বগাচতর, সীতাকুন্ড, চট্টগ্রাম",১,Male
০৮৩০,আবুল কালাম,১৫০২৯৫১০২৫৫০,সুলতান আহম্মদ,আছোবা খাতুন,"আব্দুল ভূঁইয়া বাড়ী, উত্তর বগাচতর, বগাচতর, সীতাকুন্ড, চট্টগ্রাম",১,Male
০৮৩১,রসুল আহম্মদ,১৫০২৯৫১০২৫৫১,আবুল কালাম,ছবির খাতুন,"আব্দুল ভূঁইয়া বাড়ী, উত্তর বগাচতর, বগাচতর, সীতাকুন্ড, চট্টগ্রাম",১,Male
০৮৩২,নির্মল চন্দ্র দাশ,১৫০২৯৫১০২৫৫৯,দীন বু দাশ,শি বালা দাশ,"বেজানাম কবিরাজ বাড়ী, উত্তর বগাচতর, বগাচতর, সীতাকুন্ড, চট্টগ্রাম",১,Male
০৮৩৩,সুষেন চন্দ্র দাস,১৫০২৯৫১০২৫৬৪,জোগেন্দ্র চন্দ্র দাস,কোমদা রাণী দাস,"বেছারাম কবিরাজ বাড়ী, উত্তর বগাচতর, বগাচতর, সীতাকুন্ড, চট্টগ্রাম",১,Male
০৮৩৪,তরুন চন্দ্র দাস,১৫০২৯৫১০২৫৭২,অভিলাষ চন্দ্র দাস,লী রানী দাস,"বজেন্দ্র কবিরাজ বাড়ী, উ: বগাচতর, বগাচতর, সীতাকুন্ড, চট্টগ্রাম",১,Male
০৮৩৫,মোহাম্মদ নূরুল আমিন,১৫০২৯৫১০২৫৭৯,মোহাম্মদ জাকির হোসেন,হোসনে আরা,"আব্দুর রউফ হাজী বাড়ী, উত্তর বগাচতর, বগাচতর, সীতাকুন্ড, চট্টগ্রাম",১,Male
০৮৩৬,মোহাম্মদ ইসমাইল,১৫০২৯৫১০২৫৯৩,মীর হোসেন,আনোয়ারা বেগম,"আব্দুর রাউফ হাজী বাড়ী, উত্তর বগাচতর, বগাচতর, সীতাকুন্ড, চট্টগ্রাম",১,Male
০৮৩৭,মোহাম্মদ ইউনূছ,১৫০২৯৫১০২৫৯৭,মীর হোসাইন,আনোয়ারা বেগম,"আব্দুর রউফ হাজীর বাড়ী, উত্তর বগাচতর, বগাচতর, সীতাকুন্ড, চট্টগ্রাম",১,Male
০৮৩৮,মোঃ মুসলিম উদ্দীন,১৫০২৯৫১০২৫৯৮,মৌলভী আবুল খায়ের,অহিদা বেগম,"আবদুল ভুঁইয়া বাড়ী, উ: বগাচতর, বগাচতর, সীতাকুন্ড, চট্টগ্রাম",১,Male
০৮৩৯,মোহাম্মদ রাশেদুল ফারুক,১৫০২৯৫১০২৫৯৯,মৌলভী আবুল খায়ের,অহিদা বেগম,"আব্দুল ভুঁঞা বাড়ী, উত্তর বগাচতর, বগাচতর, সীতাকুন্ড, চট্টগ্রাম",১,Male
০৮৪০,মোহাম্মদ আবু নোমান,১৫০২৯৫১০২৬০১,মৌলভী আবুল খায়ের,সহিদা বেগম,"আব্দুল ভুঁঞা বাড়ী, উত্তর বগাচতর, বগাচতর, সীতাকুন্ড, চট্টগ্রাম",১,Male
০৮৪১,আবু নূর,১৫০২৯৫১০২৬১৫,আওরঙ্গজেব,কামরুজ্জাহান,"আাস মিয়ার বাড়ী, উত্তর বগাচতর, বগাচতর, সীতাকুন্ড, চট্টগ্রাম",১,Male
০৮৪২,রবিউল হোসেন,১৫০২৯৫১০২৬২০,বজলেজ ছোবহান,মন্দান বিয়া,"মৌতালী ব্যাপারী বাড়ী, উত্তর বগাচতর, বগাচতর, সীতাকুন্ড, চট্টগ্রাম",১,Male
০৮৪৩,হারুনূর রশিদ,১৫০২৯৫১০২৬৩০,বাদশা মিয়া,মাজেদা খাতুন,"মৌতালী ব্যাপারী বাড়ী, উত্তর বগাচতর, বগাচতর, সীতাকুন্ড, চট্টগ্রাম৪৭চূড়ান্ত ভোটার তালিকাজেলা:চট্টগ্রামউপজেলা:সীতাকুন্ডইউনিয়ন:সৈয়দপুরডাকঘর:সীতাকুন্ডভোটার এলাকার কোড: ০২৯৫ভোটার এলাকার নাম: উত্তর বগাচতর",১,Male
০৮৪৪,সানা উল্যা্যাহ,১৫০২৯৫১০২৬৩৩,দেলোয়ার হোসেন,নূর জাহান বেগম,"আাস মিয়ার বাড়ী, উত্তর বগাচতর, বগাচতর, সীতাকুন্ড, চট্টগ্রাম",১,Male
০৮৪৫,মোঃ আজম খান,১৫০২৯৫১০২৬৩৭,নূরুজ্জামান,ওমেদা খাতুন,"মৌতালি ব্যাপারী বাড়ী, উত্তর বগাচতর, বগাচতর, সীতাকুন্ড, চট্টগ্রাম",১,Male
০৮৪৬,ইসমাইল হোসাইন,১৫০২৯৫১০২৬৩৯,একেএম আবুল কাশেম,রেশনে আরা বেগম,"মৌতালী ব্যাপারী বাড়ী, উত্তর বগাচতর, বগাচতর, সীতাকুন্ড, চট্টগ্রাম",১,Male
০৮৪৭,মোহাম্মদ আবু ছালেক,১৫০২৯৫১০২৬৪০,মোঃআবু তৈয়ব,কহিনূর বেগম,"মৌতালি ব্যাপারী বাড়ী, উত্তর বগাচতর, বগাচতর, সীতাকুন্ড, চট্টগ্রাম",১,Male
০৮৪৮,আনোয়ার হোসাইন,১৫০২৯৫১০২৬৪১,নূর নবী,নূরজাহান বেগম,"মোতালী ব্যাপারী বাড়ী, উত্তর বগাচতর, বগাচতর, সীতাকুন্ড, চট্টগ্রাম",১,Male
০৮৪৯,মোঃ শাহাদাত হোসেন,১৫০২৯৫১০২৬৪২,নূরুন্নবী,নূরজাহান বেগম,"মোতালী ব্যাপারী বাড়ি, উত্তর বগাচতর, বগাচতর, সীতাকুন্ড, চট্টগ্রাম",১,Male
০৮৫০,মুসলিম উদ্দিন,১৫০২৯৫১০২৬৪৩,নূর ইসলাম,রহিমা খাতুন,"বাহার মাজির বাড়ী, উত্তর বগাচতর, বগাচতর, সীতাকুন্ড, চট্টগ্রাম",১,Male
০৮৫১,মোহাম্মদ আরিফ,১৫০২৯৫১০২৬৪৪,মোহাম্মদ শাহ আলম,আলেয়া বেগম,"বাহার মাঝি বাড়ী, উত্তর বগাচতর, বগাচতর, সীতাকুন্ড, চট্টগ্রাম",১,Male
০৮৫২,মোহাম্মদ খাইরুল আলম,১৫০২৯৫১০২৬৪৫,রোশনূজ্জামান,কাু বিবি,"বাহার মাঝি বাড়ী, উত্তর বগাচতর, বগাচতর, সীতাকুন্ড, চট্টগ্রাম",১,Male
০৮৫৩,সিরাজুল ইসলাম,১৫০২৯৫১০২৬৫৬,নূর মোহাম্মদ,হাসান বানূ,"আাস মিয়ার বাড়ী, উত্তর বগাচতর, বগাচতর, সীতাকুন্ড, চট্টগ্রাম",১,Male
০৮৫৪,মোঃ নূরুল ইসলাম,১৫০২৯৫১০২৬৫৮,নূর মোহাম্মদ,হাসান বানূ,"আাস মিয়ার বাড়ী, উত্তর বগাচতর, বগাচতর, সীতাকুন্ড, চট্টগ্রাম",১,Male
০৮৫৫,মোঃ সাহেদ আলী,১৫০২৯৫১০২৬৬১,নূর মোহাম্মদ,হাসান বানূ,"আাস মিয়ার বাড়ী, উত্তর বগাচতর, বগাচতর, সীতাকুন্ড, চট্টগ্রাম",১,Male
০৮৫৬,মোঃ আবুল ফয়েজ,১৫০২৯৫১০২৬৬২,মোহাম্মদ আবু তাহের,কামরুজাহান,"আাস মিয়ার বাড়ী, উত্তর বগাচতর, বগাচতর, সীতাকুন্ড, চট্টগ্রাম",১,Male
০৮৫৭,মোহাম্মদ শাহ আলম,১৫০২৯৫১০২৬৬৩,রোশনেজ্জামান,কান বিবি,"বাহার মাঝি বাড়ী, উত্তর বগাচতর, বগাচতর, সীতাকুন্ড, চট্টগ্রাম",১,Male
০৮৫৮,একরামুল হক,১৫০২৯৫১০২৬৭৯,নূরুল আলম,হাসান বানূ,"মোক্রম আলী সারেং বাড়ী, উত্তর বগাচতর, বগাচতর, সীতাকুন্ড, চট্টগ্রাম",১,Male
০৮৫৯,মোঃ মঈন উদ্দীন,১৫০২৯৫১০২৬৮৩,মোঃ ইাহীম,আঙকুরু ন্নেছা,"মোক্রম আলী সারেং বাড়ী, উত্তর বগাচতর, বগাচতর, সীতাকুন্ড, চট্টগ্রাম",১,Male
০৮৬০,নূর মোহাম্মদ,১৫০২৯৫১০২৬৮৫,আব্দুল মোত্তালেব,আমেনা খাতুন,"মোক্রম আলী সারাং বাড়ী, উত্তর বগাচতর, বগাচতর, সীতাকুন্ড, চট্টগ্রাম",১,Male
০৮৬১,শাহাদাত হোসেন,১৫০২৯৫১০২৬৮৬,খুরশীদ আলম মেস্ত্রী,রাবেয়া খাতুন,"মোক্রম আলী সারেং বাড়ী, উত্তর বগাচতর, বগাচতর, সীতাকুন্ড, চট্টগ্রাম৪৮চূড়ান্ত ভোটার তালিকাজেলা:চট্টগ্রামউপজেলা:সীতাকুন্ডইউনিয়ন:সৈয়দপুরডাকঘর:সীতাকুন্ডভোটার এলাকার কোড: ০২৯৫ভোটার এলাকার নাম: উত্তর বগাচতর",১,Male
০৮৬২,মোঃ ওমর হানিফ,১৫০২৯৫১০২৬৮৭,মোহাম্মদ আলমগীর,রহিমা আক্তার,"মোক্রম আলী সারেং বাড়ী, উত্তর বগাচতর, বগাচতর, সীতাকুন্ড, চট্টগ্রাম",১,Male
০৮৬৩,বাহার উদ্দিন,১৫০২৯৫১০২৬৮৮,মোঃ রুহুল আমিন,আয়েশা খাতুন,"মোক্রম আলী সারেং বাড়ী, উত্তর বগাচতর, বগাচতর, সীতাকুন্ড, চট্টগ্রাম",১,Male
০৮৬৪,মোহাম্মদ ইাহীম,১৫০২৯৫১০২৬৯২,মোঃ রফিউজ্জামান,মোছাম্মৎ খাইরুন্নেছা,"মোক্রম আলী সারেং বাড়ী, উত্তর বগাচতর, বগাচতর, সীতাকুন্ড, চট্টগ্রাম",১,Male
০৮৬৫,গোলাম নূর,১৫০২৯৫১০২৭০১,শফিউল আলম,আমাতুন্নুর,"মোক্রম আলী সারাং বাড়ী, উত্তর বগাচতর, বগাচতর, সীতাকুন্ড, চট্টগ্রাম",১,Male
০৮৬৬,নূরুন্নবী,১৫০২৯৫১০২৭০২,রফিউজ্জামান,খাইরুন্নেছা,"মোক্রম আলী সারেং বাড়ী, উত্তর বগাচতর, বগাচতর, সীতাকুন্ড, চট্টগ্রাম",১,Male
০৮৬৭,মোঃ মোশারফ হোসেন,১৫০২৯৫১০২৭১০,মোহাম্মদ শেখের ইসলাম,রোকেয়া বেগম,"মোক্রম আলী সারেং বাড়ী, উত্তর বগাচতর, বগাচতর, সীতাকুন্ড, চট্টগ্রাম",১,Male
০৮৬৮,মোহাম্মদ সাইফুদ্দিন মানিক,১৫০২৯৫১০২৭১২,মোহাম্মদ নূরুল মোস্তফা,ফাতেমা বেগম,"মোক্রম আলী সারেং বাড়ী, উত্তর বগাচতর, বগাচতর, সীতাকুন্ড, চট্টগ্রাম",১,Male
০৮৬৯,মোহাম্মদ আনোয়ারুল ইসলাম,১৫০২৯৫১০২৭১৩,মজিবুল হক,সুফিয়া খাতুন,"বাহার মাঝি বাড়ী, উত্তর বগাচতর, বগাচতর, সীতাকুন্ড, চট্টগ্রাম",১,Male
০৮৭০,সামছুদ্দীন,১৫০২৯৫১০২৭১৫,রফিউজ্জামা,খাইরুন্নেছা,"মোক্রম আলী সারেং বাড়ী, উত্তর বগাচতর, বগাচতর, সীতাকুন্ড, চট্টগ্রাম",১,Male
০৮৭১,বরুন দাস,১৫০২৯৫১০২৭১৬,অভিলাষ দাস,লী দাস,"বজেন্দ্র কবিরাজ বাড়ী, উত্তর বগচতর, বগচতর, সীতাকুন্ড, চট্টগ্রাম",১,Male
০৮৭২,মোহাম্মদ সিরাজ মিয়া,১৫০২৯৫১০২৭১৭,নূরুজ্জামান,শরিফা খাতুন,"আাস মিয়ার বাড়ী, উত্তর বগাচতর, বগাচতর, সীতাকুন্ড, চট্টগ্রাম",১,Male
০৮৭৩,মোহাম্মদ আমান উল্যা্যাহ,১৫০২৯৫১০২৭১৯,নূরুজ্জামা,ওন্দাা খাতুন,"মোতালী ব্যাপারী বাড়ী, উত্তর বগাচতর, বগাচতর, সীতাকুন্ড, চট্টগ্রাম",১,Male
০৮৭৪,মোঃ ওমর ফারুক,১৫০২৯৫১০২৭২৩,নূরুল আমিন,আফিয়া খাতুন,"মৌতালী ব্যাপারী বাড়ী, উত্তর বগাচতর, বগাচতর, সীতাকুন্ড, চট্টগ্রাম",১,Male
০৮৭৫,মোহাম্মদ ইউছুপ,১৫০২৯৫১০২৭২৫,মোহাম্মদ মীর হোসেন,আনোয়ারা বেগম,"আব্দুর রউফ হাজী বাড়ী, উত্তর বগাচতর, বগাচতর, সীতাকুন্ড, চট্টগ্রাম০৮৭৬. মাইগ্রেট হয়েছে",১,Male
০৮৭৭,দেলোয়ার হোসেন,১৫০২৯৫১০২৭২৮,আবু তাহের,রুবিয়া বেগম,"লাতু চৌকিদার বাড়ী, উত্তর বগাচতর, বগাচতর, সীতাকুন্ড, চট্টগ্রাম",১,Male
০৮৭৮,জসিম উদ্দীন,১৫০২৯৫১০২৭২৯,খোরশেদ আলম,ফিরোজা আক্তার,"লাতু চৌকিদার বাড়ী, উত্তর বগাচতর, বগাচতর, সীতাকুন্ড, চট্টগ্রাম",১,Male
০৮৭৯,মোঃ আখতারুজ্জামান,১৫০২৯৫১০২৭৩০,মোঃ আবু তাহের,রুবিয়া বেগম,"লাতু চৌকিদার বাড়ী, উত্তর বগাচতর, বগাচতর, সীতাকুন্ড, চট্টগ্রাম৪৯চূড়ান্ত ভোটার তালিকাজেলা:চট্টগ্রামউপজেলা:সীতাকুন্ডইউনিয়ন:সৈয়দপুরডাকঘর:সীতাকুন্ডভোটার এলাকার কোড: ০২৯৫ভোটার এলাকার নাম: উত্তর বগাচতর",১,Male
০৮৮০,মোঃ এরশাদ,১৫০২৯৫১০২৭৩৪,মোঃ আবু তাহের,রুবিয়া বেগম,"লাতু চৌকিদার বাড়ী, উত্তর বগাচতর, বগাচতর, সীতাকুন্ড, চট্টগ্রাম",১,Male
০৮৮১,গোলাম নূর মাওলা,১৫০২৯৫১০২৭৩৯,নূরুল মোস্তফা,শরীফা খাতুন,"হুরমত খঁা বাড়ী, উত্তর বগচতর, বগচতর, সীতাকুন্ড, চট্টগ্রাম",১,Male
০৮৮২,মোহাম্মদ আরিফ,১৫০২৯৫১০২৭৪১,মোঃ ইাহীম,রাবেয়া বেগম,"লাতু চৌকিদার বাড়ী, উত্তর বগাচতর, বগাচতর, সীতাকুন্ড, চট্টগ্রাম",১,Male
০৮৮৩,আলমগীর,১৫০২৯৫১০২৭৪২,জাকির হোসেন,কান বেগম,"জাকির হোসেনের বাড়ী, উত্তর বগাচতর, বগাচতর, সীতাকুন্ড, চট্টগ্রাম",১,Male
০৮৮৪,মোঃ আবু তাহের,১৫০২৯৫১০২৭৪৭,আজিজুর রহমান,হাফেজা খাতুন,"লাতু চৌকিদার বাড়ী, উত্তর বগাচতর, বগাচতর, সীতাকুন্ড, চট্টগ্রাম০৮৮৫. মাইগ্রেট হয়েছে",১,Male
০৮৮৬,সফিউল আলম,১৫০২৯৫১০২৭৫২,গোলাল রহমান,হাজেরা খাতুন,"আব্দুর রউফ হাজী বাড়ী, উত্তর বগাচতর, বগাচতর, সীতাকুন্ড, চট্টগ্রাম",১,Male
০৮৮৭,শাহাব উদ্দীন,১৫০২৯৫১০২৭৫৩,ছেরাজুল হক,ওজিফা খাতুন,"লাতু চৌকিদার এর বাড়ী, উত্তর বগাচতর, বগাচতর, সীতাকুন্ড, চট্টগ্রাম",১,Male
০৮৮৮,ওহিদ মিয়া,১৫০২৯৫১০২৭৫৪,হোছনোজ্জামান,মাজেদা খাতুন,"হুরমত খঁা বাড়ি, উত্তর বগাচতর, বগাচতর, সীতাকুন্ড, চট্টগ্রাম",১,Male
০৮৮৯,মোঃ আবু সুফিয়ান,১৫০২৯৫১০২৭৫৬,দেলোয়ার হোসাইন,নূর জাহান বেগম,"আাস মিয়ার বাড়ী, উ: বগাচতর, বগাচতর, সীতাকুন্ড, চট্টগ্রাম",১,Male
০৮৯০,আব্দুল ওয়াহিদ,১৫০২৯৫১০২৭৫৭,আবুল বশর,বিবি মরিয়ম,"মৌতালী ব্যাপারী বাড়ী, উত্তর বগাচতর, বগাচতর, সীতাকুন্ড, চট্টগ্রাম",১,Male
০৮৯১,সফিউল ইসলাম,১৫০২৯৫১০২৭৬০,নূর হোসাইন,আবেদা খাতুন,"মৌতালী ব্যাপারী বাড়ী, উত্তর বগাচতর, বগাচতর, সীতাকুন্ড, চট্টগ্রাম",১,Male
০৮৯২,মোহাম্মদ কামরুল হাসান,১৫০২৯৫১০২৭৬২,মোহাম্মদ একরামুল হক,মৃত হোসনে আক্তার,"একরামুল হক চৌধুরী বাড়ী, উত্তর বগাচতর, বগাচতর, সীতাকুন্ড, চট্টগ্রাম",১,Male
০৮৯৩,সিরাজউদদৌলা,১৫০২৯৫১০২৭৬৩,আবু তাহের,সৈয়দা খাতুন,"মোক্রম আলী সারেং বাড়ী, উত্তর বগাচতর, বগাচতর, সীতাকুন্ড, চট্টগ্রাম",১,Male
০৮৯৪,নূরু ছালাম,১৫০২৯৫১০২৭৬৫,মৌলভী আবুল খায়ের,অহিদা বেগম,"আব্দুল ভুঁঞা বাড়ী, উত্তর বগাচতর, বগাচতর, সীতাকুন্ড, চট্টগ্রাম",১,Male
০৮৯৫,নূরুল আবছার,১৫০২৯৫১০২৭৬৬,ফজলুর রহমান,জোহরা খাতুন,"হুরমত খঁা বাড়ী, উত্তর বগাচতর, বগাচতর, সীতাকুন্ড, চট্টগ্রাম",১,Male
০৮৯৬,অলি উল্যা্যাহ,১৫০২৯৫১০২৭৬৭,জামাল উল্যা্যাহ,নূর জাহান বেগম,"জাকির হোসেন বাড়ী, উত্তর বগচতর, বগচতর, সীতাকুন্ড, চট্টগ্রাম",১,Male
০৮৯৭,কামরুল ইসলাম,১৫০২৯৫১০২৭৬৮,অহিদুর রহমান,সুফিয়া খাতুন,"হুরমত খঁা বাড়ী, উত্তর বগাচতর, বগাচতর, সীতাকুন্ড, চট্টগ্রাম৫০চূড়ান্ত ভোটার তালিকাজেলা:চট্টগ্রামউপজেলা:সীতাকুন্ডইউনিয়ন:সৈয়দপুরডাকঘর:সীতাকুন্ডভোটার এলাকার কোড: ০২৯৫ভোটার এলাকার নাম: উত্তর বগাচতর",১,Male
০৮৯৮,মোশারফ হোসেন,১৫০২৯৫১০২৭৬৯,আমির হোসেন,আয়েশা খাতুন,"আাস মিয়ার বাড়ী, উত্তর বগাচতর, বগাচতর, সীতাকুন্ড, চট্টগ্রাম",১,Male
০৮৯৯,তৌহিদুল আলম,১৫০২৯৫১০২৭৭০,নূরুজ্জামান,শাহানা আক্তার,"মোক্রম আলী সারাং বাড়ী, উত্তর বগাচতর, বগাচতর, সীতাকুন্ড, চট্টগ্রাম",১,Male
০৯০০,ফজলুল করীম,১৫০২৯৫১০২৭৭১,ফকির আহম্মদ,আয়েশা খাতুন,"আব্দুল ভুঁঞা বাড়ী, উত্তর বগাচতর, বগাচতর, সীতাকুন্ড, চট্টগ্রাম",১,Male
০৯০১,মোঃ রেজাউল করিম,১৫০২৯৫১০২৭৭২,দেলোয়ার হোসেন,নূর জাহান বেগম,"আাস মিয়ার বাড়ী, উত্তর বগাচতর, বগাচতর, সীতাকুন্ড, চট্টগ্রাম",১,Male
০৯০২,মোঃ মহি উদ্দীন,১৫০২৯৫১০২৭৭৫,তোফায়েল আহম্মেদ,ফাতেমা বেগম,"রফিউজ্জামা মাস্টার বাড়ী, উত্তর বগচতর, বগচতর, সীতাকুন্ড, চট্টগ্রাম",১,Male
০৯০৩,মোঃ ইাহানী,১৫০২৯৫১০২৭৭৬,মোঃ তোফায়েল আহম্মেদ,ফাতেমা বেগম,"রফিউজ্জামান মাস্টার বাড়ী, উত্তর বগচতর, বগচতর, সীতাকুন্ড, চট্টগ্রাম",১,Male
০৯০৪,নজরুল ইসলাম,১৫০২৯৫১০২৭৭৭,মোঃ আবুল কালাম,আিয়া খাতুন,"হুরমত খঁা বাড়ী, উত্তর বগাচতর, বগাচতর, সীতাকুন্ড, চট্টগ্রাম",১,Male
০৯০৫,মোঃ সাইফুল ইসলাম,১৫০২৯৫১০২৭৭৮,নূরুল ইসলাম,জরিনা খাতুন,"রাজা মিয়া চৌধুরীর বাড়ী, উত্তর বগাচতর, বগাচতর, সীতাকুন্ড, চট্টগ্রাম",১,Male
০৯০৬,মোহাম্মদ নাজিম উদ্দীন,১৫০২৯৫১০২৭৭৯,মোহাম্মদ সামছুল আলম,মোছাম্মৎ খোরশেদা বেগম,"হাজী বদিউজ্জামান মিয়ার বাড়ী, উত্তর বগাচতর, বগাচতর, সীতাকুন্ড, চট্টগ্রাম",১,Male
০৯০৭,মুহাম্মদ মিছবাহ উদ্দীন,১৫০২৯৫১০২৭৮০,মুহাম্মদ শামছূল আলম,খোরশেদা বেগম,"হাজী বদিউজ্জামান মিয়ার বাড়ী, উত্তর বগাচতর, বগাচতর, সীতাকুন্ড, চট্টগ্রাম",১,Male
০৯০৮,মোহাম্মদ সামছুল আলম,১৫০২৯৫১০২৭৮১,আব্দুর রউফ,জরিনা খাতুন,"হাজী বদিউজ্জামান মিয়ার বাড়ী, উত্তর বগাচতর, বগাচতর, সীতাকুন্ড, চট্টগ্রাম",১,Male
০৯০৯,মোহাম্মদ ফিরোজ খঁান,১৫০২৯৫১০২৭৮২,মোঃ জাকির হোসেন,মোছাম্মৎ নূরজাহান বেগম,"হুরমত খঁা এর বাড়ী, উত্তর বগাচতর, বগাচতর, সীতাকুন্ড, চট্টগ্রাম",১,Male
০৯১০,মুহাম্মদ সালা উদ্দীন,১৫০২৯৫১০২৭৮৩,মুহাম্মদ নূরুল মোস্তফা,ফাতেমা বেগম,"মোক্রম আলী সারাং বাড়ী, উত্তর বগাচতর, বগাচতর, সীতাকুন্ড, চট্টগ্রাম",১,Male
০৯১১,মোঃ সাহাব উদ্দীন চৌঃ,১৫০২৯৫১০২৭৮৪,মোঃ খোরশেদ আলম চৌঃ,মোছাম্মৎ হামেলা খাতুন,"রাজা মিঞা চৌঃ বাড়ী, উত্তর বগাচতর, বগাচতর, সীতাকুন্ড, চট্টগ্রাম",১,Male
০৯১২,আব্দুর রশীদ,১৫০২৯৫১০২৭৮৭,ছেরাজল হক,আমা খাতুন,"কালা মিয়া মাঝি বাড়ী, উত্তর বগাচতর, বগাচতর, সীতাকুন্ড, চট্টগ্রাম",১,Male
০৯১৩,বাহার মিয়া,১৫০২৯৫১০২৭৮৯,শাহ আলম,আলেয়া বেগম,"বাহার মাঝি বাড়ী, উত্তর বগাচতর, বগাচতর, সীতাকুন্ড, চট্টগ্রাম",১,Male
০৯১৪,নূরুাফা,১৫০২৯৫১০২৭৯০,জহুরুল হক,ফরিদা খাতুন,"হোরা কাজী বাড়ী, উত্তর বগাচতর, বগাচতর, সীতাকুন্ড, চট্টগ্রাম",১,Male
০৯১৫,মোঃ নূর উদ্দীন,১৫০২৯৫১০২৮০১,মোঃ জহুরুল হক,ফরিদা আক্তার,"হোরা কাজী বাড়ী, উত্তর বগাচতর, বগাচতর, সীতাকুন্ড, চট্টগ্রাম৫১চূড়ান্ত ভোটার তালিকাজেলা:চট্টগ্রামউপজেলা:সীতাকুন্ডইউনিয়ন:সৈয়দপুরডাকঘর:সীতাকুন্ডভোটার এলাকার কোড: ০২৯৫ভোটার এলাকার নাম: উত্তর বগাচতর",১,Male
০৯১৬,সৈয়দুল হক,১৫০২৯৫১০২৮০২,ধন মিয়া,মাজু,"হোরা কাজী বাড়ী, উত্তর বগাচতর, বগাচতর, সীতাকুন্ড, চট্টগ্রাম",১,Male
০৯১৭,মোহাম্মদ হারুন উর রশীদ,১৫০২৯৫১০২৮০৪,মোহাম্মদ আমিনূল হক,আবিধন,"হোরা কাজী বাড়ী, উত্তর বগাচতর, বগাচতর, সীতাকুন্ড, চট্টগ্রাম",১,Male
০৯১৮,আকবর হোসেন,১৫০২৯৫১০২৮০৭,আলী হোসেন,নূর জাহান,"ওয়াদল হক মাঝি বাড়ী, উত্তর বগাচতর, বগাচতর, সীতাকুন্ড, চট্টগ্রাম",১,Male
০৯১৯,মোঃ নূরুল হুদা,১৫০২৯৫১০২৮২০,জহুরুল হক,ফরিদা খাতুন,"হোরা কাজী বাড়ী, উত্তর বগাচতর, বগাচতর, সীতাকুন্ড, চট্টগ্রাম",১,Male
০৯২০,হুমায়ূন কবির,১৫০২৯৫১০২৮২১,আজিজুর রহমান,হামেলা বেগম,"কবির বলির বাড়ী, উত্তর বগাচতর, বগাচতর, সীতাকুন্ড, চট্টগ্রাম",১,Male
০৯২১,মাহফুজুর রহমান,১৫০২৯৫১০২৮২৭,সফিউল আলম,ছুফিয়া বেগম,"কবির বলির বাড়ী, উত্তর বগাচতর, বগাচতর, সীতাকুন্ড, চট্টগ্রাম",১,Male
০৯২২,রেজাউল করিম,১৫০২৯৫১০২৮২৮,আজিজুর রহমান,হামেলা বেগম,"কবির বলির বাড়ী, উত্তর বগাচতর, বগাচতর, সীতাকুন্ড, চট্টগ্রাম",১,Male
০৯২৩,মোঃ করিম,১৫০২৯৫১০২৮৩৩,জাগির হোসাইন,জাহানারা বেগম,"কবির বলির বাড়ী, উত্তর বগাচতর, বগাচতর, সীতাকুন্ড, চট্টগ্রাম",১,Male
০৯২৪,মোঃ ইাহিম,১৫০২৯৫১০২৮৩৫,জাগির হোসেন,জাহানারা বেগম,"কবির বলির বাড়ী, উত্তর বগাচতর, বগাচতর, সীতাকুন্ড, চট্টগ্রাম",১,Male
০৯২৫,মুহাম্মদ আবু ছাঈদ,১৫০২৯৫১০২৮৩৯,মুহাম্মদ আবদুল আজিজ,বিয়াধন,"মন কাজী ভূঁইয়া বাড়ী, উত্তর বগাচতর, বগাচতর, সীতাকুন্ড, চট্টগ্রাম",১,Male
০৯২৬,মোঃ মিজানূল হক,১৫০২৯৫১০২৮৪৩,আবদুল আজিজ মিয়া,বিয়াধন,"মন কাজী ভূঁইয়া বাড়ী, উত্তর বগাচতর, বগাচতর, সীতাকুন্ড, চট্টগ্রাম",১,Male
০৯২৭,মোঃ নাছির উদ্দিন,১৫০২৯৫১০২৮৪৫,মোঃ সামছুল আলম,খোরশেদা বেগম,"বদিউজ্জামান হাজী বাড়ী, উত্তর বগাচতর, বগাচতর, সীতাকুন্ড, চট্টগ্রাম",১,Male
০৯২৮,মোঃ নূরুল আবছার,১৫০২৯৫১০২৮৪৮,আবদু রুপ,জরিনা খাতুন,"বদিউজ্জামান হাজী বাড়ী, উ: বগাচতর, বগাচতর, সীতাকুন্ড, চট্টগ্রাম",১,Male
০৯২৯,মোঃ নূরুন নবী,১৫০২৯৫১০২৮৫১,ফরিদ আহম্মদ,নূর জাহান বেগম,"আবদুল কাদের মোল্যাা বাড়ী, উত্তর বগাচতর, বগাচতর, সীতাকুন্ড, চট্টগ্রাম",১,Male
০৯৩০,মোঃ নূরুল আবছার,১৫০২৯৫১০২৮৫২,মুত ফরিদ আহম্মদ,নূরজাহান বেগম,"আব্দুল কাদের মোল্যাাবাড়ী, উত্তর বগাচতর, বগাচতর, সীতাকুন্ড, চট্টগ্রাম",১,Male
০৯৩১,কামরুল ইসলাম,১৫০২৯৫১০২৮৬০,সামছুল হক,ফিরোজা আক্তার,"আবদুল কাদের মোল্যাা বাড়ী, উত্তর বগাচতর, বগাচতর, সীতাকুন্ড, চট্টগ্রাম",১,Male
০৯৩২,মোঃ জয়নাল আবেদীন,১৫০২৯৫১০২৮৭২,মোঃ সৈয়দল হক,ছকিনা খাতুন,"হোরা কাজী বাড়ী, উত্তর বগাচতর, বগাচতর, সীতাকুন্ড, চট্টগ্রাম",১,Male
০৯৩৩,মোঃ সাহাব উদ্দিন,১৫০২৯৫১০২৮৭৭,সফি উল্যাহ,ছুফিয়া খাতুন,"কেরামত আলী বাড়ি, উত্তর বগাচতর, বগাচতর, সীতাকুন্ড, চট্টগ্রাম৫২চূড়ান্ত ভোটার তালিকাজেলা:চট্টগ্রামউপজেলা:সীতাকুন্ডইউনিয়ন:সৈয়দপুরডাকঘর:সীতাকুন্ডভোটার এলাকার কোড: ০২৯৫ভোটার এলাকার নাম: উত্তর বগাচতর",১,Male
০৯৩৪,নূর মোহাম্মদ,১৫০২৯৫১০২৮৭৮,আমির ব,রুপজান বিবি,"কেরামত আলী বাড়ী, উত্তর বগাচতর, বগাচতর, সীতাকুন্ড, চট্টগ্রাম",১,Male
০৯৩৫,মোঃ দেলোয়ার হোসেন,১৫০২৯৫১০২৮৮৮,মুখলেছুর রহমান,হালিমা খাতুন,"কেরামত আলী বাড়ী, উত্তর বগাচতর, বগাচতর, সীতাকুন্ড, চট্টগ্রাম",১,Male
০৯৩৬,মুফিজুর রহমান,১৫০২৯৫১০২৮৯২,মুখনেছুর রহমান,হালিমা খাতুন,"কেরামত আলী বাড়ী, উত্তর বগাচতর, বগাচতর, সীতাকুন্ড, চট্টগ্রাম",১,Male
০৯৩৭,শাহাদাত হোসেন,১৫০২৯৫১০২৮৯৪,মোঃ দেলোয়ার হোসেন,জাহানারা বেগম,"কেরামত আলী বাড়ী, উত্তর বগাচতর, বগাচতর, সীতাকুন্ড, চট্টগ্রাম",১,Male
০৯৩৮,নূর হোসেন,১৫০২৯৫১০২৮৯৭,আবদুল মালেক,জমিলা খাতুন,"হোরা কাজী বাড়ী, উত্তর বগাচতর, বগাচতর, সীতাকুন্ড, চট্টগ্রাম",১,Male
০৯৩৯,মোঃ নাজিম উদ্দিন,১৫০২৯৫১০২৯০০,আবুল হোসেন,ফিরোজা আক্তার,"হোরা কাজী বাড়ী, উত্তর বগাচতর, বগাচতর, সীতাকুন্ড, চট্টগ্রাম",১,Male
০৯৪০,মোঃ আবু সৈয়ব,১৫০২৯৫১০২৯০১,মোঃ সুলতান আহম্মদ,অজিবা বেগম,"হোরা কাজী বাড়ী, উত্তর বগাচতর, বগাচতর, সীতাকুন্ড, চট্টগ্রাম",১,Male
০৯৪১,মোঃ আবুল হোসেন,১৫০২৯৫১০২৯০৩,ওবায়দুল হক,মওনা খাতুন,"কালা মিয়ার মাঝির বাড়ী, উত্তর বগাচতর, বগাচতর, সীতাকুন্ড, চট্টগ্রাম",১,Male
০৯৪২,মোঃ রেজাউল করিম,১৫০২৯৫১০২৯০৪,মোহাম্মদ আলী,রাশেদা বেগম,"আবদুল কাদের মোল্যাা বাড়ী, উত্তর বগাচতর, বগাচতর, সীতাকুন্ড, চট্টগ্রাম",১,Male
০৯৪৩,আবুল মুনছুর,১৫০২৯৫১০২৯০৬,আবুল হোসেন,মায়মুনা খাতুন,"কালা মিয়া মাঝি বাড়ী, উত্তর বগাচতর, বগাচতর, সীতাকুন্ড, চট্টগ্রাম",১,Male
০৯৪৪,আমির হোসেন,১৫০২৯৫১০২৯১২,কবির আহম্মদ,মোস্তফা খাতুন,"কালা মিয়া মাঝি বাড়ী, উত্তর বগাচতর, বগাচতর, সীতাকুন্ড, চট্টগ্রাম",১,Male
০৯৪৫,মোঃ আলাউদ্দীন,১৫০২৯৫১০২৯২১,সৈয়দ হক,ছকিনা বেগম,"হোরা কাজী বাড়ী, উত্তর বগাচতর, বগচতর, সীতাকুন্ড, চট্টগ্রাম",১,Male
০৯৪৬,মোঃ নূরুল করিম,১৫০২৯৫১০২৯২২,নূরুল মোমিন,রোসনা বেগম,"মোমিন মাঝি বাড়ী, উত্তর বগাচতর, বগাচতর, সীতাকুন্ড, চট্টগ্রাম",১,Male
০৯৪৭,মোঃ আবুল কাশেম,১৫০২৯৫১০২৯২৪,ওবায়দল হক,মামুনা খাতুন,"কালা মিয়া মাঝির বাড়ী, উত্তর বগাচতর, বগাচতর, সীতাকুন্ড, চট্টগ্রাম",১,Male
০৯৪৮,আবদুল মোতালেব,১৫০২৯৫১০২৯২৫,ছেরাজন হক,আজুমা খাতুন,"কালা মিয়া মাঝি বাড়ী, উত্তর বগাচতর, বগাচতর, সীতাকুন্ড, চট্টগ্রাম",১,Male
০৯৪৯,সামছুদ্দিন,১৫০২৯৫১০২৯২৭,আবুল কালাম,শরিফা খাতুন,"হোরা কাজী বাড়ী, উ: বগাচতর, বগাচতর, সীতাকুন্ড, চট্টগ্রাম",১,Male
০৯৫০,মোঃ আবু তাহের,১৫০২৯৫১০২৯২৮,সুলতান আহমদ,অজিফা খাতুন,"হোরাকাজী বাড়ী, উত্তর বগাচতর, বগাচতর, সীতাকুন্ড, চট্টগ্রাম",১,Male
০৯৫১,শেখের ইসলাম,১৫০২৯৫১০২৯৩০,আমির হোসেন,ছুফিয়া খাতুন,"হোরা কাজী বাড়ী, উত্তর বগাচতর, বগাচতর, সীতাকুন্ড, চট্টগ্রাম৫৩চূড়ান্ত ভোটার তালিকাজেলা:চট্টগ্রামউপজেলা:সীতাকুন্ডইউনিয়ন:সৈয়দপুরডাকঘর:সীতাকুন্ডভোটার এলাকার কোড: ০২৯৫ভোটার এলাকার নাম: উত্তর বগাচতর",১,Male
০৯৫২,আলমগীর,১৫০২৯৫১০২৯৩১,নূর হোসেন,নূর জাহান,"হোরা কাজী বাড়ী, উত্তর বগাচতর, বগাচতর, সীতাকুন্ড, চট্টগ্রাম",১,Male
০৯৫৩,নজরুল ইসলাম,১৫০২৯৫১০২৯৩৪,আমির হোসেন,সুফিয়া খাতুন,"হোরাকাজী বাড়ী, উত্তর বগাচতর, বগাচতর, সীতাকুন্ড, চট্টগ্রাম",১,Male
০৯৫৪,মহি উদ্দীন,১৫০২৯৫১০২৯৩৫,আবুল হাশেম,নূর নাহার বেগম,"কালা মিয়া মাঝি বাড়ী, উত্তর বগচতর, বগচতর, সীতাকুন্ড, চট্টগ্রাম",১,Male
০৯৫৫,কামাল উদ্দীন,১৫০২৯৫১০২৯৩৬,আবুল বশর,আনোয়ারা বেগম,"গাফারী চেয়ারম্যান বাড়ী, উত্তর বগাচতর, বগাচতর, সীতাকুন্ড, চট্টগ্রাম",১,Male
০৯৫৬,নজরুল ইসলাম,১৫০২৯৫১০২৯৩৮,রহিম উল্যা্যাহ,আছিয়া খাতুন,"হোছেন মৌলভী বাড়ী, উত্তর বগাচতর, বগাচতর, সীতাকুন্ড, চট্টগ্রাম",১,Male
০৯৫৭,মোঃ হানিফ,১৫০২৯৫১০২৯৩৯,ছালামত উল্যাহ,আফিয়া খাতুন,"ফরেস্ট বিট অফিস, উত্তর বগাচতর, বগাচতর, সীতাকুন্ড, চট্টগ্রাম",১,Male
০৯৫৮,জসিম উদ্দীন,১৫০২৯৫১০২৯৪০,সফি উল্যা্যাহ,আনোয়ারা বেগম,"কেরামত আলী বাড়ী, উত্তর বগাচতর, বগাচতর, সীতাকুন্ড, চট্টগ্রাম",১,Male
০৯৫৯,আবুল বশর,১৫০২৯৫১০২৯৪১,আবু বকর,আনোয়ারা বেগম,"মুহুরী বাড়ী, উত্তর বগাচতর, বগাচতর, সীতাকুন্ড, চট্টগ্রাম",১,Male
০৯৬০,মোঃ আইনূল কামাল,১৫০২৯৫১০২৯৪২,রবিউল মোস্তফা,ছেনয়ারা বেগম,"তোফর আলী ভুঁঞা বাড়ী, উত্তর বগাচতর, বগাচতর, সীতাকুন্ড, চট্টগ্রাম",১,Male
০৯৬১,মোঃ আবুল হোসেন,১৫০২৯৫১০২৯৪৩,সিরাজুল হক,মাফিয়া খাতুন,"মীর বাড়ী, উত্তর বগাচতর, বগাচতর, সীতাকুন্ড, চট্টগ্রাম",১,Male
০৯৬২,রবিউল হোসেন,১৫০২৯৫১০২৯৪৪,সুলতান আহম্মদ,জাহানারা বেগম,"হোরা কাজী বাড়ী, উত্তর বগাচতর, বগাচতর, সীতাকুন্ড, চট্টগ্রাম",১,Male
০৯৬৩,এমদাদুল ফরহাদ,১৫০২৯৫১০২৯৪৬,মোহাম্মদ আলী,জোসনেয়ারা বেগম,"রফিউজ্জামা মাস্টার বাড়ী, উত্তর বগাচতর, বগাচতর, সীতাকুন্ড, চট্টগ্রাম",১,Male
০৯৬৪,মোঃ রবিউল হোসেন,১৫০২৯৫১০২৯৪৭,মোঃ মোয়াজ্জেম হোসেন,মোছাম্মদ জাহানারা বেগম,"রফি উজ্জামা মাস্টার বাড়ী, উত্তর বগাচতর, বগাচতর, সীতাকুন্ড, চট্টগ্রাম",১,Male
০৯৬৫,ইলিয়াছ,১৫০২৯৫১০২৯৫০,নূর মোহাম্মদ,ফাতেমা আক্তার,"কেরামত আলী বাড়ী, উত্তর বগাচতর, বগাচতর, সীতাকুন্ড, চট্টগ্রাম",১,Male
০৯৬৬,মোঃ আশরাফউজ্জামান,১৫০২৯৫১০২৯৫১,রৌশনেজ্জামান,বিবি জুলেখা,"হোছনের জামান মৌলভী বাড়ী, উত্তর বগাচতর, বগাচতর, সীতাকুন্ড, চট্টগ্রাম",১,Male
০৯৬৭,মোহাম্মদ সরওয়ার মোরশেদ ভুঁইয়া,১৫০২৯৫১০২৯৬০,আবু তাহের ভুঁইয়া,ফিরোজা বেগম,"তোফর আলী ভুঁইয়া বাড়ী, উত্তর বগাচতর, বগাচতর, সীতাকুন্ড, চট্টগ্রাম",১,Male
০৯৬৮,মোঃ সাইদুল হক,১৫০২৯৫১০২৯৬১,মৌলভী আবদুল হামিদ,সাজেদা খাতুন,"জমাদার বাড়ী, উত্তর বগাচতর, বগাচতর, সীতাকুন্ড, চট্টগ্রাম",১,Male
০৯৬৯,শহিদ উল্যা্যাহ,১৫০২৯৫১০২৯৬২,নূর ইসলাম,দেল আফরোজ,"কেরামত আলী বাড়ী, উত্তর বগাচতর, বগাচতর, সীতাকুন্ড, চট্টগ্রাম৫৪চূড়ান্ত ভোটার তালিকাজেলা:চট্টগ্রামউপজেলা:সীতাকুন্ডইউনিয়ন:সৈয়দপুরডাকঘর:সীতাকুন্ডভোটার এলাকার কোড: ০২৯৫ভোটার এলাকার নাম: উত্তর বগাচতর",১,Male
০৯৭০,নিপেন্দ্র কোমার দাশ,১৫০২৯৫১০২৯৬৪,সামা চরন দাশ,সুমতী বালা দাশ,"বজেন্দ্র কবিরাজ বাড়ী, উত্তর বগাচতর, বগাচতর, সীতাকুন্ড, চট্টগ্রাম",১,Male
০৯৭১,মোহাম্মদ আজাদ,১৫০২৯৫১০২৯৬৭,মোহাম্মদ আলী,রাশেদা আক্তার,"আবদুল কাদের মোল্যাা বাড়ী, উত্তর বগাচতর, বগাচতর, সীতাকুন্ড, চট্টগ্রাম",১,Male
০৯৭২,মোঃ মানিক,১৫০২৯৫১০২৯৬৮,জাগির হোসেন,ছালেহা বেগম,"হোরাকাজী বাড়ী, উত্তর বগাচতর, বগাচতর, সীতাকুন্ড, চট্টগ্রাম",১,Male
০৯৭৩,মোঃ আলা উদ্দীন,১৫০২৯৫১০৩৩৪৯,হুমায়ন কবির,ফিরোজা বেগম,"দর্জাবাড়ী, দঃ বগাচতর, সীতাকুন্ড, চট্টগ্রাম",১,Male
০৯৭৪,তবারক উল্যাাহ শিপন,১৫০২৯৫১০৫০১৬,ছালামত উল্যা্যাহ,আিয়া খাতুন,"লমির বাড়ী, উত্তর বগাচতর, সীতাকুন্ড, চট্টগ্রাম",১,Male
০৯৭৫,মোঃ নাজিম উদ্দীন,১৫০২৯৫১০৫০১৮,আবুল বশর,শফিউর রহমান,"মোঃ শফি ভূইয়ার বাড়ী, উঃ বগাচতর, বগাচতর, সীতাকুন্ড, চট্টগ্রাম",১,Male
০৯৭৬,বেলাল হোসেন,১৫০২৯৫১০৫০৩৬,নূরুল আলম,ফিরোজ বেগম,"মীর বাড়ী, উত্তর বগাচতর, সীতাকুন্ড, চট্টগ্রাম",১,Male
০৯৭৭,মোঃ বদরুদৌজা,১৫০২৯৫১০৫০৩৮,আবুল হোসেন,হানিফা বেগম,"জমাদার বাড়ী, উঃ বগাচতর, বগাচতর, সীতাকুন্ড, চট্টগ্রাম",১,Male
০৯৭৮,মোঃ ফরহাদ ইসলাম,১৫০২৯৫১০৫০৪২,মফিজুর রহমান,বিবি ছকিনা,"খুরশীদ আলী মাস্টার বাড়ী, উত্তরবগাচতর, সীতাকুন্ড, চট্টগ্রাম",১,Male
০৯৭৯,শামসুদ্দিন,১৫০২৯৫১০৫০৪৮,ছলিম উল্যাাহ,শাহীনূর বেগম,"রমীর বাড়ী, উত্তর বগাচতর, সীতাকুন্ড, চট্টগ্রাম",১,Male
০৯৮০,মোহাম্মদ সাইফুর রহমান,১৫০২৯৫১০৫০৫৪,মোহাম্মদ সফিকুল ইসলাম,মোছাম্মৎ কহিনূর বেগম,"মুনজুর কাজী বাড়ী, উঃ বগাচতর, সীতাকুন্ড, চট্টগ্রাম",১,Male
০৯৮১,মোঃ হেলাল উদ্দীন,১৫০২৯৫১০৫০৬৯,মোঃ নূরের জামান,নাফিয়া বেগম,"বাহার মাঝির বাড়ী, উঃ বগাচতর, সীতাকুন্ড, চট্টগ্রাম",১,Male
০৯৮২,জামাল উদ্দীন,১৫০২৯৫১০৫৪৩৭,মুনছুর আহাম্মদ,ছবুরা খাতুন,"উত্তর বগাচতর, সীতাকুন্ড, চট্টগ্রাম",১,Male
০৯৮৩,মোঃ আবু ছালেক,১৫০২৯৫১১৩৬৫৬,আকতারুজ্জামান,রোসনা আরা বেগম,"গোলদার বাড়ী, উঃ বগাচতর, বগা চতর, সীতাকুন্ড, চট্টগ্রাম",১,Male
০৯৮৪,মোহাম্মদ আবুল হোসেন,১৫০২৯৫১১৩৬৫৭,হাফেজ মোঃ ইছমাইল,হোসনে আরা বেগম,"হাজী গোলামনূর মাস্টার বাড়ী, উত্তর বগাচতর, বগাচতর, সীতাকুন্ড, চট্টগ্রাম",১,Male
০৯৮৫,মনিরুল ইসলাম,১৫০২৯৫১১৩৬৬৭,আনোয়ার হোসেন,নূর খাতুন,"শলা মোল্যাার বাড়ী, দঃ বগাচতর, দঃ বগচতর, সীতাকুন্ড, চট্টগ্রাম",১,Male
০৯৮৬,মোঃ আবুল হোসেন ভুইয়া,১৫০২৯৫১১৩৬৬৯,মোহাম্মদ নূরুল আলম মাার,মোছাম্মদ হোসনেআরা বেগম,"উত্তর বগাচতর, সৈয়দপুর, সীতাকুন্ড, চট্টগ্রাম",১,Male
০৯৮৭,মোহাম্মদ মশিউর রহমান,১৫০২৯৫১১৩৬৭১,মোহাম্মদ একরামুল হক,হোসনে আক্তার,"রাজা মিয়া চৌং বাড়ী, উঃ বগাচতর, সীতাকুন্ড, চট্টগ্রাম৫৫চূড়ান্ত ভোটার তালিকাজেলা:চট্টগ্রামউপজেলা:সীতাকুন্ডইউনিয়ন:সৈয়দপুরডাকঘর:সীতাকুন্ডভোটার এলাকার কোড: ০২৯৫ভোটার এলাকার নাম: উত্তর বগাচতর",১,Male
০৯৮৮,কামরুল হোসেন,১৫০২৯৫২০৬৯০৮,খোরশেদ আলম,রাবেয়া খাতুন,"মধ্যবগাছতর, সীতাকুন্ড, চট্টগ্রাম",১,Male
০৯৮৯,নূরুাফা কাসেম,১৫০২৯৫২০৭৪৮২,সেকান্দার ভূইয়া,ছকিনা বেগম,"সেকান্দার ভূইয়া বাড়ী, উত্তর বকাসতর, সীতাকুন্ড, চট্টগ্রাম",১,Male
০৯৯০,পন কুমার দাশ,১৫০২৯৫৩৪৭৬৮৮,অনন্ত কুমার দাশ,রানী বালা দাশ,"বজেন্দ্র মাস্টারের বাড়ী, উঃ বগাচতর, বগাচতর, সীতাকুন্ড, চট্টগ্রাম",১,Male
০৯৯১,নূরুন নবী মোস্তফা,১৫০২৯৫৩৪৭৭১৪,মাহবুবুর রহমান,মাজেদা খাতুন,"কাদির মোল্যাা বাড়ী, উত্তর বগাচতর, সীতাকুন্ড, চট্টগ্রাম",১,Male
০৯৯২,মোঃ পেয়ার আহম্মদ,১৫০২৯৫৩৪৭৭২৪,মোঃ জসিম উদ্দিন,রহিমা বেগম,"রাজা মিঞা চৌধুরী বাড়ী, উত্তর বগাচতর, সীতাকুন্ড, চট্টগ্রাম",১,Male
০৯৯৩,আবদুল কাইয়ুম,১৫০২৯৫৩৪৭৭২৯,নূরুল ইসলাম,রহিমা খাতুন,"বাহার মাঝি বাড়ী, উত্তর বগাচতর, সীতাকুন্ড, চট্টগ্রাম",১,Male
০৯৯৪,ইাহীম মিয়া,১৫০২৯৫৩৪৭৭৩৪,মোঃ আবুল হোসেন,ফাতেমা খাতুন,"নতুন মনঝুর কাজীর বাড়ী, উত্তর বগাচতর, সীতাকুন্ড, চট্টগ্রাম",১,Male
০৯৯৫,মোঃ নূর ইছলাম,১৫০২৯৫৩৪৭৭৩৮,হাজী মুনছুর আহাম্মদ,ছবুরা খাতুন,"হাজী মনছুর আহাম্মদ আলী, উত্তর বগাচতর, সীতাকুন্ড, চট্টগ্রাম",১,Male
০৯৯৬,একরামুল হক,১৫০২৯৫৩৪৭৭৩৯,মোহাম্মদ হাছান,দিল আফরোজ বেগম,"কেরামত আলী সওদাগর বাড়ী, উত্তর বগাচতর, সীতাকুন্ড, চট্টগ্রাম",১,Male
০৯৯৭,মোহাম্মদ মজিম,১৫০২৯৫৩৪৭৭৪০,কবীর আহমদ,ফিরোজা বেগম,"হুরমত খঁা বাড়ী, উত্তর বগাচতর, সীতাকুন্ড, চট্টগ্রাম",১,Male
০৯৯৮,আবু ইউসুফ,১৫০২৯৫৩৪৭৭৪১,মিজানূল হক,মল্যািকা আফরোজ বেগম,"আবদুল ভূঞার বাড়ী, মধ্যম বগাচতর, সীতাকুন্ড, চট্টগ্রাম",১,Male
০৯৯৯,কামরুল ইসলাম,১৫০২৯৫৩৪৭৭৪২,মজিবুল হক,সুফিয়া খাতুন,"বাহার মাঝি বাড়ী, মধ্যম বগাচতর, সীতাকুন্ড, চট্টগ্রাম",১,Male
১০০০,মোহাম্মদ রেজাউল করিম,১৫০২৯৫৩৪৭৭৪৪,মোহাম্মদ ফয়েজ আহমদ,ছালেহা বেগম,"রাজা মিয়া চৌধুরী বাড়ি, উত্তর বগাচতর, বগাচতর, সীতাকুন্ড, চট্টগ্রাম",১,Male
১০০১,মোহাম্মদ বেলাল হোসেন,১৫০২৯৫৩৪৭৭৬২,নূরুল ইসলাম,মোছাম্মদ বিবি ফাতেমা,"মনছুর কাজীর বাড়ী, মধ্যম বগাচতর, সীতাকুন্ড, চট্টগ্রাম",১,Male
১০০২,আজিজুল হক,১৫০২৯৫৩৪৭৭৬৩,হাজী আবদুর রউপ,বিবি কুলচুমা,"আব্দুর রউফ হাজীর বাড়ী, উত্তর বগাচতর, সীতাকুন্ড, চট্টগ্রাম",১,Male
১০০৩,মোঃ শাহাদাত হোসেন,১৫০২৯৫৩৪৭৮৩৩,মোঃ নূরুল গনী,মোছাঃ নূর জাহান,"জমাদার বাড়ী, উত্তর বগাচতর, সীতাকুন্ড, চট্টগ্রাম",১,Male
১০০৪,মোঃ সাখাওয়াত,১৫০২৯৫৩৪৭৮৩৪,মোঃ নূল গনি,নূর জাহান,"জমাদার বাড়ী, উত্তর বগাচতর, সীতাকুন্ড, চট্টগ্রাম",১,Male
১০০৫,মোঃ আবু তৈয়ব,১৫০২৯৫৩৪৭৮৪৩,হারেছ আহাম্মদ,তাহেরের নেছা,"ধন কাজী বাড়ী, উত্তর বগাচতর, সীতাকুন্ড, চট্টগ্রাম৫৬চূড়ান্ত ভোটার তালিকাজেলা:চট্টগ্রামউপজেলা:সীতাকুন্ডইউনিয়ন:সৈয়দপুরডাকঘর:সীতাকুন্ডভোটার এলাকার কোড: ০২৯৫ভোটার এলাকার নাম: উত্তর বগাচতর",১,Male
১০০৬,মোহাম্মদ নূরুল বাকী,১৫০২৯৫৩৪৭৮৪৫,মোহাম্মদ শামছুল হক,জাহানারা বেগম,"মুছাকাজীর বাড়ি, উঃ বগাচতর, সীতাকুন্ড, চট্টগ্রাম",১,Male
১০০৭,মোঃ নূর উন নবী,১৫০২৯৫৩৪৭৯৫৬,মোঃ মোক্তার হোসেন,আসমা বেগম,"আব্দুল ভূঞা বাড়ি, উত্তর বগাচতর, বগাচতর, সীতাকুন্ড, চট্টগ্রাম",১,Male
১০০৮,সাইফুল ইসলাম,১৫০২৯৫৩৪৮৭৯১,হাবিব উল্যাহ,ছখিনা খাতুন,"মৌঃ হোসনে জ্জমানের বাড়ী, উত্তর বগাচতর, বগাচতর, সীতাকুন্ড, চট্টগ্রাম",১,Male
১০০৯,বদিউল আলম,১৫০২৯৫৩৪৯৭৯৯,রেনূ মিয়া,আমেনা খাতুন,"আবদুরুপ হাজির বাড়ী, উত্তর বগাচতর, সীতাকুন্ড, চট্টগ্রাম",১,Male
১০১০,আহম্মদ আনিছ,১৫০২৯৫৩৪৯৮০২,আমির হোসাইন,নূর জাহান,"মুছা হাজী বাড়ী, উত্তর বগাচতর, সীতাকুন্ড, চট্টগ্রাম",১,Male
১০১১,রনজিৎ দাশ,১৫০২৯৫৩৪৯৮১৬,সুষেন চন্দ্র দাস,ঊষা রানী দাশ,"বিনোদ কবিরাজের বাড়ী, উত্তর বগাচতর, সীতাকুন্ড, চট্টগ্রাম",১,Male
১০১২,অজর্ুন কুমার দাশ,১৫০২৯৫৩৪৯৮১৭,প্রফুল্যা কুমার দাশ,আবু রানী দাশ,"বিনোদ কবিরাজের বাড়ী, উত্তর বগাচতর, সীতাকুন্ড, চট্টগ্রাম",১,Male
১০১৩,মোহাম্মদ নজরুল ইসলাম,১৫০২৯৫৩৪৯৮২৬,নূরুল আলম,হাছিনা বেগম,"মক্রম আলী সারেং বাড়ী, উত্তর বগাচতর, বগাচতর, সীতাকুন্ড, চট্টগ্রাম",১,Male
১০১৪,বোরহান উদ্দীন,১৫০২৯৫০০০০০৩,শাহ জাহান,ফিরোজা আকতার,"জমাদার বাড়ি, উঃ বগাচতর, বগাচতর, সীতাকুন্ড, চট্টগ্রাম",১,Male
১০১৫,আবদুল মান্নান,১৫০২৯৫০০০০০৪,রেনূ মিয়া,আমেনা বেগম,"আব্দুর রউফ হাজীর বাড়ী, উঃ বাগাচতর, বগাচতর, সীতাকুন্ড, চট্টগ্রাম",১,Male
১০১৬,মোঃ জামাল উল্যা্যাহ,১৫০২৯৫০০০০০৫,মুহাম্মদ রেনূ মিয়া,আমেনা বেগম,"আব্দুর রউফ হাজীর বাড়ী, উঃ বগাচতর, বগাচতর, সীতাকুন্ড, চট্টগ্রাম",১,Male
১০১৭,আকতার হোসাইন,১৫০২৯৫০০০০০৬,আহাম্মদ ছোবহান,নাজমা আরা বেগম,"মুছা হাজী বাড়ী, উত্তর বগাচতর, বগাচতর, সীতাকুন্ড, চট্টগ্রাম",১,Male
১০১৮,মোঃ মফিজুর রহমান সুমন,১৫০২৯৫০০০০০৭,আনোয়ার আলী,মনোয়ারা বেগম,"মনূ ভুইয়া বাড়ী, উত্তর বগাচতর, বগাচতর, সীতাকুন্ড, চট্টগ্রাম",১,Male
১০১৯,মুহাম্মদ আরিফুর রহমান,১৫০২৯৫০০০০০৮,আমিনূল হক,ছুপিয়া বেগম,"ডাঃ ওয়াহিদুল গাফারী বাড়ী, উত্তর বগাচতর, বগাচতর, সীতাকুন্ড, চট্টগ্রাম",১,Male
১০২০,ফজলুল করিম রানা,১৫০২৯৫০০০০০৯,নূর ইসলাম,বিয়া ধন,"চৌকিদার বাড়ী, উঃ বগাচতর, বগাচতর, সীতাকুন্ড, চট্টগ্রাম",১,Male
১০২১,মোঃ আবু ছুফিয়ান,১৫০২৯৫০০০০১০,মোঃ আবু মুছা,মোছাঃ হাজেরা খাতুন,"লাল মনগোস্তার বাড়ী, লাল মন গোস্তার বাড়ী, বগাচতর, সীতাকুন্ড, চট্টগ্রাম",১,Male
১০২২,ফজলুল করিম,১৫০২৯৫০০০০১১,ছানা উল্যা্যাহ,রেহানা আক্তার,"দজর্ি বাড়ী, দজর্ি বাড়ী, বগাচতর, সীতাকুন্ড, চট্টগ্রাম",১,Male
১০২৩,রুবেল দাশ,১৫০২৯৫০০০০১২,নিপেন্দ্র কুমার দাশ,শিখা দাশ,"২৪৩,বজেন্দ্র কবিরাজ বাড়ি, বেছারাম কবিরাজ বাড়ী, বগাচতর, সীতাকুন্ড, চট্টগ্রাম৫৭চূড়ান্ত ভোটার তালিকাজেলা:চট্টগ্রামউপজেলা:সীতাকুন্ডইউনিয়ন:সৈয়দপুরডাকঘর:সীতাকুন্ডভোটার এলাকার কোড: ০২৯৫ভোটার এলাকার নাম: উত্তর বগাচতর",১,Male
১০২৪,মোহাম্মদ মোস্তাফিজুর রহমান,১৫০২৯৫০০০০১৩,মোহাম্মদ সফিউল আলম,ছুপিয়া বেগম,"মনূ ভুয়া বাড়ী, উত্তর বগাচতর, বগাচতর, সীতাকুন্ড, চট্টগ্রাম",১,Male
১০২৫,মফিজুর রহমান,১৫০২৯৫০০০০১৪,সফিউল আলম,ছুপিয়া বেগম,"মনূ ভুইয়া বাড়ী, উঃ বগাচতর, বগাচতর, সীতাকুন্ড, চট্টগ্রাম",১,Male
১০২৬,মোঃ সাজ্জাদ হোসেন,১৫০২৯৫০০০০১৫,আবুনূর,মমতাজ বেগম,"আমান উল্যাহ মহুরী বাড়ী, উঃ বগাচতর, বগাচতর, সীতাকুন্ড, চট্টগ্রাম",১,Male
১০২৭,সামছু উদ্দীন,১৫০২৯৫০০০০১৬,ইহীম খলিল,হোসেনেআরা বেগম,"আবদুল ভুইয়া বাড়ী, উঃ বগাচতর, বগাচতর, সীতাকুন্ড, চট্টগ্রাম",১,Male
১০২৮,বিল্যাালাল জলদাস,১৫০২৯৫০০০০১৭,উমেশ,সাধন বালা,"জলদাস বাড়ী, উঃ বগাচতর, বগাচতর, সীতাকুন্ড, চট্টগ্রাম",১,Male
১০২৯,মোঃ আশরাফুল আলম,১৫০২৯৫০০০০১৮,মোঃ জসিম উদ্দীন,ছালেহা বেগম,"মানসফি ভুইয়ার বাড়ী, মানসফি ভুইয়ার বাড়ী, বগাচতর, সীতাকুন্ড, চট্টগ্রাম",১,Male
১০৩০,অলি উল্যাহ,১৫০২৯৫০০০০১৯,ওয়াবেত উল্যাহ,সামছুর নাহার,"আকরম গোলদার বাড়ী, আকরম গোলদার বাড়ি, বগাচতর, সীতাকুন্ড, চট্টগ্রাম",১,Male
১০৩১,আবু ছালেক,১৫০২৯৫০০০০২০,আবুল হোসেন,মায়মুনা খাতুন,"কালামিয়া মাঝি বাড়ী, উঃ বগাচতর, বগাচতর, সীতাকুন্ড, চট্টগ্রাম",১,Male
১০৩২,বাদল জলদাস,১৫০২৯৫০০০০২১,প্রানবঁাশী জলদাস,শেফালী জলদাস,"জলদাস, উঃ বগাচতর, বগাচতর, সীতাকুন্ড, চট্টগ্রাম",১,Male
১০৩৩,তপন চন্দ্র দাস,১৫০২৯৫০০০০২২,সুমঙ্গল দাস,ননী বালা দাস,"জলদাস বাড়ী, উত্তর বগাচতর, বগাচতর, সীতাকুন্ড, চট্টগ্রাম",১,Male
১০৩৪,রতন জলদাস,১৫০২৯৫০০০০২৩,দুলাল জলদাস,শোভা রানী,"জলদাস বাড়ী, উত্তর বগাচতর, বগাচতর, সীতাকুন্ড, চট্টগ্রাম",১,Male
১০৩৫,নিজাম উদ্দীন,১৫০২৯৫০০০০২৪,নূরুদ্দিন,রেহানা বেগম,"ছৈদাকা মৌলভী বাড়ী, উত্তর বগাচতর, বগাচতর, সীতাকুন্ড, চট্টগ্রাম১০৩৬. মাইগ্রেট হয়েছে",১,Male
১০৩৭,ললিত মোহন জলদাস,১৫০২৯৫০০০০২৬,সুবল জলদাস,সুতি বালা জলদাস,"জলদাস বাড়ি, উঃবগাচতর, বগাচতর, সীতাকুন্ড, চট্টগ্রাম",১,Male
১০৩৮,মোহাম্মদ হোসেন,১৫০২৯৫০০০০২৭,মোঃ নূরুল আমিন,জোসনা আরা বেগম,"৫২৪, জমদার বাড়ী, বগাচতর, সীতাকুন্ড, চট্টগ্রাম",১,Male
১০৩৯,মোঃ মেজবা উদ্দিন,১৫০২৯৫০০০০২৮,মোঃ রবিউল হোসেন,কহিনূর আক্তার,"ঐ, হরমত খার ভুইয়া বাড়ি, বাগচতর, সীতাকুন্ড, চট্টগ্রাম",১,Male
১০৪০,উত্তম কুমার দাস,১৫০২৯৫০০০০৩০,ামল চরন দাস,সুমতী বালা দাস,"২৪১, উত্তর বগাচতর, বগাচতর, সীতাকুন্ড, চট্টগ্রাম",১,Male
১০৪১,মোঃ আল মামুন,১৫০২৯৫০০০০৩২,মোঃ নূরুল আবছার,হাসনা আরা বেগম,"তোয়ালি মীর বাড়ি, বগাচতর, সীতাকুন্ড, চট্টগ্রাম৫৮চূড়ান্ত ভোটার তালিকাজেলা:চট্টগ্রামউপজেলা:সীতাকুন্ডইউনিয়ন:সৈয়দপুরডাকঘর:সীতাকুন্ডভোটার এলাকার কোড: ০২৯৫ভোটার এলাকার নাম: উত্তর বগাচতর",১,Male
১০৪২,বদরুল আলম,১৫০২৯৫০০০০৩৩,আলী আজম,আনোয়ার হোসেন,"মুনছুর আলী বাড়ি, উত্তর বগাচতর, সীতাকুন্ড, চট্টগ্রাম",১,Male
১০৪৩,আরিফুল ইসলাম,১৫০২৯৫০০০০৩৪,হুমায়ুন কবির,হালিমা বেগম,"ছলিম বাড়ি, উওর বাগচতর, বগাচতর, সীতাকুন্ড, চট্টগ্রাম",১,Male
১০৪৪,মোহাম্মদ সাখাওয়াত হোসেইন,১৫০২৯৫০০০০৩৫,আনোয়ারুল আজিম,বিলকিছ নূর বেগম,"হাজী গোলামনূর মাস্টার বাড়ি, উত্তর বাগচতর, বাগচতর, সীতাকুন্ড, চট্টগ্রাম",১,Male
১০৪৫,পন জলদাস,১৫০২৯৫০০০০৩৬,বলরাম জলদাস,শোভা রানি,"জলদাস বাড়ি, বাগচতর, সীতাকুন্ড, চট্টগ্রাম",১,Male
১০৪৬,আরিফ হোসেন,১৫০২৯৫০০০০৩৭,সোহরার হোসেন,নূর খাতুন,"তোয়ালী মীর বাড়ি, বগাচতর, সীতাকুন্ড, চট্টগ্রাম",১,Male
১০৪৭,রতন জলদাস,১৫০২৯৫০০০০৩৮,সুমঙ্গল জলদাস,ননী বালা জলদাস,"বগাচতর, বগাচতর, সৈয়দ পুর, সীতাকুন্ড, চট্টগ্রাম",১,Male
১০৪৮,রফিকুল ইসলাম,১৫০২৯৫০০০০৩৯,নূরুল আবছার,নূর বানূ,"ছৈদ্দিকা মের বাড়ি, বাগচতর, সীতাকুন্ড, চট্টগ্রাম",১,Male
১০৪৯,মহিউদ্দিন,১৫০২৯৫০০০০৪০,জহুল হক,বিবি রহিমা,"ছাবির আলী বাড়ী, উওর বগাচতর, বগাচতর, সীতাকুন্ড, চট্টগ্রাম",১,Male
১০৫০,নাজিম উদ্দিন,১৫০২৯৫০০০০৪১,আমিনূামান,ছকিনা খাতুন,"ছাবির আলী বাড়ি, উত্তর বগাচতর, বগাচতর, সীতাকুন্ড, চট্টগ্রাম",১,Male
১০৫১,বাী চন্দ্র দাস,১৫০২৯৫০০০০৪৩,সুষেন চন্দ্র দাস,উষা রানী দাস,"বেছারাম কবিরাজ বাড়ী, ঐ, বাগচতর, সীতাকুন্ড, চট্টগ্রাম",১,Male
১০৫২,জিয়া উদ্দিন,১৫০২৯৫০০০০৪৪,রোশনেজ্জামান,ছেমনা বেগম,"আমান উল্যাাহ মহুরী বাড়ি, ঐ, উত্তর বাগচতর, সীতাকুন্ড, চট্টগ্রাম",১,Male
১০৫৩,সাধন জলদাস,১৫০২৯৫০০০০৪৫,রাধানাথ জলদাস,তুলসী জলদাস,"জলদাস বাড়ি, ঐ, উত্তর বগাচতর, সীতাকুন্ড, চট্টগ্রাম",১,Male
১০৫৪,মোঃ আাছ উদ্দিন,১৫০২৯৫০০০০৪৬,বজলূর রহমান,হাজেরা খাতুন,"বজলুর বহমান বাড়ি, উত্তর বগাচতর, বগাচতর, সীতাকুন্ড, চট্টগ্রাম",১,Male
১০৫৫,মোহাম্মদ নেজাম উদ্দিন,১৫০২৯৫০০০০৪৭,হাছান উল্যাাহ,ছুপিয়া খাতুন,"তোয়ানী মীর বাড়ি, উত্তর বাগচতর, বাগচতর, সীতাকুন্ড, চট্টগ্রাম",১,Male
১০৫৬,আবদুল মতিন,১৫০২৯৫০০০০৪৮,মোঃ এমদাদ হোসেন,সামছুন নাহার,"ছৈদিক মৌলভী বাড়ি, ঐ, বাগচতর, সীতাকুন্ড, চট্টগ্রাম",১,Male
১০৫৭,রসুনাথ জলদাস,১৫০২৯৫০০০০৪৯,নিতাই জলদাস,রসতী জলদাস,"জলদাস বাড়ি, ঐ, উত্তর বাগচতর, সীতাকুন্ড, চট্টগ্রাম",১,Male
১০৫৮,রেজাউল করিম,১৫০২৯৫০০০০৫০,নেজাম উদ্দিন,হোসনে আরা,"ছারিব আলী বাড়ি, উঃ বাগচতর, বাগচতর, সীতাকুন্ড, চট্টগ্রাম",১,Male
১০৫৯,মোঃ সেলিম উদ্দিন,১৫০২৯৫০০০০৫১,সামছুল হুদা,নূর বানূ,"মুনছুর কাজি বাড়ি, ঐ, বাগচতর, সীতাকুন্ড, চট্টগ্রাম৫৯চূড়ান্ত ভোটার তালিকাজেলা:চট্টগ্রামউপজেলা:সীতাকুন্ডইউনিয়ন:সৈয়দপুরডাকঘর:সীতাকুন্ডভোটার এলাকার কোড: ০২৯৫ভোটার এলাকার নাম: উত্তর বগাচতর",১,Male
১০৬০,মোঃ ফাহাদ,১৫০২৯৫০০০০৬৭,নূর হোসেন,কোহিনূর আকতার,"ছৈদিক মেঠলভী বাড়ী, উত্তর বগাচতর, বগাচতর, সীতাকুন্ড, চট্টগ্রাম",১,Male
১০৬১,শেখের ইসলাম,১৫০২৯৫০০০০৬৮,আবু ওহিদ,ছুপিয়া খাতুন,"নতুন রমত বাড়ী, উঃ বগাচতর, বগাচতর, সীতাকুন্ড, চট্টগ্রাম",১,Male
১০৬২,মোঃ আমজাদ হোসাইন,১৫০২৯৫০০০০৬৯,মোঃ জামাল উল্যাহ,মোঃ হোসনে আরা বেগম,"২৯৯, আবদুল মুনাফ সওদাগর বাড়ী, বগাচতর, সীতাকুন্ড, চট্টগ্রাম",১,Male
১০৬৩,কামরুল হোসেন,১৫০২৯৫০০০০৭০,মোহাম্মদ ইাহিম,রহিমা বেগম,"গোলদার বাড়ি, উত্তর বগাচতর, বগাচতর, সীতাকুন্ড, চট্টগ্রাম",১,Male
১০৬৪,মোহাম্মদ সাহাবুউদ্দীন,১৫০২৯৫০০০০৭১,মোহাম্মদ আবুল বসর,জোহুরা খাতুন,"৪৬৯, উত্তর বগাচতর, বগাচতর, সীতাকুন্ড, চট্টগ্রাম",১,Male
১০৬৫,দয়াল হরী জলদাস,১৫০২৯৫০০০০৭২,রামচন্দ্রু জলদাস,সুমতিবালা,"জলদাস বাড়ী, উত্তর বগাচতর, বগাচতর, সীতাকুন্ড, চট্টগ্রাম",১,Male
১০৬৬,মোহাম্মদ ইউসুফ,১৫০২৯৫০০০০৭৩,নূর মোহাম্মদ,বিবি ফাতেমা,"কেরমত আলী বাড়ী, উত্তর বগাচতর, বগাচতর, সীতাকুন্ড, চট্টগ্রাম",১,Male
১০৬৭,বাহার উদ্দিন,১৫০২৯৫০০০০৭৫,নূর মোস্তাফা,আনোয়ারা বেগম,"তোয়াসী মীর বাড়ী, উত্তর বগাচতর, বগাচতর, সীতাকুন্ড, চট্টগ্রাম",১,Male
১০৬৮,মোঃ তৌফিকুল হাসান ভূইয়া,১৫০২৯৫০০০০৭৬,মোহাম্মদ হোসেন ভূইয়া,শাহিন আফেরোজ,"১২৭, মানসিফ ভূইয়া বড়ি, বাগচতর, সীতাকুন্ড, চট্টগ্রাম",১,Male
১০৬৯,মোহাম্মদ আবদুল আজিজ ভূঁইয়া,১৫০২৯৫০০০০৭৭,মোঃ আবদুল হক ভূঁইয়া,মোছাম্মৎ সামছু ন্নাহার,"২৬৪ আবদুল ভূইয়া, বগাচতর, বাগচতর, সীতাকুন্ড, চট্টগ্রাম",১,Male
১০৭০,হুমায়ুন কবির,১৫০২৯৫০০০০৮১,জামাল উদ্দীন,রৌশন আরা বেগম,"ছৈদিক মৌলভী বাড়ী, উত্তর বগাচতর, বগাচতর, সীতাকুন্ড, চট্টগ্রাম",১,Male
১০৭১,মোহাম্মদ রাসেল,১৫০২৯৫০০০০৮২,নূরুল মোস্তফা,কাজলা বেগম,"ফকির বাড়ী, উত্তর বগচতর, বগচতর, সীতাকুন্ড, চট্টগ্রাম",১,Male
১০৭২,সুমন জলদাস,১৫০২৯৫০০০০৮৩,নগেন্দ্র জলদাস,নন্দারানী জল দাস,"জলদাস বাড়ী, উ: বগাচতর, বগাচতরঙ, সীতাকুন্ড, চট্টগ্রাম",১,Male
১০৭৩,আলা উদ্দিন,১৫০২৯৫০০০০৮৪,সিরাজুল ইসলাম,রিজিয়া বেগম,"তোয়ানী মীর বাড়ী, উত্তর বগাচতর, বগাচতর, সীতাকুন্ড, চট্টগ্রাম",১,Male
১০৭৪,মেশকাত হোসেন,১৫০২৯৫০০০০৮৫,মহি উদ্দিন,শাহানা আক্তার,"ইছদিক মৌলভী, উত্তর বগাচতর, বগাচতর, সীতাকুন্ড, চট্টগ্রাম",১,Male
১০৭৫,দয়াল হরি দাস,১৫০২৯৫০০০০৮৬,অমল হরি,যুতিবালা,"জলদাস বাড়ী, উত্তর বগাচতর, বগাচতর, সীতাকুন্ড, চট্টগ্রাম",১,Male
১০৭৬,মোরেশদ আলম,১৫০২৯৫০০০০৮৭,মোঃ আবু তাহের,রুপিয়া বেগম,"চকিদার বাড়ি, উত্তর বগাচতর, বগাচতর, সীতাকুন্ড, চট্টগ্রাম",১,Male
১০৭৭,প্রদিপ জলদাস,১৫০২৯৫০০০০৮৮,দুলাল জলদাস,শোভা রানী,"জলদাস বাড়ী, উত্তর বগাচতর, বগাচতর, সীতাকুন্ড, চট্টগ্রাম৬০চূড়ান্ত ভোটার তালিকাজেলা:চট্টগ্রামউপজেলা:সীতাকুন্ডইউনিয়ন:সৈয়দপুরডাকঘর:সীতাকুন্ডভোটার এলাকার কোড: ০২৯৫ভোটার এলাকার নাম: উত্তর বগাচতর",১,Male
১০৭৮,শতরঞু জলদাস,১৫০২৯৫০০০০৮৯,তেজন্দ্র জলদাস,িলনবালা,"জলদাস বাড়ী, উ: বগাচতর, বগাচতর, সীতাকুন্ড, চট্টগ্রাম",১,Male
১০৭৯,সজল জলদাস,১৫০২৯৫০০০০৯০,হিমাংশ,মনিবালা,"জলদাস বাড়ি, উত্তর বগাচতর, বগাচতর, সীতাকুন্ড, চট্টগ্রাম",১,Male
১০৮০,মোঃ নাজিম উদ্দিন,১৫০২৯৫০০০০৯১,মোঃমাহবুল হক,ছেমনা আফেরোজ,"আবদুল ভূঁইয়া বাড়ী, উত্তর বগাচতর, বগাচতর, সীতাকুন্ড, চট্টগ্রাম",১,Male
১০৮১,মোঃজাকারীয়া,১৫০২৯৫০০০০৯২,মোঃআবুল খায়ের,করফুলের নেছা,"ইরমত আলী বাড়ী, কমরআলী, বগাচতর, সীতাকুন্ড, চট্টগ্রাম",১,Male
১০৮২,আলীম উদ্দিন,১৫০২৯৫০০০০৯৩,মোঃ কবির উদ্দিন,মোছাঃফিরোজা বেগম,"হেরমত খঁানবাড়ি, উঃবগাচতর, বগাচতর, সীতাকুন্ড, চট্টগ্রাম",১,Male
১০৮৩,মোহাম্মদ ওয়াসিম,১৫০২৯৫০০০০৯৪,আবুল কাশেম,মনোয়ারা বেগম,"কালা মিয়া মাঝির বাড়ি, উত্তর বগাচতর, বগাচতর, সীতাকুন্ড, চট্টগ্রাম",১,Male
১০৮৪,মোঃজাহিদুল ইসলাম,১৫০২৯৫০০০০৯৫,নূর আলম,রহিমা বেগম,"মুনচুর কাজি বাড়ি, উঃবগাচতর, বগাচতর, সীতাকুন্ড, চট্টগ্রাম",১,Male
১০৮৫,রেজাউল করিম,১৫০২৯৫০০০০৯৬,জামাল উদ্দিন,রোশেন আরা বেগম,"ছৈয়দ বাড়ী, উত্তর বগাচতর, বগাচতর, সীতাকুন্ড, চট্টগ্রাম",১,Male
১০৮৬,কামরুল হাসান,১৫০২৯৫০০০০৯৭,জয়নাল আবেদীন,হোসেনারা বেগম,"ছৈদিক মৌলভী বাড়ী, উঃবগাচতর, বগাচতর, সীতাকুন্ড, চট্টগ্রাম",১,Male
১০৮৭,মোঃ আবুল কালাম,১৫০২৯৫০০০০৯৮,মোঃ আবু তাহের,আয়শা বেগম,"তোয়ানি মিয়া বাড়ি, বগাচতর, সীতাকুন্ড, চট্টগ্রাম",১,Male
১০৮৮,সরওয়ার হোসেন,১৫০২৯৫০০০০৯৯,নূরুল হুদা,জাহানারা বেগম,"আবদুল ভুইয়া বাড়ী, উত্তর বগাচতর, বগাচতর, সীতাকুন্ড, চট্টগ্রাম",১,Male
১০৮৯,মোহাম্মদ ইসমাইল,১৫০২৯৫০০০১০০,নূর মোস্তফা,কুলছুমা খাতুন,"তোয়ালী মির বাড়ী, উত্তর বগাচতর, বগাচতর, সীতাকুন্ড, চট্টগ্রাম",১,Male
১০৯০,নকুল জলদাস,১৫০২৯৫০০০১০৭,রাধানাথ জলদাস,তুলসী রানী জলদাস,"জলদাস বাড়ী, উত্তর বগাচতর, বগাচতর, সীতাকুন্ড, চট্টগ্রাম",১,Male
১০৯১,মোঃ আবদুল্যাাহ আল জোবায়ের,১৫০২৯৫০০০১০৮,মোঃ জাফর উল্যাাহ খঁান,নূর আফরোজ,"ওমর খঁা পাঠান বাড়ি, উত্তর বগাচতর, বগাচতর, সীতাকুন্ড, চট্টগ্রাম",১,Male
১০৯২,আমজাদ হোসেন,১৫০২৯৫০০০১০৯,মোঃ নূরুল আলম ভূইয়া,হোসনা আরা,"হূরমত খঁা ভুইয়া বাড়ী, উত্তর বগাচতর, বগাচতর, সীতাকুন্ড, চট্টগ্রাম",১,Male
১০৯৩,মিন্টু কুমার দাস,১৫০২৯৫০০০১১০,দীন ব দাস,সি বালা দাস,"বেচা রামু কবিরাজের বাড়ী, উঃ বগাতর, বগাতর, সীতাকুন্ড, চট্টগ্রাম",১,Male
১০৯৪,নূরুল আমিন,১৫০২৯৫০০০১১১,আবুল হোসেন,নূরুন নাহার,"২৭২, উত্তর বগাচতর, উত্তর বগাচতর, বগাচতর, সীতাকুন্ড, চট্টগ্রাম",১,Male
১০৯৫,মোঃ নূর উদ্দিন,১৫০২৯৫০০০১১২,আবুল হোসেন,হামুফা বেগম,"উত্তর বগাচতর, উত্তর বগাচতর, সৈয়দপুর, সীতাকুন্ড, চট্টগ্রাম৬১চূড়ান্ত ভোটার তালিকাজেলা:চট্টগ্রামউপজেলা:সীতাকুন্ডইউনিয়ন:সৈয়দপুরডাকঘর:সীতাকুন্ডভোটার এলাকার কোড: ০২৯৫ভোটার এলাকার নাম: উত্তর বগাচতর",১,Male
১০৯৬,মোহাম্মদ নূরুন নবী,১৫০২৯৫০০০১১৩,মোহাম্মদ রুহুল আমিন,দেল আফরোজ বেগম,"মান সফি ভূইয়া বাড়ি, মান সফি ভূইয়া বাড়ি, বগাচতর, সীতাকুন্ড, চট্টগ্রাম",১,Male
১০৯৭,মোঃফজলুল করিম,১৫০২৯৫০০০১১৪,মোঃ নেছার আহম্মদ,মোছাঃ বিবি আহমেদ,"হেরুমত খান ভুঁইয়া বাড়ি, উঃ বগাচতর, বগাচতর, সীতাকুন্ড, চট্টগ্রাম",১,Male
১০৯৮,সামসুল আরেফিন মুহাম্মদ মাইনূল হোসাইন,১৫০২৯৫০০০১১৫,এম. ফজলুল করিম,উম্মে হাবিবা,"হাজী গোলাম নূর মাস্টার বাড়ি, উত্তর বগাচতর, বগাচতর, সীতাকুন্ড, চট্টগ্রাম",১,Male
১০৯৯,মোম্মদ মোছলেম উদ্দিন,১৫০২৯৫০০০১১৬,মোঃ শাহ আলম,ছেমনা আফরোজ,"দজর্ি বাড়ি, উত্তর বগাচতর দজর্ি বাড়ি, বগাচতর, সীতাকুন্ড, চট্টগ্রাম",১,Male
১১০০,মোশারফ হোসেন,১৫০২৯৫০০০১১৭,আমির হোসেন,ছেনোয়ারা বেগম,"কালা মিয়া মাঝী বাড়ি, উত্তর বগাচতর, বগাচতর, সীতাকুন্ড, চট্টগ্রাম",১,Male
১১০১,হারুন অর রশীদ,১৫০২৯৫০০০১১৮,মোঃ শাহ আলম,হাসনা আরা বেগম,"তোয়ানী মীর বাড়ি, উত্তর বগাচতর, বগাচতর, সীতাকুন্ড, চট্টগ্রাম",১,Male
১১০২,মোঃ সাইদুল ইসলাম,১৫০২৯৫০০০১২০,আবুল কালাম,ছালেহা বেগম,"উত্তর বগাচতর, উত্তর বগাচতর, সীতাকুন্ড, চট্টগ্রাম",১,Male
১১০৩,নূরুল হক,১৫০২৯৫০০০১২১,নূরুন্নবী,আনোয়ারা বেগম,"ছৈদ্দিক মোঃ বাড়ি, উত্তর বগাচতর, বগাচতর, সীতাকুন্ড, চট্টগ্রাম",১,Male
১১০৪,নূরুালাম,১৫০২৯৫০০০১২২,আবুল হাশেম,ছবুরা খাতুন,"আমান উল্যাাহ মহুরী বাড়ি, উত্তর বগাচতর, বগাচতর, সীতাকুন্ড, চট্টগ্রাম",১,Male
১১০৫,নূরুন নবী,১৫০২৯৫০০০১২৩,ফরিদ আহম্মদ,সেলিনা আকতার,"তোয়ানী মীর বাড়ী, উত্তর বগাচতর, বগাচতর, সীতাকুন্ড, চট্টগ্রাম",১,Male
১১০৬,মোঃ জহির উদ্দিন,১৫০২৯৫০০০১২৪,মোঃ খোরশেদ আলম,ফিরোজা বেগম,"চকিদার বাড়ি, উত্তর বগাচতর, বগাচতর, সীতাকুন্ড, চট্টগ্রাম",১,Male
১১০৭,মোঃ জাহেদ হোসেন,১৫০২৯৫০০০১২৫,জহিরুল হক,শামীমা আকতার,"লমির বাড়ি, উত্তর বগাচতর, বগাচতর, সীতাকুন্ড, চট্টগ্রাম",১,Male
১১০৮,মোঃ ফরিদ আহম্মদ,১৫০২৯৫০০০১২৬,জাহাঙ্গীর আলম,সাজেদা বেগম,"দজি বাড়ি, উত্তর বগাচতর দজি বাড়ি, বগাচতর, সীতাকুন্ড, চট্টগ্রাম",১,Male
১১০৯,নিজাম উদ্দীন,১৫০২৯৫০০০১২৭,ফজলুল রহমান,ফাতেমুন নেছা,"বাহার মাঝি বাড়ী, উত্তর বগাচতর, বগাচতর, সীতাকুন্ড, চট্টগ্রাম",১,Male
১১১০,শি মোহন জলদাস,১৫০২৯৫০০০১২৮,ফেয়ারী মোহন,নিয়ার বালা,"জলদাস বাড়ি, উত্তর বগাচতর, বগাচতর, সীতাকুন্ড, চট্টগ্রাম",১,Male
১১১১,মোঃ শাহীন পারভেজ,১৫০২৯৫০০০১২৯,মোহাম্মদ হারুন উর রশীদ,মোছাম্মৎ বিবি আমেনা,"মুছা কাজী বাড়ি, উঃ বগাচতর, বগাচতর, সীতাকুন্ড, চট্টগ্রাম",১,Male
১১১২,মোহাম্মদ ইউছুফ,১৫০২৯৫০০০১৩৪,মরহুম আবু মুছা,হাজেরা খাতুন,"লাল মোহাম্মদ গোমস্তা বাড়ি, উঃ বগাচতর, বগাচতর, সীতাকুন্ড, চট্টগ্রাম",১,Male
১১১৩,মোঃ রফিকুল ইসলাম,১৫০২৯৫০০০১৩৭,অহিদুর রহমান মোল্যাা,নূর জাহান,"আবদুল কাদের মোল্যাা বাড়ি, উঃ বগাচতর, বগাচতর, সীতাকুন্ড, চট্টগ্রাম৬২চূড়ান্ত ভোটার তালিকাজেলা:চট্টগ্রামউপজেলা:সীতাকুন্ডইউনিয়ন:সৈয়দপুরডাকঘর:সীতাকুন্ডভোটার এলাকার কোড: ০২৯৫ভোটার এলাকার নাম: উত্তর বগাচতর",১,Male
১১১৪,মোঃ জাহেদুল ইসলাম,১৫০২৯৫০০০১৪০,মোঃ জাহাঙ্গীর আলম,সাজেদা বেগম,"দিজর্ি বাড়ি, বগাচতর, সীতাকুন্ড, চট্টগ্রাম",১,Male
১১১৫,হিরা লাল দাস,১৫০২৯৫০০০১৪২,গোফাল চন্দ্র দাস,রবি বালা দাস,"ফুলের বাপের বাড়ী, উঃ বগাচতর, বগাচতর, সীতাকুন্ড, চট্টগ্রাম",১,Male
১১১৬,আবুল কালাম আজাদ,১৫০২৯৫০০০১৪৬,সফিউর আলম,ছেমনা খাতুন,"আক্তার ভুইয়া বাড়ী, উ: বগাচতর, বগাচতর, সীতাকুন্ড, চট্টগ্রাম",১,Male
১১১৭,মোহাম্মদ মারেফুল ইসলাম,১৫০২৯৫০০০১৪৭,রুহুল আমিন,হালিমা খাতুন,"জমাদার বাড়ী, উত্তর বগাচতর, বগাচতর, সীতাকুন্ড, চট্টগ্রাম",১,Male
১১১৮,বিধান চন্দ্র,১৫০২৯৫০০০১৪৮,বজেন্দ্র,গীতা রানী দাস,"জলদাস বাড়ী, উত্তর বগাচতর, বগাচতর, সীতাকুন্ড, চট্টগ্রাম",১,Male
১১১৯,মোঃ নূরুল আমিন,১৫০২৯৫০০০১৫১,মোঃ আমির হোসেন,আনোয়ারা বেগম,"ওমর খঁা পাঠান বাড়ি, উত্তর বগাচরত, বগাচতর, সীতাকুন্ড, চট্টগ্রাম",১,Male
১১২০,ইউছুফ নূরী,১৫০২৯৫০০০১৫৩,জয়নাল আবেদীন,লায়লা বেগম,"মুনছুর কাজী বাড়ী ৩০৭, বগাচতর, সীতাকুন্ড, চট্টগ্রাম",১,Male
১১২১,নূরুল ইসলাম,১৫০২৯৫০০০১৫৪,দেলওয়ার হোসেন,আমেনা বেগম,"মুনছুর কাজী বাড়ী, বগাচতর, সৈয়দপুর, সীতাকুন্ড, চট্টগ্রাম",১,Male
১১২২,শাহরিয়ার আহমেদ সজীব,১৫০২৯৫০০০১৫৬,গোলাম ছরওয়ার,শাহানাজ বেগম,"১৬৫, মামসফি ভূঁইয়া বাড়ি, উত্তর বগাচতর, বগাচতর, সীতাকুন্ড, চট্টগ্রাম",১,Male
১১২৩,মুসলিম উদ্দিন,১৫০২৯৫০০০১৫৭,খুরশীদ আলম,ফিরোজা বেগম,"চকিদরা বাড়ী, বগাচতর, সীতাকুন্ড, চট্টগ্রাম",১,Male
১১২৪,মোঃ আবু বর সিদ্দিক,১৫০২৯৫০০০১৫৯,নূরুল আমিন,আফিয়া খাতুন,"নূর হোসেন মিস্ত্রি বাড়ী, উত্তর বগাচতর, বগাচতর, সীতাকুন্ড, চট্টগ্রাম",১,Male
১১২৫,মেঘালম জলদাস,১৫০২৯৫০০০১৬২,প্রিয়লাল জলদাস,জোা জলদাস,"জলদাস বাড়ী, উঃ বগাচতর, বগাচতর, সীতাকুন্ড, চট্টগ্রাম",১,Male
১১২৬,আবু বার,১৫০২৯৫০০০১৬৩,মজিবুল হক,আফিয়া খাতুন,"রাজা মিয়া চৌধুরী বাড়ী, বগাচতর, সীতাকুন্ড, চট্টগ্রাম",১,Male
১১২৭,নাজমুল হক,১৫০২৯৫০০০১৬৫,জাহাঙ্গির আলম,লায়লা বেগম,"১১৬, লাল মোন গোমস্তাবাড়ী, উঃ বগাচতর, বগাচতর, সীতাকুন্ড, চট্টগ্রাম",১,Male
১১২৮,মোঃ মোশাররফ হোসেন,১৫০২৯৫০০০১৬৮,রহুল আমিন,আফিয়া খাতুন,"রাজা মিঞা চৌধুরী বাড়ী, উঃ বগাচতর, সীতাকুন্ড, চট্টগ্রাম",১,Male
১১২৯,নজরুল করিম,১৫০২৯৫০০০১৮২,মোঃ আলী,রাশেদা বেগম,"বাদের মোল্যাা বাড়ী, বাঘা ছাত্তার, সীতাকুন্ড, চট্টগ্রাম",১,Male
১১৩০,মোহাম্মদ নূরের ছাপা,১৫০২৯৫০০০১৮৩,মোহাম্মদ রুহুল আমিন,হাওয়া ধন,"নূর আহম্মদের বাড়ী, বগাচতর, সীতাকুন্ড, চট্টগ্রাম",১,Male
১১৩১,বি লাল হলদার,১৫০২৯৫০০০১৯১,গোপাল জলদাস,রবি বালা,"জলদাস পাড়া, বাঘা ছাত্তার, সীতাকুন্ড, চট্টগ্রাম৬৩চূড়ান্ত ভোটার তালিকাজেলা:চট্টগ্রামউপজেলা:সীতাকুন্ডইউনিয়ন:সৈয়দপুরডাকঘর:সীতাকুন্ডভোটার এলাকার কোড: ০২৯৫ভোটার এলাকার নাম: উত্তর বগাচতর",১,Male
১১৩২,মোহাম্মদ ইউনূছ মিয়া,১৫০২৯৫০০০১৯৪,মোহাম্মদ মোয়াজ্জেম হোসেন চৌধুরী,জাহানারা বেগম,"উত্তর বগাচতর, বাঘা ছাত্তার, সীতাকুন্ড, চট্টগ্রাম",১,Male
১১৩৩,সুমন দাস,১৫০২৯৫০০০১৯৫,সুনিল দাস,রিতা,"রজেন্দ্র ককিরাজ বাড়ী, উঃ বগাচতর, বগাচতর, সীতাকুন্ড, চট্টগ্রাম",১,Male
১১৩৪,মোহাম্মদ নূরুল হুদা,১৫০২৯৫০০০১৯৬,নূরের জামান,নূরের তাজ,"উত্তর বগাচতর, বগাচতর, সীতাকুন্ড, চট্টগ্রাম",১,Male
১১৩৫,মোহাম্মদ মাঈন উদ্দীন ভুঁইয়া,১৫০২৯৫০০০২০৪,মোঃ রবিউল হোসেন,কহিনূর আক্তার,"হুরমত খঁার বাড়ী, উত্তর বচগাচতর, বগাচতর, সীতাকুন্ড, চট্টগ্রাম",১,Male
১১৩৬,মোঃ আমজাদ হোসেন,১৫০২৯৫০০০২০৮,মোঃ আবুল কালাম,জোসনা বেগম,"বগাচতর, সীতাকুন্ড, চট্টগ্রাম",১,Male
১১৩৭,হোসনের জামান,১৫০২৯৫০০০২১২,রৌশনের জামান,জরিনা বেগম,"লমির বাড়ি বাড়ির পাশে, বগাচতর, সীতাকুন্ড, চট্টগ্রাম",১,Male
১১৩৮,আবদুল আনছার,১৫০২৯৫০০০২১৫,আবুল কাশেম,আিয়া খাতুন,,১,Male
১১৩৯,মোঃ জাহাঙ্গীর আলম,১৫০২৯৫০০০২১৯,হাজী মুজিবুল হক,সুফিয়া খাতুন,"বাহার বাঝি বাড়ী, বাঘা ছাত্তার, সীতাকুন্ড, চট্টগ্রাম",১,Male
১১৪০,রাশেদ উদ্দিন,১৫০২৯৫০০০২২৪,মোঃ জয়নাল আবেদীন,মনোয়ারা বেগম,"আমান উল্যাাহর মুহুরীর বাড়ী, বাঘা ছাত্তার, সীতাকুন্ড, চট্টগ্রাম",১,Male
১১৪১,মোঃ ফজলুল করিম,১৫০২৯৫০০০২২৬,মজিবুল হক,আফিয়া খাতুন,"রাজা মিয়া চৌধুরীর বাড়ী, বগাচতর, সীতাকুন্ড, চট্টগ্রাম",১,Male
১১৪২,আব্দুল মান্নান,১৫০২৯৫০০০২২৭,আমিনূল হক মাস্টার,রাবেয়া খাতুন,"উত্তর বগাচতর, বাঘা ছাত্তার, সীতাকুন্ড, চট্টগ্রাম",১,Male
১১৪৩,নিথুরাম,১৫০২৯৫০০০২৩০,শ্রীীধাম,মনতুষী,"জলদাসের বাড়ির পাশে, বগাচতর, সীতাকুন্ড, চট্টগ্রাম",১,Male
১১৪৪,আহমদ ছোবাহান,১৫০২৯৫০০০২৩৩,আমির হোসেন,সুফিয়া খাতুন,"বাঘা ছাত্তার, সীতাকুন্ড, চট্টগ্রাম",১,Male
১১৪৫,মোহাম্মদ মোশারফ হোসেন,১৫০২৯৫০০০২৩৪,আব্দুল মোতালেব,শাহানা আক্তার,"কালা মিয়া মাঝি বাড়ী, বগাচতর, সীতাকুন্ড, চট্টগ্রাম১১৪৬. মাইগ্রেট হয়েছে",১,Male
১১৪৭,কাজল চন্দ্র দাশ,১৫০২৯৫০০০২৩৭,লন কুমার জলদাস,কমলা রানী,"জলদাস বাড়ী, বাঘা ছাত্তার, সীতাকুন্ড, চট্টগ্রাম",১,Male
১১৪৮,সীতা নাথ,১৫০২৯৫০০০২৫৪,নিতাই,রশতী,"সলদাস পাড়া, উঃ বগাচতর, বাঘা ছাত্তার, সীতাকুন্ড, চট্টগ্রাম",১,Male
১১৪৯,নূরের ছাফা,১৫০২৯৫০০০২৫৬,নূরুল আবছার,খাদিজা বেগম,"লাল মোহোন, বাঘা ছাত্তার, সীতাকুন্ড, চট্টগ্রাম৬৪চূড়ান্ত ভোটার তালিকাজেলা:চট্টগ্রামউপজেলা:সীতাকুন্ডইউনিয়ন:সৈয়দপুরডাকঘর:সীতাকুন্ডভোটার এলাকার কোড: ০২৯৫ভোটার এলাকার নাম: উত্তর বগাচতর",১,Male
১১৫০,মোহাম্মদ শহিদ উল্যাাহ,১৫০২৯৫০০০২৫৭,মোহাম্মদ সিরাজুল হক,আয়শা খাতুন,"বগাচতর, সীতাকুন্ড, চট্টগ্রাম",১,Male
১১৫১,নজরুল ইসলাম চোধুরী,১৫০২৯৫০০০২৬০,আবুল কালাম,ছালেহা বেগম,"রাজিলয়া চোধুরী বাড়ী, বগাচতর, সীতাকুন্ড, চট্টগ্রাম",১,Male
১১৫২,মোঃ আলাউদ্দিন,১৫০২৯৫০০০২৭০,রুহুল আমিন,ছকিনা খাতুন,"নূর আহংসের বাড়ী, বাঘা ছাত্তার, সীতাকুন্ড, চট্টগ্রাম",১,Male
১১৫৩,মোহাম্মদ ইউচুপ,১৫০২৯৫০০০২৭৫,অজি উল্যা্যাহ,মোস্তফা বেগম,"নূরুল হকের বাড়ির পাশে, বগাচতর, সীতাকুন্ড, চট্টগ্রাম",১,Male
১১৫৪,মোঃ ফখরুল,১৫০২৯৫০০০২৭৬,মোঃ আলমগীর হোসেন,রেহেনা আক্তার,"আলমগীর আনসার বাড়ী, উঃ বগাচতর, বাঘা ছাত্তার, সীতাকুন্ড, চট্টগ্রাম",১,Male
১১৫৫,নূরুল ইসলাম,১৫০২৯৫০০০২৮১,নূরুল হুদা,শামছুন্নাহার,"জমিদার বাড়ির পাশে, বগাচতর, সীতাকুন্ড, চট্টগ্রাম",১,Male
১১৫৬,মোহাম্মদ আব্দুর আউয়াল,১৫০২৯৫০০০২৮৪,আহাম্মদ ছোবাহান,আমেনা খাতুন,"লমীর বাড়ির পাশে, বগাচতর, সীতাকুন্ড, চট্টগ্রাম",১,Male
১১৫৭,মোঃ আজমল হোসেন রানা,১৫০২৯৫০০০২৮৬,মোঃ আবুল হোসেন,জাহানারা কেগম,"সেকান্দা ভুইয়া বাড়ী, বাঘা ছাত্তার, সীতাকুন্ড, চট্টগ্রাম",১,Male
১১৫৮,মোহাম্মদ রিদোয়ান হোসাইন,১৫০২৯৫০০০২৯৫,মোঃ আনোয়ারুল আজিম,বিলকিছ বেগম,"হাজীবাড়ী, বগাচতর, সীতাকুন্ড, চট্টগ্রাম",১,Male
১১৫৯,মোহাম্মদ নূরুল মোস্তফা,১৫০২৯৫০০০৩০৬,নূরুল মোমিন,রোসনা বেগম,"মোমিন মাঝি বাড়ী, বগাচতর, সীতাকুন্ড, চট্টগ্রাম",১,Male
১১৬০,মোহাম্মদ শাকিল ইসলাম,১৫০২৯৫০০০৩১০,মোহাম্মদ মাহকুল হক,হাছিনা আক্তার,"গোলদার বাড়ী, বাঘা ছাত্তার, সীতাকুন্ড, চট্টগ্রাম",১,Male
১১৬১,আলী হোসেন,১৫০২৯৫০০০৩১৬,কবির হোসেন,মোস্তফা খাতুন,"ওবায়দুল হক ফকির বাড়ী, উঃ বগাচতর, বাঘা ছাত্তার, সীতাকুন্ড, চট্টগ্রাম",১,Male
১১৬২,আবু জাফর,১৫০২৯৫০০০৩১৭,করিম উল্যাহ,রাইদা খাতুন,"মুছাকাজী বাড়ির পাশে, বগাচতর, সীতাকুন্ড, চট্টগ্রাম",১,Male
১১৬৩,আবদুর রহিম,১৫০২৯৫০০০৩১৮,করিম উল্যাাহ,মৃত রৈয়ছা খাতুন,"মুছা কাজী পারা, বাঘা ছাত্তার, সীতাকুন্ড, চট্টগ্রাম",১,Male
১১৬৪,শাহ আলম,১৫০২৯৫০০০৩২২,বেছুমিয়া আমিনূর জামান,ছুপিয়া খাতুন,"আব্দুলের বাড়ির পাশে, বগাচতর, সীতাকুন্ড, চট্টগ্রাম",১,Male
১১৬৫,মাহফুজুল হক,১৫০২৯৫০০০৩২৪,হাজী আলী আলম,আনোয়ারা বেগম,"মুনচুর কাজি বাড়ী, উঃ বাগাচাত্তর, বাঘা ছাত্তার, সীতাকুন্ড, চট্টগ্রাম",১,Male
১১৬৬,মিজানূল হক,১৫০২৯৫০০০৩২৫,জাহাংগীর আলম,লায়লা বেগম,"লালর মোঃ মোস্তফা বাড়ী, উঃ বগাচতর, বগাচতহর, সীতাকুন্ড, চট্টগ্রাম",১,Male
১১৬৭,আজিজ উদ্দিন,১৫০২৯৫০০০৩২৭,আবুল হোসেন,বানূ বেগম,"উঃ বগাচতর, বগাচতর, সীতাকুন্ড, চট্টগ্রাম৬৫চূড়ান্ত ভোটার তালিকাজেলা:চট্টগ্রামউপজেলা:সীতাকুন্ডইউনিয়ন:সৈয়দপুরডাকঘর:সীতাকুন্ডভোটার এলাকার কোড: ০২৯৫ভোটার এলাকার নাম: উত্তর বগাচতর",১,Male
১১৬৮,জাবেদ হোসেন,১৫০২৯৫০০০৩২৯,রুহুল আমিন,রহিমা বেগম,"মুছা হাজি বাড়ী, বাঘা ছাত্তার, সীতাকুন্ড, চট্টগ্রাম",১,Male
১১৬৯,নূর উদ্দিন,১৫০২৯৫০০০৩৩০,আমিনূর রহমান,জোসনা আরা বেগম,"উঃ বগাচতর, বগাচতর, সীতাকুন্ড, চট্টগ্রাম",১,Male
১১৭০,বদর উদ্দিন,১৫০২৯৫০০০৩৩১,মোঃ নূর হোসেন,ফরিদা বেগম,"হাফেজ রবিউল হোসেন বাড়ী, উঃ বগাচতর, বগাচতর, সীতাকুন্ড, চট্টগ্রাম",১,Male
১১৭১,মোহাম্মদ নাজমুল করিম,১৫০২৯৫০০০৩৩৩,সালামত উল।হ,মনোয়ারা বেগম,"হোসনূজ্জামান বাড়ী, বাঘা ছাত্তার, সীতাকুন্ড, চট্টগ্রাম",১,Male
১১৭২,মোঃ পারভেজ উদ্দীন,১৫০২৯৫০০০৩৩৮,মোঃ নূরুল আমিন,শাহেদা আক্তার,"লালমোহন গোমস্তা বাড়ী, উঃ বগাচতর, বগাচতর, সীতাকুন্ড, চট্টগ্রাম",১,Male
১১৭৩,মামুনূর রশিদ,১৫০২৯৫০০০৩৪১,আবুল বশর,চেমন আরা,"আমানউল্যাার বাড়ির পাশে, বগাচতর, সীতাকুন্ড, চট্টগ্রাম",১,Male
১১৭৪,মোঃ খোরশেদ আলম,১৫০২৯৫০০০৩৪৩,আবু সৈয়দ,মাজেদা খাতুন,"সমীর সারেং বাড়ী, বাঘা ছাত্তার, সীতাকুন্ড, চট্টগ্রাম",১,Male
১১৭৫,শরিফুর রহমান,১৫০২৯৫০০০৩৪৬,মোহাম্মদ আবুল কাসেম,খায়রুন্নেসা,"রফিউজ্জামান মাস্টার বাড়ী, উঃ বগাচতর, বাঘা ছাত্তার, সীতাকুন্ড, চট্টগ্রাম",১,Male
১১৭৬,মোঃ এনায়েত উল্যাহ,১৫০২৯৫০০০৩৫৪,মোহাম্মদ জেবল হক,ছেনোয়ারা বেগম,"উত্তার বগাচতর, বগচতর, সীতাকুন্ড, চট্টগ্রাম",১,Male
১১৭৭,মোঃ জহির উদ্দীণ,১৫০২৯৫০০০৩৫৮,সামছুল হুদা,নূর জাহান বেগম,"বাঘা ছাত্তার, সীতাকুন্ড, চট্টগ্রাম",১,Male
১১৭৮,নূর মোহাম্মদ,১৫০২৯৫০০০৩৫৯,নেজামুল হক,হোসনেয়ারা বেগম,"উত্তর বগাচতর, বগাচতর, সীতাকুন্ড, চট্টগ্রাম",১,Male
১১৭৯,মিছবাহ উদ্দীন,১৫০২৯৫০০০৩৬১,সামছুল হুদা,নূর জাহান বেগম,"বাঘা ছাত্তার, সীতাকুন্ড, চট্টগ্রাম",১,Male
১১৮০,সুজন দাস,১৫০২৯৫০০০৩৬৩,বাবুল,ভাগ্যবতী,"চুলা বাপেরবাড়ী, উত্তর বগাচতর, বাঘা ছাত্তার, সীতাকুন্ড, চট্টগ্রাম",১,Male
১১৮১,মোঃ জয়নাল আবেদীন,১৫০২৯৫০০০৩৬৮,আমিনূর জামান,ছকিনা বেগম,"উঃ বগাচতর, বগাচতর, সীতাকুন্ড, চট্টগ্রাম",১,Male
১১৮২,মোঃ শহীদ,১৫০২৯৫০০০৩৭০,মোঃ আমিন,ছকিনা বেগম,"ছাবির আলী বাড়ী, উঃ বগাচতর, বগাচতর, সীতাকুন্ড, চট্টগ্রাম",১,Male
১১৮৩,মোঃ সালাউদ্দিন,১৫০২৯৫০০০৩৭৫,গিয়াস উদ্দিন,আছমা বেগম,"মৌলভী বাড়ির পাশে, বগাচতর, সীতাকুন্ড, চট্টগ্রাম",১,Male
১১৮৪,মোহাম্মদ তারেক হোসেন,১৫০২৯৫০০০৩৭৮,আবুল বসর,নূর জাহান বেগম,"হাজী গোলাম নূর মাার বাড়ী, বাঘা ছাত্তার, সীতাকুন্ড, চট্টগ্রাম",১,Male
১১৮৫,গোলাম সরওয়ার,১৫০২৯৫০০০৩৮০,আনোয়ারুল আজিম,আশরফা খাতুন,"রাজা মিয়া চৌঃ বাড়ী, কমর আলী, বাঘা ছাত্তার, সীতাকুন্ড, চট্টগ্রাম৬৬চূড়ান্ত ভোটার তালিকাজেলা:চট্টগ্রামউপজেলা:সীতাকুন্ডইউনিয়ন:সৈয়দপুরডাকঘর:সীতাকুন্ডভোটার এলাকার কোড: ০২৯৫ভোটার এলাকার নাম: উত্তর বগাচতর",১,Male
১১৮৬,মোঃ এমরান,১৫০২৯৫০০০৩৮১,আবুল বশর,নূর জাহান বেগম,"হাজী গোলাম নূর মাস্টারের বাড়ী, উঃ বগা চতর, বাঘা ছাত্তার, সীতাকুন্ড, চট্টগ্রাম",১,Male
১১৮৭,মোঃ আব্দুল আলী,১৫০২৯৫০০০৩৮২,মোঃ বদিউর জ্জামান,রহিমা বেগম,"শামমাজির বাড়ির পাশে, বগাচতর, সীতাকুন্ড, চট্টগ্রাম",১,Male
১১৮৮,মেজবাউল আলম,১৫০২৯৫০০০৩৮৩,মোহাম্মদ আবুল মুনছুর,মোছাঃ জাহেদা বেগম,"রাহামিয়ার বাড়ী, উওর বগাচতর, সীতাকুন্ড, চট্টগ্রাম১১৮৯. মাইগ্রেট হয়েছে",১,Male
১১৯০,মোঃ বেলায়েত হোসাইন,১৫০২৯৫০০০৩৮৬,মকসুদ আহমদ,তাহেরেন নেসা,"হাবিবের বাড়ির পাশে, বগাচতর, সীতাকুন্ড, চট্টগ্রাম",১,Male
১১৯১,মোঃ আশরাফুল মাওলা ভূইয়ঁা,১৫০২৯৫০০০৩৮৭,মোঃ সফিউর রহমান ভূইয়ঁা,বৌশনেজ্জাহান,"উঃ বগাচতর, বগাচতর, সীতাকুন্ড, চট্টগ্রাম",১,Male
১১৯২,মোহাম্মদ আলতাফ হোসেন,১৫০২৯৫০০০৩৯১,মোহাম্মদ নিজামুল হক,নূর জাহান বেগম,"উঃ বগাচতর, বগাচতর, সীতাকুন্ড, চট্টগ্রাম",১,Male
১১৯৩,আজিমুল হক,১৫০২৯৫০০০৩৯৫,তাজুল ইসলাম,রফিলা খাতুন,"হুরমতের বাড়ির পাশে, বগাচতর, সীতাকুন্ড, চট্টগ্রাম",১,Male
১১৯৪,আনোয়ারুল ইসলাম,১৫০২৯৫০০০৩৯৮,হাজী গোলাম নূর,আফিয়া খাতুন,"হাজি গোলামরসুল বাড়ির পাশে, বগাচতর, সীতাকুন্ড, চট্টগ্রাম",১,Male
১১৯৫,মোহাম্মদ সাখাওয়াত হোসেন,১৫০২৯৫০০০৩৯৯,মোহাম্মদ শাহাজাহান,মনোয়ারা বেগম,"মান সুফি ভুইয়া বাড়ী, উঃ বগাচতহর, কগাচতর, সীতাকুন্ড, চট্টগ্রাম",১,Male
১১৯৬,মোহাম্মদ সাখাত্তয়াত হোসেন,১৫০২৯৫০০০৪০১,মোহাম্মদ শামছুদ্দীন,নিলুফা আক্তার,"মোক্তার আলী বাড়ির পাশে, বগাচতর, সীতাকুন্ড, চট্টগ্রাম",১,Male
১১৯৭,মাইনূল হাসান রিয়াদ,১৫০২৯৫০০০৪০২,এনামুল হক,সাবিনা ইয়াসমিন,"মান সফি ভূইয়া বাড়ী, বগাচতর, সীতাকুন্ড, চট্টগ্রাম",১,Male
১১৯৮,মোহাম্মদ সাইফুল ইসলাম,১৫০২৯৫০০০৪০৯,মোহাম্মদ নূরুল আমিন,রহিমা আক্তার,"বাঘখালী, সীতাকুন্ড, চট্টগ্রাম",১,Male
১১৯৯,মোঃ বেলাল,১৫০২৯৫০০০৪১৬,মোঃ নূরুল আলম,রিজিয়া বেগম,"উত্তর বগাচতর, বগাচতর, সীতাকুন্ড, চট্টগ্রাম",১,Male
১২০০,আবু জাফর,১৫০২৯৫০০০৪১৮,মাহফুজুর রহমান,হোসনা বেগম,"আমান উল্যাাহর বাড়ির পাশে, বগাচতর, সীতাকুন্ড, চট্টগ্রাম",১,Male
১২০১,মোঃ জান্নাতুল করিম,১৫০২৯৫০০০৪২১,তোফায়েল আহম্মেদ,রিজিয়া বেগম,"উঃ বগাচতর, বগাচতর, সীতাকুন্ড, চট্টগ্রাম",১,Male
১২০২,শাহাব উদ্দিন,১৫০২৯৫০০০৪২৫,জাহা ব,সাফিয়া খাতুন,"উঃ বগাচতর, সীতাকুন্ড, চট্টগ্রাম",১,Male
১২০৩,সামছুদ্দিন,১৫০২৯৫০০০৪২৯,নূরুল ইসলাম,জুলেখা বেগম,"নূরুল হক হাজী বাড়ী, উত্তর বগাচতর, বগাচতর, সীতাকুন্ড, চট্টগ্রাম৬৭চূড়ান্ত ভোটার তালিকাজেলা:চট্টগ্রামউপজেলা:সীতাকুন্ডইউনিয়ন:সৈয়দপুরডাকঘর:সীতাকুন্ডভোটার এলাকার কোড: ০২৯৫ভোটার এলাকার নাম: উত্তর বগাচতর",১,Male
১২০৪,নূর নবী,১৫০২৯৫০০০৪৩০,নূরুল হক,মায়মুনা খাতুন,"নূর আহম্মদ সারেং বাড়ী, বগাচতর, সীতাকুন্ড, চট্টগ্রাম",১,Male
১২০৫,আবু জাফর,১৫০২৯৫০০০৪৩২,সামছুল হক,কোরফুলা,"উত্তর বগাচতর, বগাচতর, সীতাকুন্ড, চট্টগ্রাম",১,Male
১২০৬,মোহিঃ মোতালেব,১৫০২৯৫০০০৪৩৬,নূরুল আবছার,রিজিয়া বেগম,"বগাচতর, সীতাকুন্ড, চট্টগ্রাম",১,Male
১২০৭,রিয়াদ হোসেন,১৫০২৯৫০০০৪৩৮,মোঃ সোলেমান,ফিরুজা বেগম,"গোলদার বাড়ী, বাঘা ছাত্তার, সীতাকুন্ড, চট্টগ্রাম",১,Male
১২০৮,এনায়েত হোসেন,১৫০২৯৫০০০৪৪০,ফজলুল হক,সকিনা খাতুন,"উত্তর বগাচতর, উঃ বগাচতর, সীতাকুন্ড, চট্টগ্রাম",১,Male
১২০৯,মোহাম্মদ ইসমাইল,১৫০২৯৫০০০৪৪২,ছাবিদ আলী,বিয়া ধন,"গোলজার বাড়ী, উঃ বগাচতর, বাঘা ছাত্তার, সীতাকুন্ড, চট্টগ্রাম",১,Male
১২১০,মোঃ সামছু উদ্দীন,১৫০২৯৫০০০৪৪৩,মোঃ আবুল বশর,জহুরা খাতুর,"আসমত আলী মিস্ত্রী বাড়ী, উঃ বগাচতর, সীতাকুন্ড, চট্টগ্রাম",১,Male
১২১১,মোঃ গিয়াস উদ্দীন,১৫০২৯৫০০০৪৪৫,তাজুল ইসলাম,আনোয়ারা বেগম,"উঃ বগাচতর, বগাচতর, সীতাকুন্ড, চট্টগ্রাম",১,Male
১২১২,মোঃ নূরুল আমিন,১৫০২৯৫০০০৪৪৭,মোঃ সেকান্তর ভূইয়া,ছকিনা বেগম,"উত্তর বগাচতর, বগাচতর, সীতাকুন্ড, চট্টগ্রাম",১,Male
১২১৩,মোহাম্মদ নূরুল আবছার,১৫০২৯৫০০০৪৫২,সেকান্দার মিয়া,সকিনা বেগম,"সেকান্দাের মিয়া বাড়ির পাশে, বগাচতর, সীতাকুন্ড, চট্টগ্রাম",১,Male
১২১৪,মোহাম্মদ হানিফ,১৫০২৯৫০০০৪৫৭,বদিউ জামান,হালিমা খাতুন,"উঃ বগাচতর, বগাচতর, সীতাকুন্ড, চট্টগ্রাম",১,Male
১২১৫,মোঃ রিয়াদুল হাসান,১৫০২৯৫০০০৪৬৫,মোঃ সিরাজ উদদৌলা,রোকেয়া বেগম,"মা মন্িজল, বাঘা ছাত্তার, সীতাকুন্ড, চট্টগ্রাম",১,Male
১২১৬,মোহাম্মদ আবুল খায়ের চৌধুরী,১৫০২৯৫০০০৪৬৯,মোঃ আলী আজম চৌধুরী,আবেদা খাতুন,"বগাচতর, সীতাকুন্ড, চট্টগ্রাম",১,Male
১২১৭,সহিদুল ইসলাম,১৫০২৯৫০০০৪৭২,হাবিবুল্যাাহ,ছকিনা খাতুন,"মৌঃ হোসেনের জামান বাড়ী, বাঘা ছাত্তার, সীতাকুন্ড, চট্টগ্রাম",১,Male
১২১৮,মোঃ হাসান,১৫০২৯৫০০০৪৭৩,নূরুল মোস্তফা,সেলিনা আক্তার,"শাহ আলম মাার বাড়ী, বাঘা ছাত্তার, সীতাকুন্ড, চট্টগ্রাম",১,Male
১২১৯,মাঈন উদ্দীন,১৫০২৯৫০০০৪৭৭,নূরু জ্জামান,মাফিয়া বেগম,"বাহারের বাড়ির পাশে, বগাচতর, সীতাকুন্ড, চট্টগ্রাম",১,Male
১২২০,মোঃ ওমর ফারুক,১৫০২৯৫০০০৪৭৮,নূরুল ইসলাম,সালমা বেগম,"মোক্রম আলী সারেং বাড়ী, বগচতর, বগাচতর, সীতাকুন্ড, চট্টগ্রাম",১,Male
১২২১,আবু নূর,১৫০২৯৫০০০৪৭৯,ছালামত উল্যা্যাহ,ছবিরা খাতুন,"কেরামত আলী বাড়ির পাশে, বগাচতর, সীতাকুন্ড, চট্টগ্রাম৬৮চূড়ান্ত ভোটার তালিকাজেলা:চট্টগ্রামউপজেলা:সীতাকুন্ডইউনিয়ন:সৈয়দপুরডাকঘর:সীতাকুন্ডভোটার এলাকার কোড: ০২৯৫ভোটার এলাকার নাম: উত্তর বগাচতর",১,Male
১২২২,আক্তার হোসেন,১৫০২৯৫০০০৪৮৭,বদিউজ্জামান,হালিমা খাতুন,"হাজী বদি উজ্জামানের বাড়ী, উঃ বগাচতর, বাঘা ছাত্তার, সীতাকুন্ড, চট্টগ্রাম",১,Male
১২২৩,মোঃ নূরুজ্জামান,১৫০২৯৫০০০৪৮৮,আবুল মোতালেব,আমেনা বেগম,"মোকরম আলী বাড়ির পাশে, বগাচতর, সীতাকুন্ড, চট্টগ্রাম",১,Male
১২২৪,মোঃ নূরুল আমিন,১৫০২৯৫০০০৪৮৯,মিজানূল হক,বেল বাহার,"বাঘা ছাত্তার, সীতাকুন্ড, চট্টগ্রাম",১,Male
১২২৫,মোহাম্মদ নূর হোসেন,১৫০২৯৫০০০৪৯৩,মকসুদ আহমেদ,তাহেরুন নেছা,"তোয়ারী বাড়ির পাশে, বগাচতর, সীতাকুন্ড, চট্টগ্রাম",১,Male
১২২৬,কানূ জলদাশ,১৫০২৯৫০০০৪৯৪,কমল হরি জলদাস,মিনতি বালা,"বাঘা ছাত্তার, সীতাকুন্ড, চট্টগ্রাম",১,Male
১২২৭,সায়দুর রহমান,১৫০২৯৫০০০৪৯৬,মোঃ কলিমুল্যাাহ,জাহেদা বেগম,"নূর মোহাম্মদ সারেং বাড়ী, বাঘা ছাত্তার, সীতাকুন্ড, চট্টগ্রাম",১,Male
১২২৮,তোতা চন্দ্র দাস,১৫০২৯৫০০০৫০১,নিতাই চন্দ্র দাস,কান বালা,"উঃ বগাচতর, বগাচতর, সীতাকুন্ড, চট্টগ্রাম",১,Male
১২২৯,জসীম উদ্দীন,১৫০২৯৫০০০৫০৪,মুলকুতের রহমান,রৌশন আরা বেগম,"আব্দুল ভুঞা বাড়ী, বাঘা ছাত্তার, সীতাকুন্ড, চট্টগ্রাম",১,Male
১২৩০,জানে আলম,১৫০২৯৫০০০৫০৫,মোঃ খোরশেদ আলম,আয়েশা খাতুন,"আব্দুল ভুইয়ার বাড়ী, বাঘা ছাত্তার, সীতাকুন্ড, চট্টগ্রাম",১,Male
১২৩১,মোঃ শাহ আলম,১৫০২৯৫০০০৫০৬,মোঃ আবুল কাশেম,জাহানারা বেগম,"উঃ বগাচতর, সাইদপুর, সীতাকুন্ড, চট্টগ্রাম",১,Male
১২৩২,মোহাম্মদ আলমগীর কবির,১৫০২৯৫০০০৫০৭,মোহাম্মদ আনোয়ারুল করিম,জাহানারা বেগম,"গোলাম নূর মাঃ বাড়ী, বাঘা ছাত্তার, সীতাকুন্ড, চট্টগ্রাম",১,Male
১২৩৩,নূরুল মোস্তফা,১৫০২৯৫০০০৫০৯,নূরুল ইসলাম,মায়মুনা খাতুন,"ধনকাজির বাড়ী, বাঘা ছাত্তার, সীতাকুন্ড, চট্টগ্রাম",১,Male
১২৩৪,আক্তার হোসেন,১৫০২৯৫০০০৫১০,মুলকুতের রহমান,আমেনা খাতৃন,"বাঘা ছাত্তার, সীতাকুন্ড, চট্টগ্রাম",১,Male
১২৩৫,মোবারক হোসেন রাসেল,১৫০২৯৫০০০৫১২,মোঃ আবদুল আউয়াল,মোছাঃ ছালেহা বেগম,"হেঁদু ভূইয়া বাড়ী, উঃ বশরতনগর, সীতাকুন্ড, চট্টগ্রাম",১,Male
১২৩৬,শামছুদ্দীন,১৫০২৯৫০০০৫১৩,মোহাম্মদ জাকারিয়া,কহিনূর বেগম,"হাবিব উল্যা্যা মীর বাড়ী, উত্তর বগাচতর, সৈয়দপুর, সীতাকুন্ড, চট্টগ্রাম১২৩৭. মাইগ্রেট হয়েছে",১,Male
১২৩৮,মোঃ আনোয়ার হোসেন,১৫০২৯৫০০০৫১৫,মোঃ নূরুল গনী,হুর জাহান,"জমাদার বাড়ী, উত্তর বগাচতর, সীতাকুন্ড, চট্টগ্রাম",১,Male
১২৩৯,মোহাম্মদ ইিছ মিয়া,১৫০২৯৫০০০২৪৬,মোহাম্মদ ফজলুল হক,ছকিনা খাতুন,"গোলদার বাড়ি, উত্তর বগাচতর, সীতাকুন্ড, চট্টগ্রাম৬৯চূড়ান্ত ভোটার তালিকাজেলা:চট্টগ্রামউপজেলা:সীতাকুন্ডইউনিয়ন:সৈয়দপুরডাকঘর:সীতাকুন্ডভোটার এলাকার কোড: ০২৯৫ভোটার এলাকার নাম: উত্তর বগাচতর",১,Male
১২৪০,ইমাম হোসাইন,১৫০২৯৫০০০৬২৭,শাহ আলম,রাজিয়া আকতার,"উত্তর বগাচতর, বগাচতর, সীতাকুন্ড, চট্টগ্রাম",১,Male
১২৪১,মোঃ আলমগীর,১৫০২৯৫০০০১৭৯,মোঃ আলী হোসেন,নূরজাহান,"ওয়াদুল হক মাঝি বাড়ী, বাঘা ছাত্তার, সীতাকুন্ড, চট্টগ্রাম",১,Male
১২৪২,সাহাদাৎ হোসেন,১৫০২৯৫০০০১৮৬,শহিদ উল্যাাহ,জাহানারা বেগম,"কেরামত আলীর বাড়ী, উঃ বগাচতর, বাঘা ছাত্তার, সীতাকুন্ড, চট্টগ্রাম",১,Male
১২৪৩,মোঃ আরিফ হোসাইন,১৫০২৯৫০০০১৯২,আবদুল মালেক,সাফিয়া খাতুন,"বাঘা ছাত্তার, সীতাকুন্ড, চট্টগ্রাম",১,Male
১২৪৪,আব্দুল খালেক,১৫০২৯৫০০০২০২,আবদুল আওয়াল,সাহেদা আক্তার,"হাজী গোলামনূর মাার বাড়ী, উঃ বগা চতর, বগা চতর, সীতাকুন্ড, চট্টগ্রাম",১,Male
১২৪৫,নাজমুল ইসলাম,১৫০২৯৫০০০২১১,সিরাজুল ইসলাম,ছেনোয়ারা বেগম,"আাস মিয়ার বাড়ী, বাঘা ছাত্তার, সীতাকুন্ড, চট্টগ্রাম",১,Male
১২৪৬,রবিউল হোসেন,১৫০২৯৫০০০২১৬,মহিন উদ্দীন,ফরিদা ইয়াসমিন,"বকির বলির বাড়ী, উঃ বগাচতর, বাঘা ছাত্তার, সীতাকুন্ড, চট্টগ্রাম",১,Male
১২৪৭,মোহাম্মদ মোবারক হোসেন,১৫০২৯৫০০০২৩১,নূরুল আবছার,কামরুন নাহার,"গাফারী চেয়ারম্যান এর বাড়ী, বাঘা ছাত্তার, সীতাকুন্ড, চট্টগ্রাম",১,Male
১২৪৮,জাবেদ ইকবাল,১৫০২৯৫০০০২৪২,মোহাম্মদ নূরুন নবী,রহিমা খানম,"হুরমোতের বাড়ির পাশে, বগাচতর, সীতাকুন্ড, চট্টগ্রাম",১,Male
১২৪৯,মোহাম্মদ মনজুর মোরশেদ,১৫০২৯৫০০০২৭৭,মোঃ শেখ শাদী,ফাতেমা আক্তার,"আঃ মুনাফ সওদাগর বাড়ী, বগাচতর, সীতাকুন্ড, চট্টগ্রাম",১,Male
১২৫০,নাছির উদ্দিন,১৫০২৯৫০০০২৯২,আবু তাহের,ফিরোজা বেগম,"কেরামত আলী বাড়ির পাশে, বগাচতর, সীতাকুন্ড, চট্টগ্রাম১২৫১. মাইগ্রেট হয়েছে",১,Male
১২৫২,মোঃ মাসুদ রানা,১৫০২৯৫০০০৩২০,নূরুল ইসলাম,নূরুন নাহার,"মুনছুর কাজী বাড়ী, বাঘা ছাত্তার, সীতাকুন্ড, চট্টগ্রাম",১,Male
১২৫৩,মোঃ রবিউল হোসেন পলাশ,১৫০২৯৫০০০৩৪৫,জাহাঙ্গীর আলম,বেগম,"উঃ বগাচতর, বগাচতর, সীতাকুন্ড, চট্টগ্রাম",১,Male
১২৫৪,নিজাম উদ্দীন,১৫০২৯৫০০০৩৬২,মোঃ আবুল হাশেম,নূর নাহার বেগম,"উঃ বগাচতর, বগাচতর, সীতাকুন্ড, চট্টগ্রাম",১,Male
১২৫৫,মোঃ নূর হোসেন সুজন,১৫০২৯৫০০০৩৬৫,মো: জসিম উদ্দিন,রহিমা বেগম,"রাজ মিয়া চোধুরী বাড়ী, বাঘা ছাত্তার, সীতাকুন্ড, চট্টগ্রাম",১,Male
১২৫৬,মোঃ নূরুল আলম,১৫০২৯৫০০০৩৬৯,রৌশনের জামান,ছকিনা খাতুন,"উঃ বগাচতর, বগাচতর, সীতাকুন্ড, চট্টগ্রাম",১,Male
১২৫৭,তারেক রহমান,১৫০২৯৫০০০৩৭৩,নূরুল ইসলাম,সুলতানা রাজিয়া,"বগাচতর, সীতাকুন্ড, চট্টগ্রাম৭০চূড়ান্ত ভোটার তালিকাজেলা:চট্টগ্রামউপজেলা:সীতাকুন্ডইউনিয়ন:সৈয়দপুরডাকঘর:সীতাকুন্ডভোটার এলাকার কোড: ০২৯৫ভোটার এলাকার নাম: উত্তর বগাচতর ১২৫৮. মাইগ্রেট হয়েছে",১,Male
১২৫৯,মোহাম্মদ শহীদুল ইসলাম,১৫০২৯৫০০০৩৯০,নূর আলম,নয়ন তারা,"বাহারের বাড়ির পাশে, বগাচতর, সীতাকুন্ড, চট্টগ্রাম",১,Male
১২৬০,মোঃ মেজবাহ উদ্দীন,১৫০২৯৫০০০৪০০,মফিজুর রহমান,চেমনা আোজ বেগম,"মান সফি ভূইয়া বাড়ী, বগাচতর, সীতাকুন্ড, চট্টগ্রাম",১,Male
১২৬১,মোহাম্মদ আজিম,১৫০২৯৫০০০৪২৪,ফকির আহমদ,ছেমনা আফরোজ,"নূর আহম্মেদ সারেং বাড়ী, বাঘা ছাত্তার, সীতাকুন্ড, চট্টগ্রাম",১,Male
১২৬২,মুহাম্মদ নূর উদ্দিন,১৫০২৯৫০০০৪৩৪,নূরের জামান,তাহেরুন নেছা,"নূর আহম্মেদ সারেং বাড়ী, বাঘা ছাত্তার, সীতাকুন্ড, চট্টগ্রাম",১,Male
১২৬৩,আলমগীর হোসেন,১৫০২৯৫০০০৪৩৭,ওসমসান গণি,আয়েশা বেগম,"নূর আহম্মদ সারেং বাড়ী, বাঘা ছাত্তার, সীতাকুন্ড, চট্টগ্রাম",১,Male
১২৬৪,মাইনূল হোসাইন,১৫০২৯৫০০০৪৫৪,সামছুল আলম,আছিয়া বেগম,"কেরামত আলী সাওদাগর বাড়ী, উঃ বগাচতর, বগাচতর, সীতাকুন্ড, চট্টগ্রাম",১,Male
১২৬৫,মুহাম্মদ সাইফুর রহমান,১৫০২৯৫০০০৪৬২,মুহাম্মদ ওবায়দুর রহমান,সালমা আক্তার,"রফিউজ্জামান মাস্টার বাড়ি, বগাচতর, সীতাকুন্ড, চট্টগ্রাম",১,Male
১২৬৬,মোঃ আমজাদ হোসেন,১৫০২৯৫০০০৪৬৮,মোঃ আবুল হোসেন,জাহানারা বেগম,"সেকেন্দাার ভু◌্ইয়া বাড়ী, বাঘা ছাত্তার, সীতাকুন্ড, চট্টগ্রাম",১,Male
১২৬৭,তারেক হোসেন,১৫০২৯৫০০০৪৭৬,বফিউর জামান,মনোয়ারা বেগম,"আমানূল্যাাহ এর বাড়ী, বাঘা ছাত্তার, সীতাকুন্ড, চট্টগ্রাম",১,Male
১২৬৮,অজ্জুন দাস,১৫০২৯৫০০০১৯৩,াম চরন,বৃহতি,"উঃ বগাচতর, বগাচতর, সীতাকুন্ড, চট্টগ্রাম",১,Male
১২৬৯,মোঃ মনজুর হোসেন,১৫০২৯৫০০০২০১,মোঃ নূরুল মোস্তফা,নিলুফা সুলতানা,"উত্তর বগাচতর, বগাচতর, সীতাকুন্ড, চট্টগ্রাম",১,Male
১২৭০,মোঃ মুসলিম উদ্দীন,১৫০২৯৫০০০২২১,মোস্তফা কামাল,মনোয়ারা বেগম,"মুছা কাজী বাড়ী, কেদারেরখিল, সীতাকুন্ড, চট্টগ্রাম",১,Male
১২৭১,রাধা নাথ,১৫০২৯৫০০০২২৫,প্রিয় লাল দাস,জোৎা বালা দাস,"বাঘা ছাত্তার, সীতাকুন্ড, চট্টগ্রাম",১,Male
১২৭২,খুদিরাম,১৫০২৯৫০০০২৩২,শ্রীী ধাম,মন তুষী,"জেলে পাড়া, বাঘা ছাত্তার, সীতাকুন্ড, চট্টগ্রাম",১,Male
১২৭৩,মোহাম্মদ জসিম উদ্দিন,১৫০২৯৫০০০২৫২,মোঃ বদিউল আলম,ফয়েজের নেছা,"হাালীর বাড়ী, বগাচতর, সীতাকুন্ড, চট্টগ্রাম",১,Male
১২৭৪,মোহাম্মদ জাহেদ হোসেন,১৫০২৯৫০০০২৬৩,জাহাংগীর আলম,আনোয়ারা বেগম,"জাকিন হোসেন বাড়ী, বাঘা ছাত্তার, সীতাকুন্ড, চট্টগ্রাম",১,Male
১২৭৫,আশরাফ হোসাইন,১৫০২৯৫০০০২৬৮,জামাল উল্যা্যাহ,হোসনে আরা বেগম,"আ: মুনাফের বাড়ির পাশে, বগাচতর, সীতাকুন্ড, চট্টগ্রাম৭১চূড়ান্ত ভোটার তালিকাজেলা:চট্টগ্রামউপজেলা:সীতাকুন্ডইউনিয়ন:সৈয়দপুরডাকঘর:সীতাকুন্ডভোটার এলাকার কোড: ০২৯৫ভোটার এলাকার নাম: উত্তর বগাচতর",১,Male
১২৭৬,মোহাম্মদ নঈম উদ্দীন লিটন,১৫০২৯৫০০০২৬৯,মোহাম্মদ নূরুল আবছার,বিবি হাজেরা,"রেরী বাধ, উঃ বগাচতর, বগাচতর, সীতাকুন্ড, চট্টগ্রাম",১,Male
১২৭৭,মোহাম্মদ কামরুল হোসেন,১৫০২৯৫০০০২৭৪,মোঃ আবুল হোসেন,সাহানা আক্তার,"উঃ বগাচতর, বগাচতর, সীতাকুন্ড, চট্টগ্রাম",১,Male
১২৭৮,নূর উদ্দীন,১৫০২৯৫০০০২৮০,আনোয়ার আলী,জরিনা খাতুন,"বেরী বাদ, উঃ বগাচতর, বগাচতর, সীতাকুন্ড, চট্টগ্রাম",১,Male
১২৭৯,মোহাম্মদ আবুল হোসেন,১৫০২৯৫০০০২৯৬,আমিনূল হক,হালিমা খাতুন,"তোয়ানী মীর বাড়ী, বাঘা ছাত্তার, সীতাকুন্ড, চট্টগ্রাম",১,Male
১২৮০,আইয়ুব খঁান,১৫০২৯৫০০০৩০৪,মোঃ ইউছুপ,রহিমা বেগম,"ইউছুপের বাড়ী, উঃ বগাচতর, বগাচতর, সীতাকুন্ড, চট্টগ্রাম",১,Male
১২৮১,তাজুল ইসলাম,১৫০২৯৫০০০৩০৫,শামছুল হক,কোরফুলা,"নূরের বাড়ির পাশে, বগাচতর, সীতাকুন্ড, চট্টগ্রাম",১,Male
১২৮২,জাহেদুল ইসলাম,১৫০২৯৫০০০৩১১,নূর হোসেন,ফরিদা বেগম,"রবিউলের বাড়ির পাশে, বগাচতর, সীতাকুন্ড, চট্টগ্রাম",১,Male
১২৮৩,মোহাম্মদ ওহিদুল ইসলাম,১৫০২৯৫০০০৩১২,মোঃ মাহফুজুল হক,জেসমিন আক্তার,"উঃ বগাচতর, বগাচতর, সীতাকুন্ড, চট্টগ্রাম",১,Male
১২৮৪,রুপন দাস,১৫০২৯৫০০০৩৩২,সু মঙ্গল দাস,ননী বালা,"উঃ বগাচতর, বগাচতর, সীতাকুন্ড, চট্টগ্রাম",১,Male
১২৮৫,মোহাম্মদ মুসলিম উদ্দীন,১৫০২৯৫০০০৩৪০,রুহুল আমিন,ছকিনা খাতুন,"উঃ বগাচতর, বগাচতর, সীতাকুন্ড, চট্টগ্রাম",১,Male
১২৮৬,মোহাম্মদ আরিফ হোসেন,১৫০২৯৫০০০৩৪৭,ফারুক উদ্দিন,নূর জাহান বেগম,"উঃ বগাচতর, বগাচতর, সীতাকুন্ড, চট্টগ্রাম",১,Male
১২৮৭,মাঈনূল হোসেন,১৫০২৯৫০০০৩৪৮,দেলোয়ার হোসেন,বেবী আকতার,"দেলোয়ারের বাড়ির পাশে, বগাচতর, সীতাকুন্ড, চট্টগ্রাম",১,Male
১২৮৮,কামরুল হাসান,১৫০২৯৫০০০৩৬৭,মোঃ নিজামুল হক,সাফিয়া কেগম,"মুদী গোলাম মাার বাড়ী, বাঘা ছাত্তার, সীতাকুন্ড, চট্টগ্রাম",১,Male
১২৮৯,মাসুম পারভেজ,১৫০২৯৫০০০৩৭৯,মোস্তফা কামাল,মনোয়ারা বেগম,"মুছা হাজী বাড়ী, বাঘা ছাত্তার, সীতাকুন্ড, চট্টগ্রাম",১,Male
১২৯০,হাছান কাওছার,১৫০২৯৫০০০৪০৫,মোঃ নূরুন নবী,রহিমা খানম,"উঃ বগাচতর, বগাচতর, সীতাকুন্ড, চট্টগ্রাম",১,Male
১২৯১,মুক্তার হোসেন,১৫০২৯৫০০০৪৩১,ওসমান গণি,আয়েশা বেগম,"নূর আহমেদ সারেং বাড়ী, উঃ বগাচতর, বগাচতর, সীতাকুন্ড, চট্টগ্রাম",১,Male
১২৯২,তহিদুল ইসলাম,১৫০২৯৫০০০৪৫৮,ইয়াছিন,নূরের নাসর,"ছদিক মৌলভী বাড়ী, বাঘা ছাত্তার, সীতাকুন্ড, চট্টগ্রাম",১,Male
১২৯৩,সোহরাব হোসেন মন্জু,১৫০২৯৫০০০৪৬৬,মোহাম্মদ হোসেন,হাছিনা আক্তার,"মুছা কাজী বাড়ী, বাঘা ছাত্তার, সীতাকুন্ড, চট্টগ্রাম৭২চূড়ান্ত ভোটার তালিকাজেলা:চট্টগ্রামউপজেলা:সীতাকুন্ডইউনিয়ন:সৈয়দপুরডাকঘর:সীতাকুন্ডভোটার এলাকার কোড: ০২৯৫ভোটার এলাকার নাম: উত্তর বগাচতর",১,Male
১২৯৪,মোহাম্মদ মোরশেদ,১৫০২৯৫০০০৪৭৫,মোহাম্মদ ফকির আহমদ,আয়েশা খাতুন,"আদুলের বাড়ির পাশে, বগাচতর, সীতাকুন্ড, চট্টগ্রাম",১,Male
১২৯৫,ফজলুল করিম শিবলু,১৫০২৯৫০০০৪৮৬,শাহাব উদ্দীন,শাহিনা,"লাতু চকিদারের বাঢ়ী, বাঘা ছাত্তার, সীতাকুন্ড, চট্টগ্রাম",১,Male
১২৯৬,লিটন চন্দ্রজল দাস,১৫০২৯৫০০০৪৯৯,জয়হরি জলদাস,রানা বালা,"জলদাসের বাড়ির পাশে, বগাচতর, সীতাকুন্ড, চট্টগ্রাম",১,Male
১২৯৭,রুহি জলদাস,১৫০২৯৫০০০৫০৮,বাবুল জল দাস,গীতা রানী জলদাস,"জলদাস বাড়ী, বাঘা ছাত্তার, সীতাকুন্ড, চট্টগ্রাম",১,Male
১২৯৮,মোঃ সাদেক হোসেন,১৫০২৯৫০০০১৮১,মুহাম্মদ আবু ছাঈদ,উম্মে কুমছুম,"উত্তর বগাচতর, বগাচতর, সীতাকুন্ড, চট্টগ্রাম",১,Male
১২৯৯,মোঃ তানভীর হাসান,১৫০২৯৫০০০২০০,মোঃ একরামুল হক,নূরনাহার বেগম,"বদী-ঊ-জ্জামা হাজী বাড়ী, বাঘা ছাত্তার, সীতাকুন্ড, চট্টগ্রাম",১,Male
১৩০০,মোহাম্মদ তানভীর হাসান ভূইয়া,১৫০২৯৫০০০২০৩,মোহাম্মদ নূরুন নবী,শিরিনা আক্তার,"মান শফি ভুইয়া বাড়ী, বগাচতর, সীতাকুন্ড, চট্টগ্রাম",১,Male
১৩০১,গোলাম নূর,১৫০২৯৫০০০২০৯,নূর ইসলাম,রুবি আক্তার,"উঃ বগানগর, বগানগর, সীতাকুন্ড, চট্টগ্রাম",১,Male
১৩০২,মোহাম্মদ রহিম উদ্দীন,১৫০২৯৫০০০২১৮,মোহাম্মদ নূরুন নবী,ফরিদা বেগম,"উঃ বগাচতর, বগাচতর, সীতাকুন্ড, চট্টগ্রাম",১,Male
১৩০৩,বিল্যাা মঙ্গল,১৫০২৯৫০০০২৩৯,হরিম মহন,চাতক বালা,"বাঘা ছাত্তার, সীতাকুন্ড, চট্টগ্রাম১৩০৪. মাইগ্রেট হয়েছে",১,Male
১৩০৫,আবু ছালেক,১৫০২৯৫০০০২৫০,নূর মোহাম্মদ,ফেরদাউস,"উঃ বগাচতর, বগাচতর, সীতাকুন্ড, চট্টগ্রাম",১,Male
১৩০৬,ঠাকুর দাস,১৫০২৯৫০০০২৫৫,বাবুল দাস,সীতা রানী,"জলেদাস বাড়ির পাশে, বগাচতর, সীতাকুন্ড, চট্টগ্রাম",১,Male
১৩০৭,আবু ছালেক,১৫০২৯৫০০০২৫৮,আবুল কালাম,নূর নাহার বেগম,"আমিনের বাড়ী, উঃ বাগচতর, বাগচতর, সীতাকুন্ড, চট্টগ্রাম",১,Male
১৩০৮,জামশেদ হোসেইন,১৫০২৯৫০০০২৬২,মোঃ সফিকুল ইসলাম,কহিনূর বেগম,"উঃ বগাচতর, বগাচতর, সীতাকুন্ড, চট্টগ্রাম",১,Male
১৩০৯,মোঃ মনিরুজ্জামান,১৫০২৯৫০০০২৭১,আশরাফুজ্জামান,শাহানা বেগম,"রাজা মিয়া চৌং বাড়ী, বাঘা ছাত্তার, সীতাকুন্ড, চট্টগ্রাম",১,Male
১৩১০,জাহেদুল ইসলাম,১৫০২৯৫০০০২৭৩,মোঃ আলমগীর হোসেন,রেহেনা আক্তার,"বাঘা ছাত্তার, সীতাকুন্ড, চট্টগ্রাম",১,Male
১৩১১,মোঃ জাহেদ হোসেন,১৫০২৯৫০০০২৮৯,মোঃ আবুল কালাম,জোসনা বেগম,"আমানউল্যাাহর বাড়ির পাশে, বগাচতর, সীতাকুন্ড, চট্টগ্রাম৭৩চূড়ান্ত ভোটার তালিকাজেলা:চট্টগ্রামউপজেলা:সীতাকুন্ডইউনিয়ন:সৈয়দপুরডাকঘর:সীতাকুন্ডভোটার এলাকার কোড: ০২৯৫ভোটার এলাকার নাম: উত্তর বগাচতর",১,Male
১৩১২,মোঃ ইলিয়াস,১৫০২৯৫০০০২৯০,আলী আকবর,রানী আক্তার,"উত্তর বগাতচর, বগাচতর, সীতাকুন্ড, চট্টগ্রাম",১,Male
১৩১৩,মুহাম্মদ আব্দুর রহমান,১৫০২৯৫০০০২৯৮,মোঃ নূরুল ইসলাম,পারভীন আক্তার,"আাস মিয়া বাড়ী, বাঘা ছাত্তার, সীতাকুন্ড, চট্টগ্রাম",১,Male
১৩১৪,মাইনূল হুদা,১৫০২৯৫০০০৩০৩,সামছুল হুদা,সাজেদা আকতার,"হোসেনের বাড়ির পাশে, বগাচতর, সীতাকুন্ড, চট্টগ্রাম",১,Male
১৩১৫,মোঃ নাজিম উদ্দিন,১৫০২৯৫০০০৩১৩,মোঃ নূরুল মোস্তফা,আনোয়ারা বেগম,"তোয়ানী মীর বাড়ী, উঃ বগাচতর, বাঘা ছাত্তার, সীতাকুন্ড, চট্টগ্রাম",১,Male
১৩১৬,মোঃ মুসলিম উদ্দিন,১৫০২৯৫০০০৩১৫,আলী আকবর,ছকিনা বেগম,"উঃ বগাচতর, বগাচতর, সীতাকুন্ড, চট্টগ্রাম",১,Male
১৩১৭,মোহাম্মদ মাঈন উদ্দিন,১৫০২৯৫০০০৩২১,নূরুল ইসলাম,নূরুন নাহার,"মনূছরের বাড়ির পাশে, বগাচতর, সীতাকুন্ড, চট্টগ্রাম",১,Male
১৩১৮,মোঃ আবু হানিফ,১৫০২৯৫০০০৩২৮,মো: ইিস,শরিফা বেগম,"ইিস সওদাগরের বাড়ী, উ: বগাচতর, বাঘা ছাত্তার, সীতাকুন্ড, চট্টগ্রাম",১,Male
১৩১৯,মোঃ রাসেল,১৫০২৯৫০০০৩৩৫,মোঃ রবিউল আলম,আজিফা বেগম,"উঃ বগাচতর, বগাচতর, সীতাকুন্ড, চট্টগ্রাম",১,Male
১৩২০,ছিবগাতুল্যাাহ খালেদ,১৫০২৯৫০০০৩৫২,আবদুর রহিম,ছেমনা আফরোজ,"শাম মাঝিড বাড়ী, বাঘা ছাত্তার, সীতাকুন্ড, চট্টগ্রাম",১,Male
১৩২১,সাজ্জাদ হোসাইন,১৫০২৯৫০০০৩৬০,রবিউল হোসাইন,শাহানা আক্তার,"হাফেজ রবিউল হোসেন বাড়ী, উঃ বাঘা ছাত্তার, বাঘা ছাত্তার, সীতাকুন্ড, চট্টগ্রাম",১,Male
১৩২২,মোঃ নূর উন নবী,১৫০২৯৫০০০৩৮৫,মোঃ নূরের ছাফা,নূর বানূ,"লমির বাড়ী, বাঘা ছাত্তার, সীতাকুন্ড, চট্টগ্রাম",১,Male
১৩২৩,মোঃ মাইনূউদ্দিন,১৫০২৯৫০০০৩৯৬,মোঃ খোরশেদ আলম,অজিবা খাতুন,"হাবিব উল্যাাহর বাড়ির পাশে, বগাচতর, সীতাকুন্ড, চট্টগ্রাম",১,Male
১৩২৪,মোহাম্মদ আবু মুছা,১৫০২৯৫০০০৩৯৭,মাহমুদুল হক,সাফিয়া আক্তার,"হাবিব উল্যাাহ মীর বাড়ী, বাঘা ছাত্তার, সীতাকুন্ড, চট্টগ্রাম",১,Male
১৩২৫,মোঃ সাইফুল ইসলাম,১৫০২৯৫০০০৪০৪,নূর মোহাম্মদ,জাহানারা বেগম,"মোক্তার আলী বাড়ির পাশে, বগাচতর, সীতাকুন্ড, চট্টগ্রাম",১,Male
১৩২৬,নাঈম উদ্দীন,১৫০২৯৫০০০৪২২,তোফায়েল আহমেদ,রিজিয়া বেগম,"হোসেনের বাড়ির পাশে, বগাচতর, বগাচতর, সীতাকুন্ড, চট্টগ্রাম",১,Male
১৩২৭,তহিদুল ইসলাম,১৫০২৯৫০০০৪৩৩,মোঃ করিমুল্যাাহ,জাহেদা বেগম,"উঃ বগাচতর, বগাচতর, সীতাকুন্ড, চট্টগ্রাম",১,Male
১৩২৮,মোহাং আব্দুল্যাাহ,১৫০২৯৫০০০৪৩৫,নূরুল আবছার,রিজিয়া বেগম,"নূর আহম্মদের বাড়ির পাশে, বগাচতর, সীতাকুন্ড, চট্টগ্রাম",১,Male
১৩২৯,মেজবাহ উদ্দিন,১৫০২৯৫০০০৪৫৩,কামাল উদ্দীন,হোসনেআরা বেগম,"ছাদিকের বাড়ির পাশে, বগাচতর, সীতাকুন্ড, চট্টগ্রাম৭৪চূড়ান্ত ভোটার তালিকাজেলা:চট্টগ্রামউপজেলা:সীতাকুন্ডইউনিয়ন:সৈয়দপুরডাকঘর:সীতাকুন্ডভোটার এলাকার কোড: ০২৯৫ভোটার এলাকার নাম: উত্তর বগাচতর",১,Male
১৩৩০,মোহাম্মদ জিয়া উদ্দীন,১৫০২৯৫০০০৪৫৫,মোঃ কামাল উদ্দীন,হোসনেআরা বেগম,"ছদিক মৌলভী বাড়ী, উত্তর বগাচতর, বগাচতর, সীতাকুন্ড, চট্টগ্রাম",১,Male
১৩৩১,সুধীর জলদাস,১৫০২৯৫০০০৪৫৬,নিমাই জলদাস,রসো বালা,"বাঘা ছাত্তার, সীতাকুন্ড, চট্টগ্রাম",১,Male
১৩৩২,এমরান হোসাইন,১৫০২৯৫০০০৪৬৪,আহম্মদ ছোবাহান,নাজমা বেগম,"মুছা হাজী বাড়ী, উত্তর বগাচতর, সীতাকুন্ড, চট্টগ্রাম",১,Male
১৩৩৩,মোঃ মহসিন উদ্দিন,১৫০২৯৫০০০৪৮৫,মোঃ আবুল কাশেম,আনোয়ারা,,১,Male
১৩৩৪,নূরুল ইসলাম,১৫০২৯৫০০০৪৯৭,নূরুল আলম,আলেয়া বেগম,"শফি সওদাগরের বাড়ী, উঃ বগাচতর, বগাচতর, সীতাকুন্ড, চট্টগ্রাম",১,Male
১৩৩৫,আরিফ হোসেন,১৫০২৯৫০০০৫০০,নূরুল মোস্তফা,জাহানারা বেগম,"মুছা হাজী বাড়ী, উঃ বগাচতর, বগাচতর, সীতাকুন্ড, চট্টগ্রাম",১,Male
১৩৩৬,মোঃ সোহরাব হোসেন ভূঁইয়া,১৫০২৯৫০০০৫১৬,মোঃ আবু হেনা মোস্তফা কামাল ভূঁইয়া,আনোয়ারা বেগম,"তোফর আলী ভূইয়া বাড়ি, বগাচতর, বাঘা ছাত্তার, সীতাকুন্ড, চট্টগ্রাম",১,Male
১৩৩৭,জাহাংগীর আলম,১৫০২৯৫০০০৫১৭,আহম্মদ হোসেন,জরিনা খাতুন,"আমান উল্যাাহ মুহুরী বাড়ি, বগাচতর, সীতাকুন্ড, চট্টগ্রাম",১,Male
১৩৩৮,বি চন্দ্র দাস,১৫০২৯৫০০০৫১৯,মানিক চন্দ্র দাস,খুকি রানী দাস,"বজেন্দ্র কবিরাজ বাড়ী, উত্তর বগাচতর, বগাচতর, সীতাকুন্ড, চট্টগ্রাম",১,Male
১৩৩৯,নিদুল বাবু জলদাস,১৫০২৯৫০০০৫২১,জগন্নাথ বাবু,নিদু বালা,"অনন্ত কুমার জলদাসের বাড়ি, উত্তর বগাচত্তর, বগাচত্তর, সীতাকুন্ড, চট্টগ্রাম",১,Male
১৩৪০,কৃষ্ণ চন্দ্র দাশ,১৫০২৯৫০০০৫২২,হরি মোহন,চাতক বালা,"উঃ বগাচতর, বগাচতর, সীতাকুন্ড, চট্টগ্রাম",১,Male
১৩৪১,বিকাশ চন্দ্র দাশ,১৫০২৯৫০০০৫২৪,রবীন্দ্র,রুপী তারা,"চুল্যাা বাপের বাড়ি, উত্তর বগাচতর, বাঘা ছাত্তার, সীতাকুন্ড, চট্টগ্রাম",১,Male
১৩৪২,ধুদী জলদাশ,১৫০২৯৫০০০৫২৫,ধনবাসী,যমুনা,"কালী কৃষ্ণ জলদাশ বাড়ি, বগাচতর, সীতাকুন্ড, চট্টগ্রাম",১,Male
১৩৪৩,লতিয়া জলদাশ,১৫০২৯৫০০০৫২৭,তেজেন্দ্র জলদাশ,মিলন বালা,"বালী কৃষ্ণ জলদাসের বাড়ি, উত্তর বগাচতর, বগাচতর, সীতাকুন্ড, চট্টগ্রাম",১,Male
১৩৪৪,নজরুল ইসলাম,১৫০২৯৫০০০৫৩২,সামছুল হক,করফুলেন্নেছা,"নূর মোহাম্মদ সারেং বাড়ি, বগাচতর, সীতাকুন্ড, চট্টগ্রাম",১,Male
১৩৪৫,গোবিন্দা জলদাশ,১৫০২৯৫০০০৫৩৪,ভগিরথ জলদাস,বিষকা জলদাশ,"অনন্ত কুমার জলদাস বাড়ীঙ, উত্তর বগাচতর, বগাচতর, সীতাকুন্ড, চট্টগ্রাম",১,Male
১৩৪৬,মোঃ গোফরান,১৫০২৯৫০০০৫৩৫,মোঃ রুহুল আমিন,আয়েশা খাতুন,"মোক্রম আলী সারেং বাড়ী, উঃ বগাচতর, বগাচতর, সীতাকুন্ড, চট্টগ্রাম",১,Male
১৩৪৭,মোঃ তৈয়মুর রহমান,১৫০২৯৫০০০৫৩৭,মফিজুর রহমান ভূঁইয়া,মনোয়ারা বেগম,"তোফর আলী ভূঁইয়া বাড়ি, উত্তর বগাচতর, বগাচতর, সীতাকুন্ড, চট্টগ্রাম৭৫চূড়ান্ত ভোটার তালিকাজেলা:চট্টগ্রামউপজেলা:সীতাকুন্ডইউনিয়ন:সৈয়দপুরডাকঘর:সীতাকুন্ডভোটার এলাকার কোড: ০২৯৫ভোটার এলাকার নাম: উত্তর বগাচতর",১,Male
১৩৪৮,মুহাম্মদ শরিফুল ইসলাম চৌধুরী,১৫০২৯৫০০০৫৪১,মোহাম্মদ আবুল খায়ের চৌধুরী,মোছাৎ শামিমা আক্তার,"রাজা মিয়া চৌৎ, উঃ বগাচতর, বাঘা ছাত্তার, সীতাকুন্ড, চট্টগ্রাম",১,Male
১৩৪৯,মোঃ বোরহান উদ্দীন,১৫০২৯৫০০০৫৪২,মোঃ মফিজুর রহমান,সাহেরা খাতুন,"ওমর খঁা পাঠান, উঃ বগাচতর, বাঘা ছাত্তার, সীতাকুন্ড, চট্টগ্রাম",১,Male
১৩৫০,মাঈনূল হাসান,১৫০২৯৫০০০৫৪৩,সিরাজুল ইসলাম,নিলুফা আক্তার,"আকরম গোলদার বাড়ী, উত্তর বগাচতর, বগাচতর, সীতাকুন্ড, চট্টগ্রাম",১,Male
১৩৫১,মোঃ করিম,১৫০২৯৫০০০৫৪৪,তোফায়েল আহাম্মদ,ছেমনা খাতুন,"লাল মোহন গোমস্তার বাড়ী, উত্তর বগাচতর, বগাচতর, সীতাকুন্ড, চট্টগ্রাম",১,Male
১৩৫২,মুক্তার,১৫০২৯৫০০০৫৪৫,মুলকুত,আমেনা বেগম,"হুরমত খঁা বাড়ি, উত্তর বগাচত্তর, বগাচত্তর, সীতাকুন্ড, চট্টগ্রাম",১,Male
১৩৫৩,মোঃ নূরুল আমিন,১৫০২৯৫০০০৫৪৮,মুক্তার হোসেন,আছমা বেগম,"আব্দুল ভূঁইয়া বাড়ি, উত্তর বগাচতর, বাঘা ছাত্তার, সীতাকুন্ড, চট্টগ্রাম",১,Male
১৩৫৪,মীর আলা উদ্দীন,১৫০২৯৫০০০৫৪৯,মীর আবুল মুনসুর,ছেনোয়ারা বেগম,"হুরমত খঁা বাড়ি, উত্তর বগাচত্তর, বগাচত্তর, সীতাকুন্ড, চট্টগ্রাম",১,Male
১৩৫৫,মোঃ মাঈনূল হাসান,১৫০২৯৫০০০৫৫১,সিরাজউদদৌলা,বিবি খাদিজা,"মোক্রম আলী সারেং বাড়ি, উত্তর বগাচতর, বগাচতর, সীতাকুন্ড, চট্টগ্রাম",১,Male
১৩৫৬,রসুল খঁান,১৫০২৯৫০০০৫৫৩,আজিমুল হক,নূর নাহার বেগম,"হুরমত খঁা বাড়ি, উত্তর বগাচত্তর, বগাচত্তর, সীতাকুন্ড, চট্টগ্রাম",১,Male
১৩৫৭,নূরুল হুদা,১৫০২৯৫০০০৫৫৪,নূরুল আবছার,ছেমনা আক্তার,"মৌঃ হোসেনে জামানের বাড়ি, বাঘা ছাত্তার, সীতাকুন্ড, চট্টগ্রাম",১,Male
১৩৫৮,মোঃ দিদারুল আলম,১৫০২৯৫০০০৫৫৫,রোশনেজ্জামান,কাু বিবি,"বাহার মাঝি বাড়ি, বগাচতর, সীতাকুন্ড, চট্টগ্রাম",১,Male
১৩৫৯,জাহিদুল ইসলাম,১৫০২৯৫০০০৫৫৬,নূরুল আলম,নয়ন তারা,"বাহার মাঝি বাড়ি, উত্তর বগাচত্তর, বগাচত্তর, সীতাকুন্ড, চট্টগ্রাম",১,Male
১৩৬০,আবু সিদ্দিক,১৫০২৯৫০০০৫৫৭,আওরঙ্গঁজেব,কামরুজ্জাহান,"আাস মিয়ার বাড়ি, উত্তর বগাচত্তর, বগাচত্তর, সীতাকুন্ড, চট্টগ্রাম",১,Male
১৩৬১,মোহাম্মদ বেলায়েত হোসেন,১৫০২৯৫০০০৫৫৮,আবুল হোসেন,নূরের নাহার,"আব্দুর রউফ হাজী বাড়ি, উত্তর বগাচতর, বগাচতর, সীতাকুন্ড, চট্টগ্রাম",১,Male
১৩৬২,মোঃ রাকিবুল হাসান,১৫০২৯৫০০০৫৫৯,আনোয়ারুল আজিম,বিবি মরিয়ম,"আাস মিয়ার বাড়ি, উত্তর বগাচত্তর, বগাচত্তর, সীতাকুন্ড, চট্টগ্রাম",১,Male
১৩৬৩,মোঃ আবদুল কাইয়ুম,১৫০২৯৫০০০৫৬২,নূরুল আলম,জাহানারা বেগম,"তোফর আলী ভূঁইয়ার বাড়ী, উঃ বগাচতর, বগাচতর, সীতাকুন্ড, চট্টগ্রাম",১,Male
১৩৬৪,আবুল কাসেম,১৫০২৯৫০০০৫৬৩,আলী আকবর,হাফেজা খাতুন,"হেদু ভূইয়া বাড়ী, উত্তর বগাচতর, বাঘা ছাত্তার, সীতাকুন্ড, চট্টগ্রাম",১,Male
১৩৬৫,নূর আবছার,১৫০২৯৫০০০৫৬৪,আব্দুল হক,বালি খাতুন,"ওবায়দুল হক মাঝি বাড়ী, উত্তর বগাচতর, সীতাকুন্ড, চট্টগ্রাম৭৬চূড়ান্ত ভোটার তালিকাজেলা:চট্টগ্রামউপজেলা:সীতাকুন্ডইউনিয়ন:সৈয়দপুরডাকঘর:সীতাকুন্ডভোটার এলাকার কোড: ০২৯৫ভোটার এলাকার নাম: উত্তর বগাচতর",১,Male
১৩৬৬,নিজাম উদ্দীন,১৫০২৯৫০০০৫৬৫,আবুল কালাম,ছাখা খাতুন,"লাল মোহন গোমস্তার বাড়ি, বাঘা ছাত্তার, সীতাকুন্ড, চট্টগ্রাম",১,Male
১৩৬৭,সাহাব উদ্দিন,১৫০২৯৫০০০৫৬৬,লেদু মিয়া,ছালেহা খাতুন,"হেদা ভূঁইয়ার বাড়ি, উত্তর বগাচতর, সীতাকুন্ড, চট্টগ্রাম",১,Male
১৩৬৮,আসলাম উদ্দীন,১৫০২৯৫০০০৫৬৭,আবুল মুনছুর,ছেনোয়ারা বেগম,"হুরমত খান ভূইয়া বাড়ি, উত্তর বগাচতর, বগাচতর, সীতাকুন্ড, চট্টগ্রাম",১,Male
১৩৬৯,মোঃ আলতাফ হোসেন,১৫০২৯৫০০০৫৬৮,মোঃ আবদুল্যাাহ,সেলিনা আক্তার,"হুরমত খান ভূঁইয়া বাড়ি, বগাচতর, সীতাকুন্ড, চট্টগ্রাম",১,Male
১৩৭০,মোঃ রাশেদ ইকবাল,১৫০২৯৫০০০৫৬৯,নূরুল মোস্তফা,রেহেনা বেগম,"লাল মোহন গোস্তা বাড়ি, উত্তর বগাচত্তর, বগাচত্তর, সীতাকুন্ড, চট্টগ্রাম",১,Male
১৩৭১,বাটিরাম জলদাশ,১৫০২৯৫০০০৫৭১,যুধিস্টির জলদাশ,টুনি বালা,"জলদাশ পাড়া, উঃ বগাচতর, বগাচতর, সীতাকুন্ড, চট্টগ্রাম",১,Male
১৩৭২,"এইচ, এমডি, আকিব জাবেদ",১৫০২৯৫০০০৫৭২,মোঃ মীর মোশাররফ হোসেন,ফেরদৌস আরা বেগম,"হেদু ভূঁইয়া বাড়ি, উত্তর বগাচতর, বাঘা ছাত্তার, সীতাকুন্ড, চট্টগ্রাম",১,Male
১৩৭৩,মোহাম্মদ বোরহান উদ্দীন,১৫০২৯৫০০০৫৭৩,মোহাম্মদ ইাহীম,মোছাম্মৎ আংকুরের নেছা,"মোক্রম আলী সারেং বাড়ি, বগাচতর, সীতাকুন্ড, চট্টগ্রাম",১,Male
১৩৭৪,মোঃ মুসলিম উদ্দীন,১৫০২৯৫০০০৫৭৫,মোঃ ছাদাকাত উল্যাাহ,মোছাম্মৎ শাহানারা বেগম,"লমীর বাড়ী, উত্তর বগাচতর, বাঘা ছাত্তার, সীতাকুন্ড, চট্টগ্রাম১৩৭৫. মাইগ্রেট হয়েছে",১,Male
১৩৭৬,মোঃ নূর উদ্দীন,১৫০২৯৫০০০৫৮০,নূর আলম,রেখা,"কেরামত আলী বাড়ি, বাঘা ছাত্তার, সীতাকুন্ড, চট্টগ্রাম",১,Male
১৩৭৭,রাজীব দাস,১৫০২৯৫০০০৫৮২,অনাথ ব নাথ,রাধা রানী দাশ,"অনন্ত কুমার জলদাস বাড়ি, বাঘা ছাত্তার, সীতাকুন্ড, চট্টগ্রাম",১,Male
১৩৭৮,মোঃ সাজ্জাদ হোসেন,১৫০২৯৫০০০৫৮৩,মোতাহার হোসেন,নূর নাহার,"হেদু ভূইয়া বাড়ি, বাঘা ছাত্তার, সীতাকুন্ড, চট্টগ্রাম",১,Male
১৩৭৯,শরিফুল ইসলাম,১৫০২৯৫০০০৫৮৪,আনোয়ারুল ইসলাম,জোছনা আরা বেগম,"কেরামত আলী বাড়ি, বগাচতর, সীতাকুন্ড, চট্টগ্রাম",১,Male
১৩৮০,মোঃ খুরশিদ আলম,১৫০২৯৫০০০৫৮৫,করিম উল্যা্যাহ,জাহেদা বেগম,"নূর আহম্মদ সারেং বাড়ি, উত্তর বগাচত্তর, বগাচত্তর, সীতাকুন্ড, চট্টগ্রাম",১,Male
১৩৮১,মোঃ মেজবা উদ্দীন,১৫০২৯৫০০০৫৮৬,মাহাবুবুল হক,হাছিনা আক্তার,"আকরম গোলদার বাড়ী, উত্তর বগাচতর, বগাচতর, সীতাকুন্ড, চট্টগ্রাম",১,Male
১৩৮২,আবদুল মতিন,১৫০২৯৫০০০৫৯০,নূরুল গনী,ছবুরা খাতুন,"লাল মোহন গোমস্তার বাড়ি, উত্তর বগাচত্তর, বগাচত্তর, সীতাকুন্ড, চট্টগ্রাম",১,Male
১৩৮৩,মোঃ শেখ ফরিদ,১৫০২৯৫০০০৫৯১,মোঃ জহুরুল হক,শামছুন্নাহার,"আকরাম গোলদার বাড়ি, উত্তর বগাচতর, বগাচতর, সীতাকুন্ড, চট্টগ্রাম৭৭চূড়ান্ত ভোটার তালিকাজেলা:চট্টগ্রামউপজেলা:সীতাকুন্ডইউনিয়ন:সৈয়দপুরডাকঘর:সীতাকুন্ডভোটার এলাকার কোড: ০২৯৫ভোটার এলাকার নাম: উত্তর বগাচতর",১,Male
১৩৮৪,সুদন জলদাস,১৫০২৯৫০০০৫৯২,নিমাই জলদাস,রসো বালা,"কালী কৃষ্ণ দাসের বাড়ি, উত্তর বগাচতর, বগাচতর, সীতাকুন্ড, চট্টগ্রাম",১,Male
১৩৮৫,মোহাম্মদ আশিকুর রহমান,১৫০২৯৫০০০৫৯৬,নাছরুল্যাহ খান,রেহানা আক্তার,"রাজা মিয়া চৌধুরী বাড়ী, উঃ বগাচতর, বগাচতর, সীতাকুন্ড, চট্টগ্রাম",১,Male
১৩৮৬,জাহিদুল ইসলাম,১৫০২৯৫০০০৫৯৭,শেখের ইসলাম,হাসনা বেগম,"আব্দুল ভূইয়া বাড়ি, উত্তর বগাচত্তর, বগাচত্তর, সীতাকুন্ড, চট্টগ্রাম",১,Male
১৩৮৭,মোঃ জিয়াউল করিম ভূঁইয়া,১৫০২৯৫০০০৫৯৮,মোঃ নূরুল মোস্তফা,কুলসুমা বেগম,"উত্তর বগাচতর, সীতাকুন্ড, চট্টগ্রাম",১,Male
১৩৮৮,সাজ্জাদদ হোসেন,১৫০২৯৫০০০৬০০,মোঃ নাছির উদ্দীন,সেলিনা আক্তার,"লাতু চকিদার বাড়ী, উঃ বগাচতর, বগাচতর, সীতাকুন্ড, চট্টগ্রাম",১,Male
১৩৮৯,হারুন অর রশীদ,১৫০২৯৫০০০৬০২,খোরশেদ আলম,রাবেয়া খাতুন,"মোক্রম আলী সারেং বাড়ি, বগাচতর, সীতাকুন্ড, চট্টগ্রাম",১,Male
১৩৯০,আলমগীর,১৫০২৯৫০০০৬০৩,আবুল হাশেম,আছবা খাতুন,"আব্দুল মজিদ বাড়ি, বাঘা ছাত্তার, সীতাকুন্ড, চট্টগ্রাম",১,Male
১৩৯১,মোঃ মেহেদী হাসান,১৫০২৯৫০০০৬০৫,মোঃ শহীদুল হক,সামছুর নাহার,"আব্দুল ভূইয়া বাড়ি, উত্তর বগাচতর, বাঘা ছাত্তার, সীতাকুন্ড, চট্টগ্রাম",১,Male
১৩৯২,রাকিব উদ্দীন,১৫০২৯৫০০০৬০৬,নাছির উদ্দিন,শাহানা আক্তার,"সাম মাঝি বাড়ি, উত্তর বগাচত্তর, বগাচত্তর, সীতাকুন্ড, চট্টগ্রাম",১,Male
১৩৯৩,আবদুর রহিম বাবলু,১৫০২৯৫০০০৬০৭,আবুল কাসেম,রাজিয়া বেগম,"মোক্রম আলী সারেং বাড়ী, উত্তর বগাচতর, সীতাকুন্ড, চট্টগ্রাম",১,Male
১৩৯৪,মোঃ ফরহাদ হোসেন,১৫০২৯৫০০০৬০৮,মোঃ আবছার,খতিজা বেগম,"আব্দুর রউফ হাজী বাড়ি, উত্তর বগাচতর, বগাচতর, সীতাকুন্ড, চট্টগ্রাম",১,Male
১৩৯৫,মোহাম্মদ ফরহাদ উদ্দিন,১৫০২৯৫০০০৬০৯,নিজামুল হক,শিরিনা আক্তার,"হাবীব উল্যাা মীর বাড়ি, বগাচতর, বাঘা ছাত্তার, সীতাকুন্ড, চট্টগ্রাম",১,Male
১৩৯৬,মোঃ নূর উদ্দীন খান,১৫০২৯৫০০০৬১০,মোঃ আবুল কালাম,হাসনা আরা বেগম,"আব্দুল ভূঁইয়া বাড়ি, বগাচতর, সীতাকুন্ড, চট্টগ্রাম",১,Male
১৩৯৭,তানভীর হোসেন,১৫০২৯৫০০০৬১১,মোঃ সেলিম চৌধুরী,মোছাম্মৎ নাজমা বেগম,"রাজা মিয়া চৌঃ বাড়ী, উত্তর বগাচতর, বগাচতর, সীতাকুন্ড, চট্টগ্রাম",১,Male
১৩৯৮,মোঃ তানভীর হোসেন,১৫০২৯৫০০০৬১৩,মোঃ সেলিম উদ্দীন,হোসনে আরা বেগম,"মুছা হাজী বাড়ি, উত্তর বগাচত্তর, বগাচত্তর, সীতাকুন্ড, চট্টগ্রাম",১,Male
১৩৯৯,মঈনূল ইসলাম,১৫০২৯৫০০০৬১৫,নূরুল আমিন,রহিমা খাতুন,"বাহাদুল্যাাহ দজর্ি বাড়ি, বগাচতর, সীতাকুন্ড, চট্টগ্রাম",১,Male
১৪০০,মোহাম্মদ এমরান হোসেন রাকিব,১৫০২৯৫০০০৬১৬,মোহাম্মদ রবিউল হোসেন চৌধুরী,হাছিনা আক্তার,"রাজা মিয়া চৌঃ বাড়ীঙ, উত্তর বগাচতর, বগাচতর, সীতাকুন্ড, চট্টগ্রাম",১,Male
১৪০১,তানভীর হাসান,১৫০২৯৫০০০৬১৭,শেখ সাদী,ফাতেমা আক্তার,"আব্দুল মুনাফ সওদাগর বাড়ি, বাঘা ছাত্তার, সীতাকুন্ড, চট্টগ্রাম৭৮চূড়ান্ত ভোটার তালিকাজেলা:চট্টগ্রামউপজেলা:সীতাকুন্ডইউনিয়ন:সৈয়দপুরডাকঘর:সীতাকুন্ডভোটার এলাকার কোড: ০২৯৫ভোটার এলাকার নাম: উত্তর বগাচতর",১,Male
১৪০২,মোহাম্মদ আবদুল সামাদ আজাদ,১৫০২৯৫০০০৬১৮,মোহাম্মদ আবদুল হক ভূইয়া,মোছাম্মৎ শামছুন নাহার,"আব্দুল ভূইয়া বাড়ী, উত্তর বগাচতর, বাঘা ছাত্তার, সীতাকুন্ড, চট্টগ্রাম",১,Male
১৪০৩,মেশকাত হোসাইন,১৫০২৯৫০০০৬১৯,মোঃ জামাল উল্যাহ,হোসনে আরা বেগম,"আবদুল মুনাফ সওদাগর বাড়ি, বাঘা ছাত্তার, সীতাকুন্ড, চট্টগ্রাম",১,Male
১৪০৪,মোঃ জাহেদুল করিম ভূঁইয়া,১৫০২৯৫০০০৬২০,মোঃ নূরুল মোস্তফা ভূঁইয়া,উম্মে কুলছুমা বেগম,"আব্দুল ভূ◌্ইয়া বাড়ী, উত্তর বগাচতর, বাঘা ছাত্তার, সীতাকুন্ড, চট্টগ্রাম",১,Male
১৪০৫,মোঃ আইয়ুব খঁান,১৫০২৯৫০০০৬২১,আবুল কালাম,হাসনা আরা বেগম,"আব্দুল ভূঁইয়া বাড়ি, উত্তর বগাচতর, বগাচতর, সীতাকুন্ড, চট্টগ্রাম",১,Male
১৪০৬,মোঃ আশরাফুল আলম,১৫০২৯৫০০০৬২২,মোঃ জাহাঙ্গীর আলম,নূরের আলেকা,"আাস মিয়ার বাড়ি, বগাচতর, সীতাকুন্ড, চট্টগ্রাম",১,Male
১৪০৭,রুবেল দাস,১৫০২৯৫০০০৬২৩,সুমঙ্গল দাস,ননী বালা,"মনলালের বাড়ী, উত্তর বগাচতর, বগাচতর, সীতাকুন্ড, চট্টগ্রাম",১,Male
১৪০৮,মাসুদ পারভেজ রাজু,১৫০২৯৫০০০৬২৪,আবুল মুনছুর,লায়লা বেগম,"হেদু ভূইয়া বাড়ি, উত্তর বগাচতর, বাঘা ছাত্তার, সীতাকুন্ড, চট্টগ্রাম",১,Male
১৪০৯,মীর মোহাম্মদ নূরু উদ্দীন,১৫০২৯৫০০০৬২৫,মীর মোহাম্মদ কানূ হাফেজ,হোসনে আরা বেগম,"এবদের আলী মুীর বাড়ি, উত্তর বগাচতর, বগাচতর, সীতাকুন্ড, চট্টগ্রাম",১,Male
১৪১০,মোহাম্মদ বেলায়েত হোসেন,১৫০২৯৫০০০৬২৬,শফিউল আলম,কুলচুমা বগেম,"উঃ বগাচতর, সীতাকুন্ড, চট্টগ্রাম",১,Male
১৪১১,নরেশ চন্দ্র দাশ,১৫০২৯৫০০০৬২৯,ধীরেন্দ্র দাশ,ফুলমতি বালা দাশ,"কালী কৃষ্ণ জলদাশ বাড়ী, উত্তর বগাচতর, সীতাকুন্ড, চট্টগ্রাম",১,Male
১৪১২,মোহাম্মদ আবদুল আহাদ,১৫০২৯৫০০০৬০৪,আহম্মদ ছোবহান,আমেনা খাতুন,"বাঘা ছাত্তার, সীতাকুন্ড, চট্টগ্রাম",১,Male
১৪১৩,গিয়াস উদ্দিন,১৫০২৯৫০০০৬৩৮,আবু তাহের,ফিরোজা বেগম,"উত্তর বগাচতর, সীতাকুন্ড, চট্টগ্রাম",১,Male
১৪১৪,মোঃ রাসেল,১৫০২৯৫০০০৬৪০,আবুল হাশেম,নূর নাহার বেগম,"কালা মিয়া মাঝির বাড়ি, উত্তর বগাচতর, বগাচতর, সীতাকুন্ড, চট্টগ্রাম",১,Male
১৪১৫,মাঈন উদ্দিন,১৫০২৯৫০০০৬৪২,জালাল উদ্দিন,জোছনা আরা বেগম,"গোলদার বাড়ী, উত্তর বগাচতর, বগাচতর, সীতাকুন্ড, চট্টগ্রাম",১,Male
১৪১৬,মুসলিম উদ্দিন,১৫০২৯৫০০০৬৪৩,রবিউল হোসেন,আয়েশা খাতুন,"মৌতালী ব্যাপারী বাড়ী, উত্তর বগাচতর, বগাচতর, সীতাকুন্ড, চট্টগ্রাম",১,Male
১৪১৭,মাইন উদ্দীন,১৫০২৯৫০০০৬৪৫,শামসুল হক,ফোরফুল,"নূর আহাং সারেং বাড়ী, উত্তর বগাচতর, বগাচতর, সীতাকুন্ড, চট্টগ্রাম",১,Male
১৪১৮,কনক চন্দ্র দাশ,১৫০২৯৫০০০৬৪৮,রবি চন্দ্র দাস,আরতি বালা দাশ,"রবিন্দ্র জলাদাশ বাড়ী, উত্তর বগাচতর, বগাচতর, সীতাকুন্ড, চট্টগ্রাম",১,Male
১৪১৯,আনিসুল হক রুবেল,১৫০২৯৫০০০৬৪৯,মোঃ মোজাম্মেল হক,রেহানা বেগম,"জমাদার বাড়ী, উত্তর বগাচতর, বাঘা ছাত্তার, সীতাকুন্ড, চট্টগ্রাম৭৯চূড়ান্ত ভোটার তালিকাজেলা:চট্টগ্রামউপজেলা:সীতাকুন্ডইউনিয়ন:সৈয়দপুরডাকঘর:সীতাকুন্ডভোটার এলাকার কোড: ০২৯৫ভোটার এলাকার নাম: উত্তর বগাচতর",১,Male
১৪২০,গিয়াস উদ্দিন,১৫০২৯৫০০০৬৫২,আজিমুল হক,নূরু নাহার বেগম,"হুরমত খঁা ভূইয়া বাড়ি, উত্তর বগাচতর, বগাচতর, সীতাকুন্ড, চট্টগ্রাম",১,Male
১৪২১,মোহাম্মদ এজাচ খান,১৫০২৯৫০০০৬৫৫,নূর ইসলাম,বিয়াধন,"লাতু চকিদার বাড়ী, উত্তর বগাচতর, বাঘা ছাত্তার, সীতাকুন্ড, চট্টগ্রাম",১,Male
১৪২২,আনোয়ার হোসেন,১৫০২৯৫০০০৬৫৮,আবদুল মোতালেব,শাহানা আরা বেগম,"কালা মিয়া বাড়ী, উত্তর বগাচতর, বগাচতর, সীতাকুন্ড, চট্টগ্রাম",১,Male
১৪২৩,মোহাম্মদ এমদাদ হোসেন,১৫০২৯৫০০০৬৫৯,জাকির হোসেন,জাহানারা বেগম,"মুনছুর কাজী বাড়ী, উত্তর বগাচতর, বাঘা ছাত্তার, সীতাকুন্ড, চট্টগ্রাম",১,Male
১৪২৪,দিদারুল ইসলাম,১৫০২৯৫০০০৬৬০,নূর উদ্দিন,রেহানা বেগম,"ছদিক মৌলভী বাড়ী, উত্তর বগাচতর, বগাচতর, সীতাকুন্ড, চট্টগ্রাম",১,Male
১৪২৫,টিপু জলদাস,১৫০২৯৫০০০৬৬১,নেপাল,নিপুর বালা,"অনন্ত কুমার জলদাস বাড়ী, উত্তর বগাচতর, বগাচতর, সীতাকুন্ড, চট্টগ্রাম",১,Male
১৪২৬,এমরান হোসেন,১৫০২৯৫০০০৬৬২,মুফিজুর রহমান,দিল আফরোজ,"কেরামত আলী বাড়ী, উত্তর বগাচতর, বাঘা ছাত্তার, সীতাকুন্ড, চট্টগ্রাম",১,Male
১৪২৭,আমজাদ হোসেন,১৫০২৯৫০০০৬৬৩,আবদুল মোতালেব,শাহানা বেগম,"কালু মিয়ার বাড়ী, উত্তর বগাচতর, বগাচতর, সীতাকুন্ড, চট্টগ্রাম",১,Male
১৪২৮,মহিবুর রহমান,১৫০২৯৫০০০৬৬৫,মোঃ নূরুন নবী,রহিমা খানম,"হুরমত খা ভুঁইয়ার বাড়ি, উত্তর বগাচতর, বাঘা ছাত্তার, সীতাকুন্ড, চট্টগ্রাম",১,Male
১৪২৯,রবিউল হোসেন,১৫০২৯৫০০০৬৭০,বদিউজ্জামান,হালিমা খাতুন,"হাজী বদিউজ্জামানর বাড়ি, উত্তর বগাচতর, বগাচতর, সীতাকুন্ড, চট্টগ্রাম",১,Male
১৪৩০,সাফায়াত জামিল,১৫০২৯৫০০০৬৭৮,গোলাম রানী,শিরিন সুলতানা,"মোবারক আলী সারাং বাড়ি, উত্তর বগাচতর, বাঘা ছাত্তার, সীতাকুন্ড, চট্টগ্রাম",১,Male
১৪৩১,আবু হেনা,১৫০২৯৫০০০৬৮১,আবু তৈয়ব,কোহিনূর বেগম,"নূর হোসেন মিস্ত্রির বাড়ি, উঃ বগাচতর, বাঘা ছাত্তার, সীতাকুন্ড, চট্টগ্রাম",১,Male
১৪৩২,মোঃ ইউসুফ,১৫০২৯৫০০০৬৮৫,নূরুল আমিন,আফিয়া বেগম,"নূর হোসেন মিস্ত্রীর বাড়ি, উত্তর বগাচতর, বগাচতর, সীতাকুন্ড, চট্টগ্রাম",১,Male
১৪৩৩,আরিফুল ইসলাম,১৫০২৯৫০০০৬৯১,বদিউজ্জামান,হালিমা খাতুন,"হাজী বদিউজ্জামানের বাড়ি, উত্তর বগাচতর, সীতাকুন্ড, চট্টগ্রাম",১,Male
১৪৩৪,মোহাম্মদ তাজুল ইসলাম,১৫০২৯৫০০০৬৯৫,নূর আহমদ,শরিফা খাতুন,"মুনচুর কাজীর নতুন বাড়ি, উত্তর বগাচতর, বগাচতর, সীতাকুন্ড, চট্টগ্রাম",১,Male
১৪৩৫,দিনাজ,১৫০২৯৫০০০৬৯৭,রবীন্দ্র জলদাস,রুপী তারা,"চোল্যাে বাড়ী, উত্তর বগাচতর, উঃ বগাচতর, সীতাকুন্ড, চট্টগ্রাম",১,Male
১৪৩৬,রিদোওয়ান হোসেন,১৫০২৯৫০০০৭০৫,শফিউল আলম,ছালেহা বেগম,"উত্তর বগাচতর, বাঘা ছাত্তার, সীতাকুন্ড, চট্টগ্রাম",১,Male
১৪৩৭,সেলিম উদ্দীন,১৫০২৯৫০০০৭১০,সামসুল হক,জাহানারা বেগম,"মুসা গাজীর বাড়ী, উত্তর বগাচতর, বগাচতর, সীতাকুন্ড, চট্টগ্রাম৮০চূড়ান্ত ভোটার তালিকাজেলা:চট্টগ্রামউপজেলা:সীতাকুন্ডইউনিয়ন:সৈয়দপুরডাকঘর:সীতাকুন্ডভোটার এলাকার কোড: ০২৯৫ভোটার এলাকার নাম: উত্তর বগাচতর",১,Male
১৪৩৮,জামশেদ আলম,১৫০২৯৫০০০৭১২,আবু জাফর,রহিমা বেগম,"উত্তর বগাচতর, সীতাকুন্ড, চট্টগ্রাম",১,Male
১৪৩৯,তমিজ উদ্দীন,১৫০২৯৫০০০৭১৩,নূরু ছাফা,মাইনূর বেগম,"উত্তর বগাচতর, সীতাকুন্ড, চট্টগ্রাম",১,Male
১৪৪০,ইসমাইল হোসাইন,১৫০২৯৫০০০৭১৪,মোয়াজ্জেম হোসাইন,সুরজাহান বেগম,"উত্তর বগাচতর, সীতাকুন্ড, চট্টগ্রাম",১,Male
১৪৪১,মামুন-অর-রশীদ,১৫০২৯৫০০০৭১৫,মোঃ হারুন-অর-রশীদ,রীনা আক্তার,"-, উত্তর বগাচতর, সীতাকুন্ড, চট্টগ্রাম",১,Male
১৪৪২,রাজীব দাস,১৫০২৯৫০০০৭১৬,সন্তোষ দাস,প্রতিমা দাস,"উত্তর বগাচতর, সীতাকুন্ড, চট্টগ্রাম",১,Male
১৪৪৩,মোঃ সায়েম উদ্দিন,১৫০২৯৫০০০৭১৭,মোঃ নূরুল আবছার,হাসনা আরা বেগম,"উঃ বগাচতর, সীতাকুন্ড, চট্টগ্রাম",১,Male
১৪৪৪,আবুল হোসেন,১৫০২৯৫০০০৭১৮,রুহুল আমিন,সালেহা বেগম,"উত্তর বগাচতর, সীতাকুন্ড, চট্টগ্রাম",১,Male
১৪৪৫,সাইদুল ইসলাম,১৫০২৯৫০০০৭১৯,জেবল ইসলাম,হাছনা বানূ,"উত্তর বগাচতর, সীতাকুন্ড, চট্টগ্রাম",১,Male
১৪৪৬,আবু ছালেক,১৫০২৯৫০০০৭২০,আমিনূল এহেছান,রোকেয়া বেগম,"উত্তর বগাচতর, সীতাকুন্ড, চট্টগ্রাম",১,Male
১৪৪৭,নজরুল ইসলাম,১৫০২৯৫০০০৭২১,আবুল কালাম,নূর জাহান বেগম,"উত্তর বগাচতর, সীতাকুন্ড, চট্টগ্রাম",১,Male
১৪৪৮,মোঃ নূর নবী,১৫০২৯৫০০০৭২২,নূরুল ইসলাম,বিবি ফাতেমা,"মনছুর কাজী বাড়ি, উত্তর বগাচতর, বগাচতর, সীতাকুন্ড, চট্টগ্রাম",১,Male
১৪৪৯,মোঃ সাির সরওয়ার,১৫০২৯৫০০০৭২৩,আনোয়ারুল ইসলাম,রওশন আরা পারভীন,"হাজী গোলাম নূর মাস্টার বাড়ী, উত্তর বগাচতর, সীতাকুন্ড, চট্টগ্রাম",১,Male
১৪৫০,নূর ইসলাম,১৫০২৯৫০০০৭২৪,সোনা মিয়া,জোহরা খাতুন,"উত্তর বগাচতর, উঃ বগাচতর, সীতাকুন্ড, চট্টগ্রাম",১,Male
১৪৫১,সাখাওয়াত হোসেন,১৫০২৯৫০০০৭২৮,নূরুল আবছার,কামরুন নাহার,"উত্তর বগাচতর, সীতাকুন্ড, চট্টগ্রাম",১,Male
১৪৫২,জাহেদুল ইসলাম,১৫০২৯৫০০০৭২৯,শেখ ফরিদ,হাছিনা আক্তার,"উত্তর বগাচতর, সীতাকুন্ড, চট্টগ্রাম",১,Male
১৪৫৩,মেহেদী হাসান,১৫০২৯৫০০০৭৩২,নূর ইসলাম,রুবি আকতার,"উত্তর বগাচতর, বগাচতর, সীতাকুন্ড, চট্টগ্রাম",১,Male
১৪৫৪,রাকিব হাসান,১৫০২৯৫০০০৭৩৩,আবুল মুনসুর,লায়লা বেগম,"উত্তর বগাচতর, সীতাকুন্ড, চট্টগ্রাম",১,Male
১৪৫৫,নূর মোহাম্মদ,১৫০২৯৫০০০৭৩৪,ফরিদ আহাম্মদ,সেলিমা আক্তার,"উত্তর বগাচতর, সীতাকুন্ড, চট্টগ্রাম৮১চূড়ান্ত ভোটার তালিকাজেলা:চট্টগ্রামউপজেলা:সীতাকুন্ডইউনিয়ন:সৈয়দপুরডাকঘর:সীতাকুন্ডভোটার এলাকার কোড: ০২৯৫ভোটার এলাকার নাম: উত্তর বগাচতর",১,Male
১৪৫৬,জাহেদ হাসান,১৫০২৯৫০০০৭৩৫,মোঃ মোমিন সাব,কামরুন্নাহার,"উত্তর বগাচতর, সীতাকুন্ড, চট্টগ্রাম",১,Male
১৪৫৭,আবু তারেক,১৫০২৯৫০০০৭৩৬,আবুল হোসেন,মায়মুনা খাতুন,"উত্তর বগাচতর, সীতাকুন্ড, চট্টগ্রাম",১,Male
১৪৫৮,দিদার হোসেন,১৫০২৯৫০০০৭৩৭,মোঃ ইাহিম,রহীমা বেগম,"উত্তর বগাচতর, সীতাকুন্ড, চট্টগ্রাম",১,Male
১৪৫৯,আজিজ উদ্দীন,১৫০২৯৫০০০৭৩৮,জয়নাল আবেদীন,সালেহা বেগম,"উঃ বগাচতর, সীতাকুন্ড, চট্টগ্রাম",১,Male
১৪৬০,আব্দুল করিম শিবলু,১৫০২৯৫০০০৭৩৯,আবুল কাসেম,রাজিয়া বেগম,"মোক্রম আলী সারেং বাড়ি, উত্তর বগাচতর, বগাচতর, সীতাকুন্ড, চট্টগ্রাম",১,Male
১৪৬১,আনোয়ার হোসেন,১৫০২৯৫০০০৭৪১,জালাল আহাম্মদ,হাজেরা খাতুন,"উজির আলী সুকানী বাড়ি, দঃ বগাচতর, বগাচতর, সীতাকুন্ড, চট্টগ্রাম",১,Male
১৪৬২,যুধিস্টির দাশ,১৫০২৯৫০০০৭৪২,ধাংশ জলদাস,দিপালী,"উত্তর বগাচতর, বাঘা ছাত্তার, সীতাকুন্ড, চট্টগ্রাম",১,Male
১৪৬৩,তৌহিদুল ইসলাম নোমান,১৫০২৯৫০০০৭৪৩,আবুল কালাম,রহিমা আকতার,"উত্তর বগাচতর, বগাচতর, সীতাকুন্ড, চট্টগ্রাম",১,Male
১৪৬৪,মিনহাজ উদ্দীন,১৫০২৯৫০০০৭৪৫,নূরুল আফছার,খাদিজা বেগম,"লাল মোম মোস্তক বাড়ী, উত্তর বগাচতর, সীতাকুন্ড, চট্টগ্রাম",১,Male
১৪৬৫,রেজাউল হোসেন,১৫০২৯৫০০০৭৪৯,মাঈনূদ্দীন,বিবি আছমা,"উত্তর বগাচতর, সীতাকুন্ড, চট্টগ্রাম",১,Male
১৪৬৬,শাফায়াত হোসেন রাকিব,১৫০২৯৫০০০৭৫১,মোঃ শাহাদাৎ হোসেন,নাছিমা আক্তার,"হুরমত খঁা ভুইয়া বাড়ী, উত্তর বগাচতর, বগাচতর, সীতাকুন্ড, চট্টগ্রাম",১,Male
১৪৬৭,সরওয়ার হোসেন,১৫০২৯৫০০০৭৫৩,মোঃ ফয়েজ ব,কহিনূর বেগম,"মুনছুর কাজী বাড়ী, উত্তর বগাচতর, বগাচতর, সীতাকুন্ড, চট্টগ্রাম",১,Male
১৪৬৮,মোঃ আতাউর রহমান,১৫০২৯৫০০০৭৫৪,মোঃ আলাউদ্দিন,ঝর্না আরা বেগম,"শফি ভূইয়া বাড়ি, উত্তর বগাচতর, বাঘা ছাত্তার, সীতাকুন্ড, চট্টগ্রাম",১,Male
১৪৬৯,মোহাম্মদ সাইফুল ইসলাম,১৫০২৯৫০০০৭৫৬,হোসেনের জামান,নূর নাহার,"উঃ বগাচতর, সীতাকুন্ড, চট্টগ্রাম",১,Male
১৪৭০,দিলীপ,১৫০২৯৫০০০৭৬০,মধু মঙ্গল,প্রিয় বালা,"উত্তর বগাচতর, সীতাকুন্ড, চট্টগ্রাম",১,Male
১৪৭১,বেলায়েত হোসেন,১৫০২৯৫০০০৭৬৮,নূরুল আলম,জাহানারা বেগম,"উত্তর বগাচতর, উঃ বগাচতর, সীতাকুন্ড, চট্টগ্রাম",১,Male
১৪৭২,মোঃ মেছবাহ উদ্দীন,১৫০২৯৫০০০৭৭২,মোঃ রুহুল আমিন,সেলিনা আকতার,"বাহাদুল্যাাহ দজর্ি বাড়ী, উত্তর বগাচতর, বগাচতর, সীতাকুন্ড, চট্টগ্রাম",১,Male
১৪৭৩,আরিফুল ইসলাম,১৫০২৯৫০০০৭৭৩,ফরিদ আহম,হোসনে আরা বেগম,"মান সফি ভূঁইয়া বাড়ী, উত্তর বগাচতর, বগাচতর, সীতাকুন্ড, চট্টগ্রাম৮২চূড়ান্ত ভোটার তালিকাজেলা:চট্টগ্রামউপজেলা:সীতাকুন্ডইউনিয়ন:সৈয়দপুরডাকঘর:সীতাকুন্ডভোটার এলাকার কোড: ০২৯৫ভোটার এলাকার নাম: উত্তর বগাচতর",১,Male
১৪৭৪,মোঃ আবদুল কাদের জিলানী,১৫০২৯৫০০০৭৭৪,নাজমুল খান ভুঁইয়া,ছালমা আক্তার,"মান সফি ভূঁইয়া বাড়ি, উত্তর বগাচতর, বগাচতর, সীতাকুন্ড, চট্টগ্রাম",১,Male
১৪৭৫,আরিফ উদ্দীন,১৫০২৯৫০০০৭৭৯,আবুল হোসেন,ফিরোজা,"হোরা কাজি বাড়ী, উত্তর বগাচতর, উঃ বগাচতর, সীতাকুন্ড, চট্টগ্রাম",১,Male
১৪৭৬,জয়নাল আবেদিন,১৫০২৯৫০০০৭৮০,খুরশিদ আলম,জাহেদা আক্তার,"লাল মোহন গোমস্তার বাড়ী, উত্তর বগাচতর, সীতাকুন্ড, চট্টগ্রাম",১,Male
১৪৭৭,রাসেল,১৫০২৯৫০০০৭৮১,আবুল হোসেন,ফিরোজা,"হোরা কাজি বাড়ী, উঃ বগাচতর, সীতাকুন্ড, চট্টগ্রাম",১,Male
১৪৭৮,মোঃ শহিদ উল্যা্যাহ,১৫০২৯৫০০০৭৮৩,আবুল বশর,ছকিনা খাতুন,"শাহ মাস্টার বাড়ী, উত্তর বগাচতর, সীতাকুন্ড, চট্টগ্রাম",১,Male
১৪৭৯,রেজাউল করিম রাজু,১৫০২৯৫০০০৭৮৫,আহমেদ সোবহান,রেহেনা বেগম,"হোরা কাজি বাড়ী, উত্তর বগাচতর, সীতাকুন্ড, চট্টগ্রাম",১,Male
১৪৮০,অরজুন জলদাস,১৫০২৯৫০০০৭৮৬,ননাই জলদাস,লালমতি,"কালী কৃষ্ণ জলদাশের বাড়ী, বগাচতর, সীতাকুন্ড, চট্টগ্রাম",১,Male
১৪৮১,জহরলাল দাস,১৫০২৯৫০০০৬৩১,বিনোদ বিহারী দাস,গীতা রানী দাস,"বেচারাম কবিরাজ বাড়ী, উত্তর বগাচতর, সীতাকুন্ড, চট্টগ্রাম",১,Male
১৪৮২,হরিলাল দাশ,১৫০২৯৫০০০৬৩২,নূকুমার দাশ,নয়ন তারা দাশ,"জলদাস পাড়া, উত্তর বগাচতর, সীতাকুন্ড, চট্টগ্রাম",১,Male
১৪৮৩,মোঃ মেহেদী হাসান,১৫০২৯৫০০০৭৮৮,মোঃ নূরুল আবছার,রাশেদা আক্তার,"কাদির মোল্যাা বাড়ী, উঃ বগাচতর, বগাচতর, সীতাকুন্ড, চট্টগ্রাম",১,Male
১৪৮৪,দয় কুমার নাথ,১৫০২৯৫০০০৭৯০,পন চন্দ্র নাথ,মিনূ রানী দেবী,"বলি বাড়ী, দঃ বগাচতর, বগাচতর, সীতাকুন্ড, চট্টগ্রাম১৪৮৫. মাইগ্রেট হয়েছে",১,Male
১৪৮৬,সাজীব দাস,১৫০২৯৫০০০৭৯৫,মিন্টু দাশ,মীরা দাশ,"বেছারাম কবিরাজ বাড়ী, উঃ বগাচতর, সীতাকুন্ড, চট্টগ্রাম",১,Male
১৪৮৭,মোহাম্মদ আইনূল করিম,১৫০২৯৫০০০৭৯৬,মোহাম্মদ আলী,রাশেদা বেগম,"কাদের মোল্যাার বাড়ি, উঃ বগাচতর, উত্তর বগাচতর, সীতাকুন্ড, চট্টগ্রাম",১,Male
১৪৮৮,আবু জাফর,১৫০২৯৫০০০৭৯৭,করিম উল্যা্যা,রৈয়ছা খাতুন,"মুছা কাজী বাড়ী, বগাচতর, সীতাকুন্ড, চট্টগ্রাম",১,Male
১৪৮৯,সিরাজুল ইসলাম,১৫০২৯৫০০০৭৯৮,রৌসনূজ্জামান,হালিমা খাতুন,"আবদুল ভূইয়ার বাড়ী, বগাচতর, সীতাকুন্ড, চট্টগ্রাম",১,Male
১৪৯০,মাহাবুবুল আলম,১৫০২৯৫০০০৮০২,আলী আজম,আমেনা খাতুন,"উঃ বগাচতর, বগাচতর, সীতাকুন্ড, চট্টগ্রাম",১,Male
১৪৯১,মৃতু্যয় চক্রবর্তী,১৫০২৯৫০০০৮০৩,শ্রীী বাসুদেব চক্রবর্তী,রিতা রানী চক্রবর্তী,"ঠাকুর বাড়ী, উঃ বগাচতর, বগাচতর, সীতাকুন্ড, চট্টগ্রাম৮৩চূড়ান্ত ভোটার তালিকাজেলা:চট্টগ্রামউপজেলা:সীতাকুন্ডইউনিয়ন:সৈয়দপুরডাকঘর:সীতাকুন্ডভোটার এলাকার কোড: ০২৯৫ভোটার এলাকার নাম: উত্তর বগাচতর",১,Male
১৪৯২,মোহাম্মদ হারুন অর রশিদ,১৫০২৯৫০০০৮০৬,করিম উল্যা্যাহ,রইসা খাতুন,"মুছা কাজী বাড়ী, বগাচতর, সীতাকুন্ড, চট্টগ্রাম",১,Male
১৪৯৩,মোঃ মনজুরুল ইসলাম,১৫০২৯৫০০০৮০৭,মোঃ মোশাররফ হোসেন,রিজিয়া বেগম,"রাজা মিয়া চৌঃ বাড়ি, বগাচতর, সীতাকুন্ড, চট্টগ্রাম",১,Male
১৪৯৪,মহি উদ্দীন,১৫০২৯৫০০০৮১১,আবু তাহের,শামছুন্নাহার,"মুছা কাজী বাড়ি, উঃ বগাচতর, বগাচতর, সীতাকুন্ড, চট্টগ্রাম",১,Male
১৪৯৫,মোঃ নয়ন,১৫০২৯৫০০০৮১২,মোঃ ফজলুল হক,ছকিনা খাতুন,"গোলদার বাড়ী, বগাচতর, সীতাকুন্ড, চট্টগ্রাম",১,Male
১৪৯৬,আরিফ হোসেন,১৫০২৯৫০০০৮১৬,জসিম উদ্দিন,ফিরোজা বেগম,"ধন কাজীর বাড়ী, উঃ বগাচতর, সীতাকুন্ড, চট্টগ্রাম",১,Male
১৪৯৭,মোহাম্মদ মাঈনূল আলম,১৫০২৯৫০০০৮১৯,আনোয়ারুল আজিম,আয়েশা খাতুন,"রাজা মিয়া চৌঃ বাড়ী, বগাচতর, সীতাকুন্ড, চট্টগ্রাম",১,Male
১৪৯৮,মোঃ শেখ ফরিদ,১৫০২৯৫০০০৮২০,সফি উল্যা্যাহ,আয়েশা খাতুন,"ধন কাজী বাড়ী, বগাচতর, সীতাকুন্ড, চট্টগ্রাম",১,Male
১৪৯৯,মোহাম্মদ সালাউদ্দীন,১৫০২৯৫০০০৮২২,মোহাম্মদ মফিজুর রহমান,মোছাম্মৎ ছেমনা আফরোজ,"মানসফি ভূইয়া বাড়ী, বগাচতর, সীতাকুন্ড, চট্টগ্রাম",১,Male
১৫০০,মাসুদ,১৫০২৯৫০০০৮২৪,দেলোয়ার,জাহানারা বেগম,"কেরামত আলী সওঃ বাড়ী, উঃ বগাচতর, সীতাকুন্ড, চট্টগ্রাম",১,Male
১৫০১,রকি দাশ,১৫০২৯৫০০০৮২৬,নিপেন্দ্র কুমার দাশ,শিখা দাশ,"বজেন্দ্র কবিরাজের বাড়ী, বগাচতর, সীতাকুন্ড, চট্টগ্রাম",১,Male
১৫০২,লোকমান হোসেন রিপন,১৫০২৯৫০০০৮২৮,নূরুল আবছার,বিবি হাজেরা,"হুরমত খঁা ভূঁইয়ার বাড়ী, বগাচতর, সীতাকুন্ড, চট্টগ্রাম",১,Male
১৫০৩,মোহাম্মদ সলিম উল্যাাহ,১৫০২৯৫০০০৮৩০,মোঃ সিরাজুল হক,আয়শা খাতুন,"আবদুল মুনাফ সওঃ বাড়ী, উঃ বগাচতর, বগাচতর, সীতাকুন্ড, চট্টগ্রাম",১,Male
১৫০৪,মোহাম্মদ নাজিম উদ্দিন,১৫০২৯৫০০০৮৩১,ছালামত উল্যা্যাহ,সকিনা খাতুন,"সাম মাঝির বাড়ী, উত্তর বগাচতর, বগাচতর, সীতাকুন্ড, চট্টগ্রাম",১,Male
১৫০৫,আকাশ চন্দ্র দাশ,১৫০২৯৫০০০৮৩৩,বাদল চন্দ্র দাস,দিপালী দাস,"বজেন্দ্র কবিরাজ এর বাড়ী, উত্তর বগাচতর, বাঘা ছাত্তার, সীতাকুন্ড, চট্টগ্রাম",১,Male
১৫০৬,আবদুল আলিম,১৫০২৯৫০০০৮৩৪,দেলোয়ার হোসেন,জাহানারা বেগম,"কেরমত আলী সওঃ বাড়ী, উঃ বগাচতর, সীতাকুন্ড, চট্টগ্রাম",১,Male
১৫০৭,লিটন জলদাস,১৫০২৯৫০০০৮৩৫,মধু মঙ্গল,বিন্দাা রানী,"অনন্ত কুমারের বাড়ী, উঃ বগাচতর, সীতাকুন্ড, চট্টগ্রাম",১,Male
১৫০৮,মোঃ মামুনূর রশীদ,১৫০২৯৫০০০৮৩৮,নূরুল হক,মায়মুনা খাতুন,"নূর আহাং সারেং বাড়ী, উত্তর বগাচতর, বগাচতর, সীতাকুন্ড, চট্টগ্রাম",১,Male
১৫০৯,মোঃ আনিসুল ইসলাম,১৫০২৯৫০০০৮৪২,মোঃ আবু সুফিয়ান,দিল আফরোজ বেগম,"মুনছুর কাজীর বাড়ি, উ বগাচতর, বগাচতর, সীতাকুন্ড, চট্টগ্রাম৮৪চূড়ান্ত ভোটার তালিকাজেলা:চট্টগ্রামউপজেলা:সীতাকুন্ডইউনিয়ন:সৈয়দপুরডাকঘর:সীতাকুন্ডভোটার এলাকার কোড: ০২৯৫ভোটার এলাকার নাম: উত্তর বগাচতর",১,Male
১৫১০,মোঃ আবু ছালেক,১৫০২৯৫০০০৮৪৫,মোঃ জসিম উদ্দিন,শাহানা আক্তার,"ছদিক মৌলভীর বাড়ী, উঃ বগাচতর, বগাচতর, সীতাকুন্ড, চট্টগ্রাম",১,Male
১৫১১,ইমতিয়াজ হোসেন,১৫০২৯৫০০০৮৪৬,সিরাজ মিয়া,বিবি ফাতেমা,"আাস মিয়ার বাড়ী, উত্তর বগাচতর, সীতাকুন্ড, চট্টগ্রাম",১,Male
১৫১২,মোঃ আরাফাত হোসেন,১৫০২৯৫০০০৮৪৭,মোঃ আবছার,খতিজা বেগম,"আবদুল রউফ হাজী বাড়ী, উত্তর বগাচতর, বগাচতর, সীতাকুন্ড, চট্টগ্রাম",১,Male
১৫১৩,মুহাম্মদ নঈমুল হোসেন,১৫০২৯৫০০০৮৪৮,মোহাম্মদ আলা উদ্দীন,রেহেনা আক্তার,"আবদুল ভূইয়ার বাড়ী, উঃ বগাচতর, বগাচতর, সীতাকুন্ড, চট্টগ্রাম",১,Male
১৫১৪,আসিফ মামুদ,১৫০২৯৫০০০৮৪৯,মোঃ আলমগীর চৌধুরী,সাবিনা ইয়াছমিন,"আাস মিয়ার বাড়ী, উত্তর বগাচতর, সীতাকুন্ড, চট্টগ্রাম",১,Male
১৫১৫,নাইম উদ্দীন,১৫০২৯৫০০০৮৫০,আজিমুল হক,নূর নাহার বেগম,"হুরমত খঁা ভূইয়া বাড়ী, উত্তর বগাচতর, বগাচতর, সীতাকুন্ড, চট্টগ্রাম",১,Male
১৫১৬,রায়হান উদ্দিন,১৫০২৯৫০০০৮৫১,বদিউল আলম,পেয়ারা বেগম,"আবদুর রউফ হাজী বাড়ী, উত্তর বগাচতর, বগাচতর, সীতাকুন্ড, চট্টগ্রাম",১,Male
১৫১৭,তারিফ হোসাইন,১৫০২৯৫০০০৮৫২,মহিউদ্দীন,ফরিদা ইয়াছমিন,"কবির বলীর বাড়ী, উত্তর বগাচতর, বাঘা ছাত্তার, সীতাকুন্ড, চট্টগ্রাম",১,Male
১৫১৮,রফিকুল ইসলাম,১৫০২৯৫০০০৮৫৩,সিরাজুল ইসলাম,নাজমা বেগম,"হোসেনের জামান মৌলভীর বাড়ী, উ বগাচতর, বগাচতর, সীতাকুন্ড, চট্টগ্রাম",১,Male
১৫১৯,তানভীর হোসেন,১৫০২৯৫০০০৮৫৪,ফয়জুল ইসলাম,জাহেদা বেগম,"মোকরম আলী সারেং বাড়ী, উত্তর বগাচতর, সীতাকুন্ড, চট্টগ্রাম",১,Male
১৫২০,সয় দাশ,১৫০২৯৫০০০৮৫৬,সুবাস চন্দ্র দাস,শিখা রানী দাস,"বজেন্দ্র কবিরাজের বাড়ী, উঃ বগাচতর, বগাচতর, সীতাকুন্ড, চট্টগ্রাম",১,Male
১৫২১,রসুল আহাম্মদ,১৫০২৯৫০০০৮৫৮,হারুন-অর- রশীদ,সাহানারা বেগম,"নূর আহম্মদ সারেং বাড়ী, উত্তর বগাচতর, বগাচতর, সীতাকুন্ড, চট্টগ্রাম",১,Male
১৫২২,সাকাওয়াত হোসেন,১৫০২৯৫০০০৮৫৯,জহুরুল হক,লায়লা বেগম,"নূর আহমদ সারেং বাড়ী, উত্তর বগাচতর, বগাচতর, সীতাকুন্ড, চট্টগ্রাম",১,Male
১৫২৩,মুজাহিদুল ইসলাম,১৫০২৯৫০০০৮৬০,মইন উদ্দিন,শিরিনা আকতার,"সেকান্তর ভূঞা বাড়ী, উঃ বগাচতর, সীতাকুন্ড, চট্টগ্রাম",১,Male
১৫২৪,বোরহান উদ্দিন,১৫০২৯৫০০০৮৬১,নূর মোস্তফা,আয়েশা খাতুন,"গোলদার বাড়ী, উত্তর বগাচতর, সীতাকুন্ড, চট্টগ্রাম",১,Male
১৫২৫,সাজ্জাদুল ইসলাম,১৫০২৯৫০০০৮৬২,সিরাজুল ইসলাম,মনোয়ারা বেগম,"গাারী চেয়ারম্যানের বাড়ী, উত্তর বগাচতর, বগাচতর, সীতাকুন্ড, চট্টগ্রাম",১,Male
১৫২৬,মোঃ আকবর হোসেন,১৫০২৯৫০০০৮৬৭,মোঃ নূরুল আলম,হোসনেয়ারা বেগম,"সেকান্তর ভূইয়ার বাড়ী, উত্তর বগাচতর, সীতাকুন্ড, চট্টগ্রাম",১,Male
১৫২৭,জাবেদ হোসেন তুহিন,১৫০২৯৫০০০৮৬৮,নূরুল আবছার,জাহেদা বেগম,"সেকান্তর ভূঞা বাড়ীঙ, উঃ বাগাচতর, বগাচতর, সীতাকুন্ড, চট্টগ্রাম৮৫চূড়ান্ত ভোটার তালিকাজেলা:চট্টগ্রামউপজেলা:সীতাকুন্ডইউনিয়ন:সৈয়দপুরডাকঘর:সীতাকুন্ডভোটার এলাকার কোড: ০২৯৫ভোটার এলাকার নাম: উত্তর বগাচতর",১,Male
১৫২৮,তানভীর হোসাইন,১৫০২৯৫০০০৮৬৯,মোহাম্মদ রবিউল হোসেন,শাহানাজ বেগম,"শাহ আলম মাার বাড়ী, উত্তর বগাচতর, বগাচতর, সীতাকুন্ড, চট্টগ্রাম",১,Male
১৫২৯,আমান উল্যাাহ,১৫০২৯৫০০০৮৭০,এরাদ উল্যাাহ,আনোয়ারা বেগম,"উত্তর বগাচতর, সীতাকুন্ড, চট্টগ্রাম",১,Male
১৫৩০,আবু তৈয়ব,১৫০২৯৫০০০৮৭১,আবুল কালাম,নূর নাহার,"আমিনের বাড়ী, উত্তর বগাচতর, বগাচতর, সীতাকুন্ড, চট্টগ্রাম",১,Male
১৫৩১,মাকছেদুল আমিন পারভেজ,১৫০২৯৫০০০৮৭২,মো: নূরুল আমিন,ফেরদৌস আরা,"সেকান্তর ভূঞা বাড়ী, উত্তর বগাচতর, বগাচতর, সীতাকুন্ড, চট্টগ্রাম",১,Male
১৫৩২,জসিম উদ্দীন,১৫০২৯৫০০০৮৭৭,আবুল কালাম,ছবুরা খাতুন,"আব্দুল ভূঁইয়ার বাড়ী, উত্তর বগাচতর, সীতাকুন্ড, চট্টগ্রাম",১,Male
১৫৩৩,নিজর্ুন কুমার দাশ,১৫০২৯৫০০০৮৭৮,প্রফুল্যা কুমার দাশ,আবু বালা,"বেছারাম কবিরাজ বাড়ী, উত্তর বগাচতর, বগাচতর, সীতাকুন্ড, চট্টগ্রাম",১,Male
১৫৩৪,মোহাম্মদ আকবর হোসেন ভূঁঞা,১৫০২৯৫০০০৮৭৯,মৃত মোঃ শাহজাহান ভূঁঞা,মনোয়ারা বেগম,"মানসী ভূঁঞার বাড়ী, বগাচতর, সীতাকুন্ড, চট্টগ্রাম",১,Male
১৫৩৫,মোহাম্মদ আব্দুল মন্নান,১৫০২৯৫০০০৮৮০,মৃত মোঃ আবুল খায়ের,মৃত মোছাঃ কুবফুলের নেছা,"সেরমত খঁান বাড়ী, বগাচতর, সীতাকুন্ড, চট্টগ্রাম",১,Male
১৫৩৬,মোহাম্মদ নাসির উদ্দিন,১৫০২৯৫০০০৮৮১,মৃত মোহাম্মদ আবু বকর,মৃত নাজমুন নেছা,"মানশফি ভূইা বাড়ি, বগাচতর, ভাগখালী, সীতাকুন্ড, চট্টগ্রাম",১,Male
১৫৩৭,দয় দাস,১৫০২৯৫০০০৯১০,রবি চন্দ্র জলদাস,আরতি জলদাস,"রবি চন্দ্র জলদাসের বাড়ী, উত্তর বগাচতর, বগাচতর, সীতাকুন্ড, চট্টগ্রাম",১,Male
১৫৩৮,সরওয়ার হোসেন,১৫০২৯৫০০০৯১৫,মোঃ ছানা উল্যা্যাহ,রেহানা আক্তার,"দজর্ি বাড়ী, উঃ বগাচতর, বগাচতর, সীতাকুন্ড, চট্টগ্রাম",১,Male
১৫৩৯,মোঃ ইউনূস,১৫০২৯৫০০০৯১৮,নূরুল আমিন,আফিয়া বেগম,"নূর হোসেন মিস্ত্রী বাড়ী, উঃ বগাচতর, বগাচতর, সীতাকুন্ড, চট্টগ্রাম",১,Male
১৫৪০,সাকিব খান,১৫০২৯৫০০০৮৮২,নূরুল আমিন,শাহেদা আক্তার,"লাল মোহন গোমস্তার বাড়ি, উঃ বগাচতর, বগাচতর, সীতাকুন্ড, চট্টগ্রাম",১,Male
১৫৪১,মোহাম্মদ এমরান হোসেন,১৫০২৯৫০০০৮৮৪,মোঃ নূরুল গনী,হুরজাহান,"জমাদার বাড়ী, উত্তর বগাচতর, বগাচতর, সীতাকুন্ড, চট্টগ্রাম",১,Male
১৫৪২,দাউদ জামিল,১৫০২৯৫০০০৮৮৫,গোলাম রানী,শিরিন সুলতানা,"মোকরাম আলী সারেং বাড়ী, উত্তর বগাচতর, সীতাকুন্ড, চট্টগ্রাম",১,Male
১৫৪৩,সুমন জলদাস,১৫০২৯৫০০০৮৮৬,বাবুল জলদাস,সাধন বালা,"চুল্যাা বাপের বাড়ী, উত্তর বগাচতর, বগাচতর, সীতাকুন্ড, চট্টগ্রাম",১,Male
১৫৪৪,জাহেদ হোসাইন,১৫০২৯৫০০০৮৮৭,সফিউল আলম,আলেয়া বেগম,"কেরামত আলী সারাং বাড়ী, উঃ বগাচতর, বগাচতর, সীতাকুন্ড, চট্টগ্রাম",১,Male
১৫৪৫,মাসুদ রানা রাকিব,১৫০২৯৫০০০৮৮৮,এনামুল হক,রেহানা আকতার,"হোসেন মৌলভীর বাড়ী, উত্তর বগাচতর, সীতাকুন্ড, চট্টগ্রাম৮৬চূড়ান্ত ভোটার তালিকাজেলা:চট্টগ্রামউপজেলা:সীতাকুন্ডইউনিয়ন:সৈয়দপুরডাকঘর:সীতাকুন্ডভোটার এলাকার কোড: ০২৯৫ভোটার এলাকার নাম: উত্তর বগাচতর",১,Male
১৫৪৬,খাইরুল ইসলাম,১৫০২৯৫০০০৮৯১,সিরাজুল ইসলাম,ছেনোয়ারা বেগম,"আাস মিয়ার বাড়ী, উঃ বাগাচতর, বগাচতর, সীতাকুন্ড, চট্টগ্রাম",১,Male
১৫৪৭,আশরাফ আলী,১৫০২৯৫০০০৮৯৩,মোঃ হারুন,পারভিন আক্তার,"লাল মোহন গোমস্তা বাড়ী, বগাচতর, সীতাকুন্ড, চট্টগ্রাম",১,Male
১৫৪৮,মোঃ আবদুল হান্নান,১৫০২৯৫০০০৮৯৪,আবদুল মান্নান,শিরিনা আক্তার,"সেকান্তর ভূইয়ার বাড়ী, বগাচতর, সীতাকুন্ড, চট্টগ্রাম",১,Male
১৫৪৯,আলতাফ হোসেন,১৫০২৯৫০০০৮৯৫,মোঃ আলমগীর,রোকেয়া বেগম,"শাহ আলম মাার বাড়ী, উঃ বগাচতর, বাঘা ছাত্তার, সীতাকুন্ড, চট্টগ্রাম",১,Male
১৫৫০,মুহাম্মদ ছিফাতুল্যাাহ,১৫০২৯৫০০০৮৯৭,মো নূরুন নবী,রহিমা খানম,"হুরমত খা ভূইয়া বাড়ী, উত্তর বগাচতর, বগাচতর, সীতাকুন্ড, চট্টগ্রাম",১,Male
১৫৫১,মাঈনূল হোসেন,১৫০২৯৫০০০৮৯৯,মোঃ নূরুল আবছার,জাহেদা বেগম,"সেকান্তর ভূঞা বাড়ী, উত্তর বগচতর, বাঘা ছাত্তার, সীতাকুন্ড, চট্টগ্রাম",১,Male
১৫৫২,মাহমুদুল হোসেন,১৫০২৯৫০০০৯০১,মোঃ জামাল উল্যা্যাহ,হোসনে আরা বেগম,"আবদুর মুনাফ সওঃ বাড়ী, উত্তর বগাচতর, বগাচতর, সীতাকুন্ড, চট্টগ্রাম",১,Male
১৫৫৩,রেজাউল করিম,১৫০২৯৫০০০৯০৩,মোঃ ফজলুল হক,বিবি আমেনা,"নূরুল হক হাজী বাড়ী, উত্তর বগাচতর, বগাচতর, সীতাকুন্ড, চট্টগ্রাম",১,Male
১৫৫৪,মোঃ মাহাদি হাসান,১৫০২৯৫০০০৯০৬,মোঃ হানিফ,হোসনেয়ারা,"মুনচুর কাজী বাড়ী, উত্তর বগাচতর, বগাচতর, সীতাকুন্ড, চট্টগ্রাম",১,Male
১৫৫৫,মোঃ সায়েম উদ্দিন,১৫০২৯৫০০০৯০৭,মোঃ নূর হোসেন,হাজেরা খাতুন,"মুনছুর কাজী বাড়ী, উত্তর বগাচতর, বগাচতর, সীতাকুন্ড, চট্টগ্রাম",১,Male
১৫৫৬,তারেক রহমান,১৫০২৯৫০০০৯১১,মোঃ জসিম উদ্দিন,ফিরোজা বেগম,"ফকির বাড়ী, উত্তর বগাচতর, বগাচতর, সীতাকুন্ড, চট্টগ্রাম",১,Male
১৫৫৭,মোহাম্মদ মুসলিম উদ্দিন,১৫০২৯৫০০০৯১২,মোঃ আবুল কাশেম,মনোয়ারা,"কালা মিয়া মাঝির বাড়ী, উঃ বগাচতর, বগাচতর, সীতাকুন্ড, চট্টগ্রাম",১,Male
১৫৫৮,মোঃ সাইফুল ইসলাম,১৫০২৯৫০০০৯১৩,মোঃ আবদুর রশীদ,বিবি রহিমা,"কালামিয়া মাঝি বাড়ী, উত্তর বগাচতর, বগাচতর, সীতাকুন্ড, চট্টগ্রাম",১,Male
১৫৫৯,মোঃ আশরাফুল ইসলাম,১৫০২৯৫০০০৯১৬,মোঃ সাহেব মিয়া,দেলোয়ারা বেগম,"নূরুল হক হাজীর বাড়ি, উত্তর বগাচতর, বগাচতর, সীতাকুন্ড, চট্টগ্রাম",১,Male
১৫৬০,ামল জলদাস,১৫০২৯৫০০০৯১৯,শংকর জলদাস,পাখী রানী জলদাস,"কালী বাড়ী, বগাচতর, সীতাকুন্ড, চট্টগ্রাম",১,Male
১৫৬১,মঈনূল ইসলাম,১৫০২৯৫০০০৯২০,আবু জাফর,শাহানাজ বেগম,"ধন কাজী বাড়ী, উঃ বগাচতর, সীতাকুন্ড, চট্টগ্রাম",১,Male
১৫৬২,নূরুল ইসলাম,১৫০২৯৫০০০৯২১,সোলেমান,ছালেহা বেগম,"তোয়ানী মীর বাড়ী, উঃ বগাচতর, সীতাকুন্ড, চট্টগ্রাম",১,Male
১৫৬৩,কিশোর চন্দ্র দাশ,১৫০২৯৫০০০৯২২,মানিক দাশ,খুকী রানী দাস,"বজেন্দ্র কবিরাজের বাড়ী, বগাচতর, সীতাকুন্ড, চট্টগ্রাম৮৭চূড়ান্ত ভোটার তালিকাজেলা:চট্টগ্রামউপজেলা:সীতাকুন্ডইউনিয়ন:সৈয়দপুরডাকঘর:সীতাকুন্ডভোটার এলাকার কোড: ০২৯৫ভোটার এলাকার নাম: উত্তর বগাচতর",১,Male
১৫৬৪,মোঃ শা জাহান,১৫০২৯৫০০০৮৭৬,নূর মোস্তফা,হামেলা খাতুন,"৩৬, উঃ বগাচতর, সীতাকুন্ড, চট্টগ্রাম",১,Male
১৫৬৫,মোহাম্মদ জিয়া উদ্দীন ভূঞা,১৫০২৯৫০০০৯২৩,মোহাম্মদ মুলকুতের রহমান ভূঞা,রৌশনেয়ারা বেগম,"আবদুল ভূঞা বাড়ী, উত্তর বগাচতর, বগাচতর, সীতাকুন্ড, চট্টগ্রাম",১,Male
১৫৬৬,মোহাম্মদ সাদিকুর রহমান,১৫০২৯৫০০০৯২৬,মোহাম্মদ দিদারুল আলম,রাহেলা আক্তার,"আাস মিয়ার বাড়ী, উত্তর বগাচতর, বগাচতর, সীতাকুন্ড, চট্টগ্রাম",১,Male
১৫৬৭,সুজন চন্দ্র দাস,১৫০২৯৫০০০৯২৭,লন কুমার জলদাস,কমলা রানী দাস,"অনন্ত জলদাসের বাড়ি, উত্তর বগাচতর, সীতাকুন্ড, চট্টগ্রাম",১,Male
১৫৬৮,রুবেল,১৫০২৯৫০০০৯২৮,আবুল কালাম,আনোয়ারা বেগম,"০৬৬৪, হাবিব রোড পার্ে, উত্তর বগাচতর, সীতাকুন্ড, চট্টগ্রাম",১,Male
১৫৬৯,আবুল কালাম,১৫০২৯৫০০০৯২৯,হাজী জালাল আহমদ,মৃত আয়েশা খাতুন,"০৬৬৪, হাবিব রোড পার্ে, উত্তর বগাচতর, সীতাকুন্ড, চট্টগ্রাম",১,Male
১৫৭০,ইমাম হোসেন,১৫০২৯৫০০০৯৩৮,মোঃ নূর উন নবী,সাহেদা আকতার,"হেঁদু ভূইয়া বাড়ী, বগাচতর, সীতাকুন্ড, চট্টগ্রাম",১,Male
১৫৭১,মোঃ ইকবাল হোসেন,১৫০২৯৫০০০৯৪১,মোঃ ইউনূছ,রিজিয়া বেগম,"০৯৬১ লালু চৌকিদার বাড়ী, উওর বগাচতর, বগাচতর, সীতাকুন্ড, চট্টগ্রাম",১,Male
১৫৭২,সুরন,১৫০২৯৫০০০৯৪২,নৈদার বাসী,সুভাশী,"ঠাকুর বাড়ী, উঃ বগাচতর, বগাচতর, সীতাকুন্ড, চট্টগ্রাম",১,Male
১৫৭৩,দিপক,১৫০২৯৫০০০৯৪৪,কৃষ্ণ,কমলা,"জলদাস পাড়া, উত্তর বগাচতর, বগাচতর, সীতাকুন্ড, চট্টগ্রাম",১,Male
১৫৭৪,মোঃ নূরুল আজিম,১৫০২৯৫০০০৯৪৬,নূরুল মোমিন,রোসনা বেগম,"মোমিন মাঝি বাড়ি, উঃ বগাচতর, বগাচতর, সীতাকুন্ড, চট্টগ্রাম",১,Male
১৫৭৫,মোঃ মোশারফ হোসেন,১৫০২৯৫০০০৯৪৭,মোহাম্মদ নূরুল হুদা,জাহানারা বেগম,"০৭৯২, উত্তর বগাচতর, বাঘা ছাত্তার, সীতাকুন্ড, চট্টগ্রাম",১,Male
১৫৭৬,মফিজুর রহমান,১৫০২৯৫০০০৯৪৯,ছেরাজুল হক,তামেতোন নেসা,"হাবিব উল্যাহ মীর বাড়ী, উঃ বগাচতর, বগাচতর, সীতাকুন্ড, চট্টগ্রাম",১,Male
১৫৭৭,ভজন জলদাস,১৫০২৯৫০০০৯৫০,মৃত রাধানাথ জলদাস,তুলসী রানী,"অনন্ত কুমার জলদাসের বাড়ী, উত্তর বগাচতর, বগাচতর, সীতাকুন্ড, চট্টগ্রাম",১,Male
১৫৭৮,সাহেদুল ইসলাম,১৫০২৯৫০০০৯৫২,মফিজুর রহমান,বিবি ছকিনা,"০৭৩৪, উত্তর বগাচতর, সীতাকুন্ড, চট্টগ্রাম",১,Male
১৫৭৯,আজগর হোসেন,১৫০২৯৫০০০৯৫৪,মৃত ফজলুল হক,নূর জাহান বেগম,"আব্দুল মুনাফ সওদাগরের বাড়ী, উত্তর বগাচতর, বগাচতর, সীতাকুন্ড, চট্টগ্রাম",১,Male
১৫৮০,মোহাম্মদ আবছার,১৫০২৯৫০০০৯৫৬,মৃত আহমদুর রহমান,মৃত আমেনা,"০৭৭৭, উঃ বগাচতর, বগাচতর, সীতাকুন্ড, চট্টগ্রাম",১,Male
১৫৮১,ইউনূছ নবী,১৫০২৯৫০০০৯৫৭,ঈমান শরীফ,আছমা বেগম,"গোলদার বাড়ি, উত্তর বাগচতর, বাগচতর, সীতাকুন্ড, চট্টগ্রাম৮৮চূড়ান্ত ভোটার তালিকাজেলা:চট্টগ্রামউপজেলা:সীতাকুন্ডইউনিয়ন:সৈয়দপুরডাকঘর:সীতাকুন্ডভোটার এলাকার কোড: ০২৯৫ভোটার এলাকার নাম: উত্তর বগাচতর",১,Male
১৫৮২,আবদুর রহিম,১৫০২৯৫০০০৯৫৮,আবুল হোসেন,রুবিয়া বেগম,"০৯৩৭, উঃ বগাচতর, বগাচতর, সীতাকুন্ড, চট্টগ্রাম",১,Male
১৫৮৩,মোঃনূরুল ইসলাম,১৫০২৯৫০০০৯৬১,মৃত রহিম ব,মৃত মাজেদা খাতুন,"০৮৬৮মোগরাম আলী সারেং বাড়ি, উত্তর বগাচতর, বগাচতর, সীতাকুন্ড, চট্টগ্রাম",১,Male
১৫৮৪,শহিদুল ইসলাম,১৫০২৯৫০০০৯৬২,মৃত অহিদুর রহমান,নূর জাহান বেগম,"মোল্যাা বাড়ি, উত্তর বগাচতর, বগাচতর, সীতাকুন্ড, চট্টগ্রাম",১,Male
১৫৮৫,সাখাওয়াত হোসেন,১৫০২৯৫০০০৯৬৯,মোঃ সেকান্দার,পারুল আক্তার,"০৮৭৬, উঃ বগাচতর, বগাচতর, সীতাকুন্ড, চট্টগ্রাম",১,Male
১৫৮৬,ইশতিয়াক বিন ইমাম,১৫০২৯৫০০০৯৭১,ইমাম হোসেন,আইরিন আরা,"০৯৩৯মানসফি ভূইয়া বাড়ি, উত্তর বগাচতর, বগাচতর, সীতাকুন্ড, চট্টগ্রাম",১,Male
১৫৮৭,মোহাম্মদ মফিজুর রহমান,১৫০২৯৫০০০৯৭৩,নূরুল ইসলাম,জরিনা খাতুন,"ওমর খঁা পাঠান বাড়ী, উওর বগাচতর, বগাচতর, সীতাকুন্ড, চট্টগ্রাম",১,Male
১৫৮৮,ছালা উদ্দিন,১৫০২৯৫০০০৯৭৪,নূরুল আলম,হোসনেয়ারা বেগম,"সেকান্তর ভূঁইয়া বাড়ী, উঃ বগাচতর, বগাচতর, সীতাকুন্ড, চট্টগ্রাম",১,Male
১৫৮৯,মোঃ শাহনেওয়াজ,১৫০২৯৫০০০৯৭৬,মোঃ আলমগীর,জাহানারা বেগম,"খোরশেদ মাস্টার বাড়ী, উত্তর বগাচতর, সীতাকুন্ড, চট্টগ্রাম",১,Male
১৫৯০,শাহাদাত হোসেন,১৫০২৯৫০০০৯৭৮,শাহজাহান চৌধুরী,শরিফা বেগম,"রাজা চৌঃ বাড়ি, উওর বগাচতর, বগাচতর, সীতাকুন্ড, চট্টগ্রাম",১,Male
১৫৯১,সোহাগ জাকরিয়া,১৫০২৯৫০০০৯৭৯,আবু নূর,তাছলিমা আক্তার,"কেরামত আলী বাড়ী, উত্তর বগাচতর, বগাচতর, সীতাকুন্ড, চট্টগ্রাম",১,Male
১৫৯২,আবদুর রহিম,১৫০২৯৫০০০৯৮০,মৃত সফিউল আলম,জাহানারা বেগম,"মৌতালী ব্যাপারী বাড়ি, উত্তর বগাচতর, বগাচতর, সীতাকুন্ড, চট্টগ্রাম",১,Male
১৫৯৩,মোঃ হারুন রশীদ,১৫০২৯৫০০০৯৮৩,আবুল বশর,ফিরোজা বেগম,"ছদিক মৌলভী, উত্তর বগাচতর, বগাচতর, সীতাকুন্ড, চট্টগ্রাম",১,Male
১৫৯৪,নূর উদ্দিন,১৫০২৯৫০০০৯৮৪,মৃত আবু তাহের,নূর নাহার বেগম,"০৬৬১-আবু তাহের সওদাগর বাড়ী, উত্তর বগাচতর, বগাচতর, সীতাকুন্ড, চট্টগ্রাম",১,Male
১৫৯৫,মোঃ আবু মুছা,১৫০২৯৫০০০৯৮৬,মোঃ শাহ আলম,হাসনা বেগম,"তোয়ানী মীর বাড়ী, উত্তর বগাচতর, বগাচতর, সীতাকুন্ড, চট্টগ্রাম",১,Male
১৫৯৬,মোঃ ফরহাদ হোসেন,১৫০২৯৫০০০৯৮৮,মোঃ জেবাউল হক,ছেনোয়ারা বেগম,"০৮৯৪, উত্তর বগাচতর, বাঘা ছাত্তার, সীতাকুন্ড, চট্টগ্রাম",১,Male
১৫৯৭,সদয় জলদাস,১৫০২৯৫০০০৯৮৯,ধনবাসী,যমুনা,"কালী কৃষ্ণ জলদাসে বাড়ি, উত্তর বগাচতর, বগাচতর, সীতাকুন্ড, চট্টগ্রাম",১,Male
১৫৯৮,নূরুল হক রেহান,১৫০২৯৫০০০৯৯২,রৌশনেজ্জামান,ছমনা বেগম,"মুহুরী বাড়ি, উত্তর বগাচতর, বগাচতর, সীতাকুন্ড, চট্টগ্রাম",১,Male
১৫৯৯,মোয়াজ্জেম হোসেন,১৫০২৯৫০০০৯৯৭,মৃত নূরুল মোস্তফা,মৃত শামসুন্নাহার,"হেঁদু ভূইয়া বাড়ি, উত্তর বগাচতর, বগাচতর, সীতাকুন্ড, চট্টগ্রাম৮৯চূড়ান্ত ভোটার তালিকাজেলা:চট্টগ্রামউপজেলা:সীতাকুন্ডইউনিয়ন:সৈয়দপুরডাকঘর:সীতাকুন্ডভোটার এলাকার কোড: ০২৯৫ভোটার এলাকার নাম: উত্তর বগাচতর",১,Male
১৬০০,মোহাম্মদ আশ্রীাফ উদ্দিন,১৫০২৯৫০০০৯৯৯,মফিজুর রহমান,রাজধন বেগম,"হাবিব উল্যাাহ মীর বাড়ী, উত্তর বগাচতর, বগাচতর, সীতাকুন্ড, চট্টগ্রাম",১,Male
১৬০১,আবদুল কাইয়ুম,১৫০২৯৫০০১০০০,এমদাদ হোসেন,সামসুন্নাহার,"ছদিক মৌলবী বাড়ি, উত্তর বগাচতর, বগাচতর, সীতাকুন্ড, চট্টগ্রাম",১,Male
১৬০২,ইসমাইল,১৫০২৯৫০০১০০১,বজলুর রহমান,হাজেরা খাতুন,"বজলু রহমান ভূঁইয়া বাড়ী, উত্তর বগাচতর, বগাচতর, সীতাকুন্ড, চট্টগ্রাম",১,Male
১৬০৩,মোঃ নূর উদ্দিন,১৫০২৯৫০০১০০২,মোঃ জাকারিয়া,কোহিনূর বেগম,"হাবিব উল্যাাহ মীর বাড়ী, উওর বগাচতর, বগাচতর, সীতাকুন্ড, চট্টগ্রাম",১,Male
১৬০৪,লোকমান হোসেন,১৫০২৯৫০০১০০৬,হাজী বদিউজ্জামান,হালিমা খাতুন,"হাজী বদিউজ্জামান বাড়ী, উত্তর বগাচতর, বগাচতর, সীতাকুন্ড, চট্টগ্রাম",১,Male
১৬০৫,সিরাজুল ইসলাম,১৫০২৯৫০০১০০৮,ফকির আহমদ,ফাতেমা আহমদ,"মনসুর কাজী বাড়ী, উঃ বগাচতর, বগাচতর, সীতাকুন্ড, চট্টগ্রাম",১,Male
১৬০৬,কামরুল হুদা,১৫০২৯৫০০১০১০,নূরুল আবছার,আমাতুন নূর বেগম,"মিছা কাজী বাড়ী, উওর বগাচতর, বগাচতর, সীতাকুন্ড, চট্টগ্রাম",১,Male
১৬০৭,মহি উদ্দীন,১৫০২৯৫০০১০১১,মৃত আজিজুর রহমান,হামলা খাতুন,"মনূ ভূঁইয়া বাড়ি, উত্তর বগাচতর, বগাচতর, সীতাকুন্ড, চট্টগ্রাম",১,Male
১৬০৮,জিয়াউর রহমান,১৫০২৯৫০০১০১৭,কলিম উল্যাাহ,জাহেদা বেগম,"নূর আহাং সারেং বাড়ি, উত্তর বগাচতর, বগাচতর, সীতাকুন্ড, চট্টগ্রাম",১,Male
১৬০৯,মিনাজ উদ্দিন,১৫০২৯৫০০১০১৯,জালাল উদ্দিন,জোছনা আরা বেগম,"আকরামা গোলদার বাদড়ি, উত্তর বাগচতর, বাগচতর, সীতাকুন্ড, চট্টগ্রাম",১,Male
১৬১০,মোঃ সালাউদ্দিন,১৫০২৯৫০০১০২০,মো: নাছির উদ্দিন,বিবি আমেনা,"তোয়ানী মীর বাড়ী, উঃ বগাচতর, বগাচতর, সীতাকুন্ড, চট্টগ্রাম",১,Male
১৬১১,রাজধন দাস,১৫০২৯৫০০১০২২,অনাথ বু দাস,রাধা রানি দাস,"অনন্ত কুমার জলদাস বাড়ি, উত্তর বগাচতর, বগাচতর, সীতাকুন্ড, চট্টগ্রাম",১,Male
১৬১২,মোহাম্মদ ইকবাল হোসেন,১৫০২৯৫০০১০২৪,মো: মোশারফ হোসেন,নূর জাহান বেগম,"জমাদার বাড়ি, উঃ বগাচতর, বগাচতর, সীতাকুন্ড, চট্টগ্রাম",১,Male
১৬১৩,জোতিষ মহন,১৫০২৯৫০০১০২৫,সুবল,যুতি বালা,"কালী কৃষ্ণ, উঃ বগাচতর, বগাচতর, সীতাকুন্ড, চট্টগ্রাম",১,Male
১৬১৪,মোহাম্মদ আবু সাঈদ,১৫০২৯৫০০১০২৬,আবু তাহের,কহিনূর বেগম,"নূর আহাং, উঃ বগাচতর, বগাচতর, সীতাকুন্ড, চট্টগ্রাম",১,Male
১৬১৫,আলী হোসাইন,১৫০২৯৫০০০৯২৫,ফজলুল হক,ছকিনা,"উত্তর বগাচতর, সীতাকুন্ড, চট্টগ্রাম",১,Male
১৬১৬,মোঃ মনজুর আলম,১৫০২৯৫০০০৯৩০,এ কে এম আবুল কাশেম,মোসাঃ রোশনেয়ারা বেগম,"উত্তর বগাচতর, সীতাকুন্ড, চট্টগ্রাম",১,Male
১৬১৭,মোহাম্মদ সেলিম উদ্দিন,১৫০২৯৫০০১০১২,মোহাম্মদ হোসাইন,নূর জাহান বেগম,"উত্তর বগাচতর, সীতাকুন্ড, চট্টগ্রাম৯০চূড়ান্ত ভোটার তালিকাজেলা:চট্টগ্রামউপজেলা:সীতাকুন্ডইউনিয়ন:সৈয়দপুরডাকঘর:সীতাকুন্ডভোটার এলাকার কোড: ০২৯৫ভোটার এলাকার নাম: উত্তর বগাচতর",১,Male
১৬১৮,মোঃ শফিকুল মাওলা,১৫০২৯৫০০১০১৩,মোঃ জেবল হক,ছেনোয়ারা বেগম,"০৮৯৪, উত্তর বগাচতর, সীতাকুন্ড, চট্টগ্রাম",১,Male
১৬১৯,মোঃ নূরুন্নবী,১৫০২৯৫০০১০১৪,নূরুল আলম,আলেয়া বেগম,"সফি সওদাগর এর বাড়ী, উত্তর বগাচতর, উত্তর বগাচতর, সীতাকুন্ড, চট্টগ্রাম",১,Male
১৬২০,মোহাম্মদ নাজমুল হুদা,১৫০২৯৫০০০৬৩৪,মোহাম্মদ নূরুল আবছার,আমাতুন নূর বেগম,"মুছা কাজী বাড়ী, উত্তর বগাচতর, বগাচতর, সীতাকুন্ড, চট্টগ্রাম",১,Male
১৬২১,মোহাম্মদ ইউছুপ,১৫০২৯৫০০১০৩৪,নূরুল আবছার,আমাতুন নূর বেগম,"মুছা কাজী বাড়ী, উত্তর বগাচতর, বগাচতর, সীতাকুন্ড, চট্টগ্রাম১৬২২. মাইগ্রেট হয়েছে",১,Male
১৬২৩,আবুল মনসুর,১৫০২৯৫০০১০২৯,আবু বর,আমেনা খাতুন,"হেদ ভূঁইয়া বাড়ী, উত্তর বগাচতর, সীতাকুন্ড, চট্টগ্রাম",১,Male
১৬২৪,মোঃ জসিম উদ্দিন,১৫০২৯৫০০১০৩১,ছালেহ আহাম্মাদ,মোসা: জাহেদা বেগম,"০৩৯২, রাজা মিঞা চৌধুরী বাড়ি, উত্তর বগাচতর, সীতাকুন্ড, চট্টগ্রাম",১,Male
১৬২৫,মোহাম্মদ হামিদুল ইসলাম,১৫০২৯৫০০১০৩৩,মফিজ উদ্দীন,হামিদা খাতুন,"০৪৯৪, উত্তর বগাচতর, সীতাকুন্ড, চট্টগ্রাম",১,Male
১৬২৬,মোঃ রফিকুল ইসলাম,১৫০২৯৫০০১০৩৫,মোঃ আওরঙ্গজেব,নাজমা বেগম,"উত্তর বগাচতর, সীতাকুন্ড, চট্টগ্রাম",১,Male
১৬২৭,সাইফুল ইসলাম,১৫০২৯৫০০১০৩৭,ওসমান গনি,আয়েসা খাতুন,"উত্তর বগাচতর, সীতাকুন্ড, চট্টগ্রাম",১,Male
১৬২৮,মোঃ আরশাদুর রহমান,১৫০২৯৫০০০০৭৮,আবুল কালাম,লায়লা বেগম,"হেদু ভূঁইয়া বাড়ী, উত্তর বগাচতর, সীতাকুন্ড, চট্টগ্রাম",১,Male
১৬২৯,মোহাং তহিদুল ইসলাম,১৫০২৯৫০০০১৩০,মোঃ নূরুল আলম,নয়ন তারা,"বাহার মাঝির বাড়ী, উত্তর বগাচতর, মধ্য বগাচতর, সীতাকুন্ড, চট্টগ্রাম",১,Male
১৬৩০,মাহাবুবুল আলম,১৫০২৯৫০০১০৩৮,নূরুল আলম,রেহেনা বেগম,"তোয়ানী মীর বাড়ী, উঃ বগাচতর, সীতাকুন্ড, চট্টগ্রাম",১,Male
১৬৩১,মোঃ জয়নাল আবেদীন,১৫০২৯৫০০১০৩৯,আবদুল মুনাফ,ছালেহা বেগম,"কালামিয়া মাঝি বাড়ী, উত্তর বগাচতর, সীতাকুন্ড, চট্টগ্রাম",১,Male
১৬৩২,মাইনূল আলম,১৫০২৯৫০০১০৪০,আবুল কাশেম,রোশনে আরা বেগম,"মে◌ীতালী বাপের বাড়ী, উত্তর বগাচতর, সীতাকুন্ড, চট্টগ্রাম",১,Male
১৬৩৩,মোঃ সাইফুদ্দিন,১৫০২৯৫০০১০৪২,মোঃ নাছির উদ্দিন,বিবি আমেনা,"তোয়ানী মীর বাড়ী, উত্তর বগাচতর, সীতাকুন্ড, চট্টগ্রাম",১,Male
১৬৩৪,আবু তৈয়ব রিয়াদ,১৫০২৯৫০০১০৪৩,আনোয়ার হোসেন,নাছিমা আক্তার,"হেদু ভূঁইয়ার বাড়ী, উঃ বগাচতর, সীতাকুন্ড, চট্টগ্রাম",১,Male
১৬৩৫,নাজমুল হোসেন আসিফ,১৫০২৯৫০০১০৪৪,মোঃ শাহাদাৎ হোসেন,নাছিমা আক্তার,"হুরমত খঁা ভূঁইয়া বাড়ী, উত্তর বগাচতর, সীতাকুন্ড, চট্টগ্রাম৯১চূড়ান্ত ভোটার তালিকাজেলা:চট্টগ্রামউপজেলা:সীতাকুন্ডইউনিয়ন:সৈয়দপুরডাকঘর:সীতাকুন্ডভোটার এলাকার কোড: ০২৯৫ভোটার এলাকার নাম: উত্তর বগাচতর",১,Male
১৬৩৬,মোঃ মোবারক হোসেন,১৫০২৯৫০০১০৪৬,মোঃ আবু মুছা,নিলুফা ইয়াছমিন,"তোফর আলী ভূঁইয়া বাড়ী, উঃ বগাচতর, সীতাকুন্ড, চট্টগ্রাম",১,Male
১৬৩৭,মোঃ রাজিব হোসেন,১৫০২৯৫০০১০৪৭,নূরুল আবছার,মৃত মনোয়ারা বেগম,"সাম মাঝি বাড়ী, উত্তর বগাচতর, বগাচতর, সীতাকুন্ড, চট্টগ্রাম",১,Male
১৬৩৮,আবদুর রহমান,১৫০২৯৫০০১০৪৯,মোহাম্মদ মোস্তফা কামাল,মনোয়ারা বেগম,"মুছা হাজী বাড়ী, উত্তর বগাচতর, বগাচতর, সীতাকুন্ড, চট্টগ্রাম",১,Male
১৬৩৯,মোহাম্মদ ইমাম হোসেন,১৫০২৯৫০০১০৫০,মৃত আবুল বশর,মৃত নূর জাহান বেগম,"হাজী গোলাম নূর মাস্টার বাড়ী, উওর বগাচতর, সীতাকুন্ড, চট্টগ্রাম",১,Male
১৬৪০,মোঃ আরাফাতুল ইসলাম,১৫০২৯৫০০১০৫১,মোঃ সাহাব উদ্দিন,জোবেদা আকতার,"বাহাদুল্যাাদজর্ি বাড়ী, উওর বগাচতর, সীতাকুন্ড, চট্টগ্রাম",১,Male
১৬৪১,সাফায়েত হোসেন,১৫০২৯৫০০১০৫২,মৃত নূরুল হুদা,নূর জাহান বেগম,"হারুন রশিদের বাড়ী, পূর্ব সৈয়দপুর, সৈয়দপুর, সীতাকুন্ড, চট্টগ্রাম",১,Male
১৬৪২,তারেক হোসাইন,১৫০২৯৫০০১০৫৩,আহম্মদ ছোবহান,নাজমা বেগম,"মুছাকাজী বাড়ি, বাঘা ছাত্তার, সীতাকুন্ড, চট্টগ্রাম",১,Male
১৬৪৩,পলাশ চন্দ্র দাশ,১৫০২৯৫০০১০৫৪,নিরন দাস,শখী রানী দাস,"বজেন্দ্র কবিরাজ বাড়ী, দিন বগাচতর, বগাচতর, সীতাকুন্ড, চট্টগ্রাম",১,Male
১৬৪৪,মোঃ আনিছুল ইসলাম,১৫০২৯৫০০১০৫৫,জাহাঙ্গীর আলম,সাজেদা বেগম,"বাহাদুল্যাাহ দজর্ি বাড়ী, উত্তর বগাচতর, সীতাকুন্ড, চট্টগ্রাম",১,Male
১৬৪৫,মোঃ তারেক,১৫০২৯৫০০১০৫৬,নেজামুল হক,আলেয়া বেগম,"মৌলভী হোছনেরজমান বাড়ী, উওর বগাচতর, সীতাকুন্ড, চট্টগ্রাম",১,Male
১৬৪৬,মোঃ এমরান হোসেন,১৫০২৯৫০০১০৫৭,মোঃ শাহ আলম,রাজিয়া আলম,"লমি ভূঁইয়া বাড়ী, উওর বগাচতর, সীতাকুন্ড, চট্টগ্রাম",১,Male
১৬৪৭,যোবায়েদ হোসেন,১৫০২৯৫০০১০৫৮,বেলায়েত হোসেন,ফেরদৌস আরা বেগম,"গোলদার বাড়ী, উত্তর বগাতচর, উত্তর বগাতচর, সীতাকুন্ড, চট্টগ্রাম",১,Male
১৬৪৮,শাকিল খান রাকিব,১৫০২৯৫০০১০৫৯,নাজিম উদ্দিন,নিলুফা আক্তার,"মান শফি ভুইঞা বাড়ী, উত্তর বগাচতর, সীতাকুন্ড, চট্টগ্রাম",১,Male
১৬৪৯,রাহেদুল আমিন ফাহিম,১৫০২৯৫০০১০৬১,মোঃ নূরুল আমিন,ফেরদৌস বেগম,"সেকান্তর ভূঁইয়া বাড়ী, উওর বগাচতর, সীতাকুন্ড, চট্টগ্রাম",১,Male
১৬৫০,মোঃ আরাফাত হোসেন,১৫০২৯৫০০১০৬২,নূরুল আলম,হোসনেয়ারা বেগম,"সেকান্দার ভুইয়া বাড়ী, উত্তর বগাচতর, সীতাকুন্ড, চট্টগ্রাম",১,Male
১৬৫১,মোঃ নূরুাপা,১৫০২৯৫০০১০৬৫,মোঃ আনোয়ার আলী,মনোয়ারা বেগম,"আনোয়ার আলী বাড়ী, উত্তর বগাচতর, সীতাকুন্ড, চট্টগ্রাম",১,Male
১৬৫২,মোঃ রিফাত হোসেন,১৫০২৯৫০০১০৬৮,মাঈন উদ্দিন,বিবি আছমা,"জমিদার বাড়ী, ১ নং সৈয়দপুর, উঃ বগতাচর, সীতাকুন্ড, চট্টগ্রাম",১,Male
১৬৫৩,মোঃ সাইফুদ্দীন,১৫০২৯৫০০১০৬৯,মীর আবদুল কাইয়ুম,খুরশীদা আক্তার,"কানূ হাফেজের বাড়ী, উত্তর বগাচতর, সীতাকুন্ড, চট্টগ্রাম৯২চূড়ান্ত ভোটার তালিকাজেলা:চট্টগ্রামউপজেলা:সীতাকুন্ডইউনিয়ন:সৈয়দপুরডাকঘর:সীতাকুন্ডভোটার এলাকার কোড: ০২৯৫ভোটার এলাকার নাম: উত্তর বগাচতর",১,Male
১৬৫৪,সিমাম উদ্দিন,১৫০২৯৫০০১০৭১,সামছুল হক,জাহানার বেগম,"মুছা কাজী বাড়ী, উত্তর বগাচতর, সীতাকুন্ড, চট্টগ্রাম",১,Male
১৬৫৫,ইমতিয়াজ উদ্দীন,১৫০২৯৫০০১০৭৪,জসিম উদ্দীন,রোকেয়া বেগম,"কেরামত আলী বাড়ী, উত্তর বগাচতর, সীতাকুন্ড, চট্টগ্রাম",১,Male
১৬৫৬,আবদার হোসেন,১৫০২৯৫০০১০৮০,মৃত মাকসুদ আহমেদ,তাহেরের নেছা,"হাবিব উল্যাাহ মীর বাড়ী, উওর বগাচতর, সীতাকুন্ড, চট্টগ্রাম",১,Male
১৬৫৭,মোঃ বেলাল হোসেন,১৫০২৯৫০০১০৮৩,মৃত ফজলুল হক,নূর নাহার বেগম,"আবদুল মুনাফ সওদাগরের বাড়ী, উওর বগাচতর, সীতাকুন্ড, চট্টগ্রাম",১,Male
১৬৫৮,নাহিদুল ইসলাম,১৫০২৯৫০০১০৮৪,মৃত শেখের ইসলাম,হাসনা বেগম,"আব্দুল ভূঁইয়া বাড়ী, উওর বগাচতর, সীতাকুন্ড, চট্টগ্রাম",১,Male
১৬৫৯,মেহেদী হাসান রাজীব,১৫০২৯৫০০১০৮৫,গোলাম হোসেন,সুরমা বেগম,"উত্তর বাগাচতর, উত্তর বাগাচতর, সীতাকুন্ড, চট্টগ্রাম",১,Male
১৬৬০,মোহাম্মদ রায়হান উদ্দিন,১৫০২৯৫০০১০৮৬,সিরাজউদদৌলা,বিবি খাদিজা,"মোক্রম আলী সারেং বাড়ী, উত্তর বগাচতর, সীতাকুন্ড, চট্টগ্রাম",১,Male
১৬৬১,মোঃ ইমন,১৫০২৯৫০০১০৮৭,মোঃ শহিদুল হক,শামসুন্নাহার,"আব্দুল ভূঁইয়া বাড়ি, উত্তর বগাচতর, সীতাকুন্ড, চট্টগ্রাম",১,Male
১৬৬২,মোঃ সামছুল আলম,১৫০২৯৫০০১০৯৩,আলী আজম,আমেনা খাতুন,"লমি ভূঁইয়ার বাড়ী, উত্তর বগাচতর, সীতাকুন্ড, চট্টগ্রাম",১,Male
১৬৬৩,একরামুল হক,১৫০২৯৫০০১০৯৭,আবুল বশর,ফিরোজা বেগম,"বদিউজামা হাজী বাড়ী, উঃ বগাচতর, সীতাকুন্ড, চট্টগ্রাম",১,Male
১৬৬৪,আব্দুল ওয়াল,১৫০২৯৫০০১০৯৯,মৃত নূরুল আবছার,রিজিয়া বেগম,"নূর আহং সারেং বাড়ী, উওর বগাচতর, সীতাকুন্ড, চট্টগ্রাম",১,Male
১৬৬৫,জয়নাল আবেদীন রিয়াজ,১৫০২৯৫০০১১০০,নূরুল হুদা,শামসু নাহার,"শেখ মুনছুর কাজী বাড়ী, উত্তর বগাচতর, সীতাকুন্ড, চট্টগ্রাম",১,Male
১৬৬৬,মোহাম্মদ শাকিল,১৫০২৯৫০০১১০১,মোঃ জসীম উদ্দীন,সুফিয়া আক্তার,"চৌকিদার বাড়ী, উত্তর বগাচতর, সীতাকুন্ড, চট্টগ্রাম",১,Male
১৬৬৭,মোজাম্মেল হোসেন,১৫০২৯৫০০১১০২,নূরুল আলম,হোসনে আরা বেগম,"হুরমত খঁা ভূঁইয়া বাড়ী, উত্তর বগাচতর, সীতাকুন্ড, চট্টগ্রাম",১,Male
১৬৬৮,রায়হান উদ্দিন,১৫০২৯৫০০১১০৩,মহি উদ্দিন,রোকেয়া বেগম,"সামমাঝি বাড়ী, উওর বগাচতর, বগাচতর, সীতাকুন্ড, চট্টগ্রাম",১,Male
১৬৬৯,বিমল দাশ,১৫০২৯৫০০১১০৪,নগেন্দ্র দাশ,নন্দা রানী,"জলদাস বাড়ী, উত্তর বগাচতর, সীতাকুন্ড, চট্টগ্রাম",১,Male
১৬৭০,মোস্তাফিজুর রহমান,১৫০২৯৫০০১১০৫,মৃত নূরুল আলম,জাহানারা বেগম,"তোফর আলী ভূইয়া বাড়ী, উত্তর বগাচতর, সীতাকুন্ড, চট্টগ্রাম",১,Male
১৬৭১,নাঈমুল ইসলাম,১৫০২৯৫০০১১০৬,আবু জাফর,শাহানা আকতার,"আবু তৈয়ব হুজুরের বাড়ী, উঃ বগাচতর, বগাচতর, সীতাকুন্ড, চট্টগ্রাম৯৩চূড়ান্ত ভোটার তালিকাজেলা:চট্টগ্রামউপজেলা:সীতাকুন্ডইউনিয়ন:সৈয়দপুরডাকঘর:সীতাকুন্ডভোটার এলাকার কোড: ০২৯৫ভোটার এলাকার নাম: উত্তর বগাচতর",১,Male
১৬৭২,সাইদুল ইসলাম,১৫০২৯৫০০১১০৭,মোঃ শেখ ফরিদ,হাসিনা আক্তার,"ধন কাজীর বাড়ী, উত্তর বগাচতর, সীতাকুন্ড, চট্টগ্রাম",১,Male
১৬৭৩,মোঃ রাকিব হোসেন,১৫০২৯৫০০১১০৮,আবু তাহের,হোসনেয়ারা বেগম,"তোয়ানী মীর বাড়ী, উত্তর বগাচতর, সীতাকুন্ড, চট্টগ্রাম",১,Male
১৬৭৪,নিজাম উদ্দিন,১৫০২৯৫০০১১০৯,আবুল কালাম,শরীফা খাতুন,"হোরাকাজী বাড়ী, উত্তর বগাচতর, সীতাকুন্ড, চট্টগ্রাম",১,Male
১৬৭৫,সজল দাস,১৫০২৯৫০০১১১০,লন কুমার দাস,কমলা রানী দাস,"জলদাস বাড়ী, উত্তর বগাচতর, সীতাকুন্ড, চট্টগ্রাম",১,Male
১৬৭৬,শ্রীী মঙ্গল দাশ,১৫০২৯৫০০১১১১,হরি দাশ,বিটু রানী দাশ,"জলদাস বাড়ি, উত্তর বগাচতর, সীতাকুন্ড, চট্টগ্রাম",১,Male
১৬৭৭,মোঃ হোসেন,১৫০২৯৫০০১১১২,আবু তাহের,নূর নাহার,"তোয়ানী মীর বাড়ী, উত্তর বগাচতর, সীতাকুন্ড, চট্টগ্রাম",১,Male
১৬৭৮,মিঠন জলদাস,১৫০২৯৫০০১১১৩,মধু মঙ্গল,বিন্দাা রানী,"জলদাস বাড়ী, উত্তর বগাচাতর, সীতাকুন্ড, চট্টগ্রাম",১,Male
১৬৭৯,ইউনূছ হোসাইন আহমেদ,১৫০২৯৫০০১১১৪,আবুল বশর,ফিরোজা বেগম,"ছদিক মৌলভীর বাড়ী, উওর বগাচতর, সীতাকুন্ড, চট্টগ্রাম",১,Male
১৬৮০,সাকিল দাস,১৫০২৯৫০০১১১৫,প্রফুল্যাা দাস,ামল,"জলদাস বাড়ী, উত্তর বগাচতর, সীতাকুন্ড, চট্টগ্রাম",১,Male
১৬৮১,রাশেদ খান মেনন,১৫০২৯৫০০১১১৬,হারুন অর রশিদ,বিবি কুলচুম,"গাফফারী চেয়ারম্যান বাড়ী, উত্তর বগাচতর, সীতাকুন্ড, চট্টগ্রাম",১,Male
১৬৮২,পলাশ জলদাশ,১৫০২৯৫০০১১১৭,রবীন্দ্র জলদাস,রুপী তারা,"জলদাস বাড়ী, উত্তর বগাচতর, সীতাকুন্ড, চট্টগ্রাম",১,Male
১৬৮৩,জিয়াউর রহমান,১৫০২৯৫০০১১১৮,নূরুল আলম,বেবী আক্তার,"কালা মিয়া মাঝি বাড়ী, উত্তর বগাচতর, বগাচতর, সীতাকুন্ড, চট্টগ্রাম",১,Male
১৬৮৪,মোঃ ইউনূস,১৫০২৯৫০০১১১৯,নূরের জামা,তাহেরুন নেছা,"নূর আহম্মদ সারেং বাড়ি, উত্তর বগাচতর, সীতাকুন্ড, চট্টগ্রাম",১,Male
১৬৮৫,মোহাম্মদ সাইফুল ইসলাম,১৫০২৯৫০০১১২০,নূরুল ইসলাম,শামছুন নাহার,"আবদুল ভুঁইয়া বাড়ী, উত্তর বগাচতর, সীতাকুন্ড, চট্টগ্রাম",১,Male
১৬৮৬,মোঃ সাইফুল ইসলাম,১৫০২৯৫০০১১২১,মোহাম্মদ আলা উদ্দীন,বিউটি খাতুন,"হোরাকাজী বাড়ী, উত্তর বগাচতম, উত্তর বগাচতর, সীতাকুন্ড, চট্টগ্রাম",১,Male
১৬৮৭,মোঃ ইমাম হোসেন,১৫০২৯৫০০১১২২,মোঃ আবু তাহের,রুবিয়া বেগম,"চৌকিদার বাড়ি, উত্তর বগাচতর, সীতাকুন্ড, চট্টগ্রাম",১,Male
১৬৮৮,আফতাব হোসাইন,১৫০২৯৫০০১১২৩,মোঃ ফজলুল করিম,উম্মে হাবিবা খানম,"হাজী গোলাম নূর মাার বাড়ি, উত্তর বগাচতর, বগাচতর, সীতাকুন্ড, চট্টগ্রাম",১,Male
১৬৮৯,মাঈনূদ্দিন,১৫০২৯৫০০১১২৫,জাকারিয়া,সেলিনা আক্তার,"খুরশিদ মাারের বাড়ী, উত্তর বগাচতর, সীতাকুন্ড, চট্টগ্রাম৯৪চূড়ান্ত ভোটার তালিকাজেলা:চট্টগ্রামউপজেলা:সীতাকুন্ডইউনিয়ন:সৈয়দপুরডাকঘর:সীতাকুন্ডভোটার এলাকার কোড: ০২৯৫ভোটার এলাকার নাম: উত্তর বগাচতর",১,Male
১৬৯০,মানিক জলদাস,১৫০২৯৫০০১১২৬,দুলাল জলদাস,শোভা রানী,"জলদাস বাড়ী, উত্তর বগাচতর, বগাচতর, সীতাকুন্ড, চট্টগ্রাম",১,Male
১৬৯১,শাহাব উদ্দিন,১৫০২৯৫০০১১২৯,নূরুন নবী,মনোয়ারা বেগম,"সাম মাঝি বাড়ী, উত্তর বগাচতর, সীতাকুন্ড, চট্টগ্রাম",১,Male
১৬৯২,মোহাম্মদ সাখাওয়াত হোসেন,১৫০২৯৫০০১১৩০,মৃত আহম্মদ ছোবহান,নাজমা আরা বেগম,"মুছা কাজী বাড়ী, উত্তর বগাচতর, বগাচতর, সীতাকুন্ড, চট্টগ্রাম",১,Male
১৬৯৩,যুবায়ের হোসেন,১৫০২৯৫০০১১৩১,মৃত আলমগীর হোসেন,নাজমা আক্তার,"মৌলভী হোছনের জামান বাড়ী, উঃ বগাচতর, সীতাকুন্ড, চট্টগ্রাম",১,Male
১৬৯৪,মোহাম্মদ আলমগীর,১৫০২৯৫০০১১৩২,মৃত মোঃ নূর ব,মৃত হাফেজা খাতুন,"আলমগীর আনচারী বাড়ী, উত্তর বগাচতর, সীতাকুন্ড, চট্টগ্রাম",১,Male
১৬৯৫,হাছিরাম দাস,১৫০২৯৫০০১১৩৩,রাখাল,কাজল বালা,"ঠাকুর বাড়ী, উত্তর বগাচতর, বগাচতর, সীতাকুন্ড, চট্টগ্রাম",১,Male
১৬৯৬,মোঃ ইমাম হোসেন,১৫০২৯৫০০১১৩৪,আবুল কালাম,নূর নাহার বেগম,"আমিনের বাড়ী, উত্তর বগাচতর, সীতাকুন্ড, চট্টগ্রাম",১,Male
১৬৯৭,সহিদুল ইসলাম,১৫০২৯৫০০১১৩৫,নূরুল আমিন,রহিমা খাতুন,"বাহাদুল্যাা দজর্ি বাড়ী, উত্তর বগাচতর, বগাচতর, সীতাকুন্ড, চট্টগ্রাম",১,Male
১৬৯৮,মোহাম্মদ শেখ সাদী,১৫০২৯৫০০১১৩৬,মৃত নূর মোহাম্মদ,জরিনা খাতুন,"আবদুর মুনাফ সওদাগরের বাড়ী, উত্তর বগাচতর, বগাচতর, সীতাকুন্ড, চট্টগ্রাম",১,Male
১৬৯৯,মেহেদী হাসান রনি,১৫০২৯৫০০১১৩৭,হারুনূর রশীদ,হোসনে আরা,"মোতালী ব্যাপারী বাড়ী, উত্তর বগাচতর, বগাচতর, সীতাকুন্ড, চট্টগ্রাম",১,Male
১৭০০,সজীব জলদাস,১৫০২৯৫০০১১৩৮,মধু মঙ্গল,প্রিয় বালা,"অনন্ত কুমার দাসের বাড়ি, উত্তর বগাচতর, বগাচতর, সীতাকুন্ড, চট্টগ্রাম",১,Male
১৭০১,মোহাম্মদ মোশারফ হোসেন,১৫০২৯৫০০১১৩৯,মৃত আনোয়ারুল করিম,জাহানারা বেগম,"গোলামনূর মাার বাড়ী, উত্তর বগাচতর, বগাচতর, সীতাকুন্ড, চট্টগ্রাম",১,Male
১৭০২,মোঃ জসিম উদ্দিন,১৫০২৯৫০০১১৪০,মৃত সিদ্দিক আহমদ,মুকছেদা খাতুন,"মুনসুর কাজীর বাড়ী, উঃ বগাচতর, বগাচতর, সীতাকুন্ড, চট্টগ্রাম",১,Male
১৭০৩,মারুফ মোহাইমিন ভূঁইয়া,১৫০২৯৫০০১১৪১,একরামুল হক ভূঁইয়া,জোবেদা খানম,"আবদুল ভূঁইয়া বাড়ী, উঃ বগাচতর, সীতাকুন্ড, চট্টগ্রাম",১,Male
১৭০৪,আবু বকর সিদ্দীক,১৫০২৯৫০০১১৪২,এনামুল হক,নাহিদা বেগম,"লাতু চৌধুরীর বাড়ী, উত্তর বগাচতর, বগাচতর, সীতাকুন্ড, চট্টগ্রাম",১,Male
১৭০৫,ছাদেকুর রহমান,১৫০২৯৫০০১১৪৩,মোঃ ছৈয়দের রহমান,শামিমা আক্তার,"গাফফারী চেয়ারম্যান বাড়ী, উঃ বগাচতর, বগাচতর, সীতাকুন্ড, চট্টগ্রাম",১,Male
১৭০৬,এমদাদ হোসেন,১৫০২৯৫০০১১৪৪,মৃত নূরুল আবছার,কামরুন্নাহার,"গাফারী চেয়ারম্যান বাড়ী, উঃ বগাচতর, বগাচতর, সীতাকুন্ড, চট্টগ্রাম",১,Male
১৭০৭,মোশারফ হোসেন,১৫০২৯৫০০১১৪৫,মোঃ শাহাজাহান,মনোয়ারা বেগম,"মোঃ সফি ভূঁঞা বাড়ী, উত্তর বগাচতর, বগাচতর, সীতাকুন্ড, চট্টগ্রাম৯৫চূড়ান্ত ভোটার তালিকাজেলা:চট্টগ্রামউপজেলা:সীতাকুন্ডইউনিয়ন:সৈয়দপুরডাকঘর:সীতাকুন্ডভোটার এলাকার কোড: ০২৯৫ভোটার এলাকার নাম: উত্তর বগাচতর",১,Male
১৭০৮,নূর মোহাম্মদ ভূঁইয়া,১৫০২৯৫০০১১৪৬,মোঃ নূরুল মোস্তফা ভূঁইয়া,উম্মে কুলসুমা বেগম,"আবদুল ভুঁইয়া বাড়ী, উত্তর বগাচতর, বগাচতর, সীতাকুন্ড, চট্টগ্রাম",১,Male
১৭০৯,আজহারুল ইসলাম,১৫০২৯৫০০১১৪৭,আব্দুল মান্নান,উম্মে হাফসা,"হুরমত খঁা ভূইয়া বাড়ী, উত্তর বগাচতর, বগাচতর, সীতাকুন্ড, চট্টগ্রাম",১,Male
১৭১০,মিটন চন্দ্র দাস,১৫০২৯৫০০১১৪৮,পুলিন চন্দ্র দাস,রুপসী দাস,"জলদাস বাড়ী, উত্তর বগাচতর, বগাচতর, সীতাকুন্ড, চট্টগ্রাম",১,Male
১৭১১,মোঃ মাকছুদ অর রশীদ সজীব,১৫০২৯৫০০১১৪৯,হারুন অর রশীদ,নাছিমা আক্তার,"আবদুল মুনাফ সওদাগর বাড়ী, উত্তর বগাচতর, সীতাকুন্ড, চট্টগ্রাম",১,Male
১৭১২,তানভিরুল ইসলাম,১৫০২৯৫০০১১৫১,মোঃ রফিকুল ইসলাম,মৃত লুৎফুর নাহার,"বাহার মাঝি বাড়ী, উত্তর বগাচতর, সীতাকুন্ড, চট্টগ্রাম",১,Male
১৭১৩,বাদল বাবু জলদাস,১৫০২৯৫০০১১৫৩,জগন্নাথ বাবু,নিধু বালা,"অনন্ত কুমার দাসের বাড়ী, উত্তর বগাচতর, বগাচতর, সীতাকুন্ড, চট্টগ্রাম",১,Male
১৭১৪,তানিন হোসেন,১৫০২৯৫০০১১৫৪,সেলিম চৌধুরী,নাজমা বেগম,"রাজা মিয়া চৌধুরী বাড়ি, উত্তর বগাচতর, সীতাকুন্ড, চট্টগ্রাম",১,Male
১৭১৫,জাহেদ হোসেন,১৫০২৯৫০০১১৫৫,মোঃ সোলেমান,ছালেহা বেগম,"তোয়নী মীর বাড়ী, উত্তর বগাচতর, সীতাকুন্ড, চট্টগ্রাম",১,Male
১৭১৬,মোঃ আতিকুর রহমার,১৫০২৯৫০০১১৫৭,নূরুল মোস্তফা,রেহানা আক্তার,"লালমোহোন গোমস্তা বাড়ী, উওর বগাচতর, সীতাকুন্ড, চট্টগ্রাম",১,Male
১৭১৭,মোবারক হোসেন,১৫০২৯৫০০১১৫৮,আবুল হোসেন,ফিরোজা,"হোরা কাজীর বাড়ী, উঃ বগাচতর, বগাচতর, সীতাকুন্ড, চট্টগ্রাম",১,Male
১৭১৮,মোঃ সাকিব হোসেন,১৫০২৯৫০০১১৫৯,আবু তাহের,নূর নাহার,"তোরানী মীর বাড়ী, উত্তর বগাচতর, উত্তর বগাচতর, সীতাকুন্ড, চট্টগ্রাম",১,Male
১৭১৯,মোঃ জাবেদ হোসেন ভুঁইয়া,১৫০২৯৫০০১১৬০,মোঃ আবু হেনা ভুইয়া,আলেয়া বেগম,"তোফর আলী ভূঁইয়া বাড়ী, উত্তর বগাচতর, বগাচতর, সীতাকুন্ড, চট্টগ্রাম",১,Male
১৭২০,ইমাম হোসেন,১৫০২৯৫০০১১৬১,মোঃ ফকির,দিলুয়ারা বেগম,"আব্দুল মজিদ বাড়ী, উত্তর বগাচতর, সীতাকুন্ড, চট্টগ্রাম",১,Male
১৭২১,শাহেদ আলী,১৫০২৯৫০০১১৬২,মোঃ ফয়েজ উল্যাহ খান,সাবিনা ইয়াছমিন,"মানসফিভূঁইয়া বাড়ী, উওর বগাচতর, সীতাকুন্ড, চট্টগ্রাম",১,Male
১৭২২,মোঃ শাহরিয়ার হোসেন,১৫০২৯৫০০১১৬৬,মোঃ কিবরিয়া,শামীমা আরা বেগম,"হুর মত খঁা ভূইয়া বাড়ী, উত্তর বগাচতর, সীতাকুন্ড, চট্টগ্রাম",১,Male
১৭২৩,আমজাদ খান ইমন,১৫০২৯৫০০১১৬৮,মোঃ আজম খান,জোহরা আক্তার,"নূর হোসেন মিস্ত্রী বাড়ী, উত্তর বগাচতর, সীতাকুন্ড, চট্টগ্রাম",১,Male
১৭২৪,মেহেদী হাসান,১৫০২৯৫০০১১৬৯,মোঃ আবুল বশর,জরিনা খানম,"নূর আহম্মদ সারাংয়ের বাড়ী, উত্তর বগাচতর, সীতাকুন্ড, চট্টগ্রাম",১,Male
১৭২৫,মোঃ আবু তৈয়ব,১৫০২৯৫০০১১৭৩,নূর মোহাম্মদ,ফেরদৌস,"জমিদার বাড়ী, উওর বগাচতর, সীতাকুন্ড, চট্টগ্রাম৯৬চূড়ান্ত ভোটার তালিকাজেলা:চট্টগ্রামউপজেলা:সীতাকুন্ডইউনিয়ন:সৈয়দপুরডাকঘর:সীতাকুন্ডভোটার এলাকার কোড: ০২৯৫ভোটার এলাকার নাম: উত্তর বগাচতর",১,Male
১৭২৬,মোঃ সফিউল আকবর,১৫০২৯৫০০১১৭৪,মোঃ গোলাম হোসেন ভূঁইয়া,সুরমা আক্তার,"মান সফি ভুঁইয়া বাড়ী, উত্তর বগাচতর, সীতাকুন্ড, চট্টগ্রাম",১,Male
১৭২৭,শাহারিয়া হোসাইন,১৫০২৯৫০০১১৭৬,ইলিয়াছ কাইয়ুম,রাশেদা আক্তার,"আকরাম গোলদার বাড়ী, উত্তর বগাচতর, সীতাকুন্ড, চট্টগ্রাম",১,Male
১৭২৮,আখিল দাস,১৫০২৯৫০০১১৭৯,প্রফুল্যা,ামল,"জলদাস বাড়ী, উত্তর বগাচতর, বগাচতর, সীতাকুন্ড, চট্টগ্রাম",১,Male
১৭২৯,তারেক হোসেন,১৫০২৯৫০০১১৮০,ফয়েজ আহমদ,ফরিদা আক্তার,"হুরমত খঁা বাড়ী, বগাচতর, সীতাকুন্ড, চট্টগ্রাম",১,Male
১৭৩০,মোঃ রাকিব উদ্দিন,১৫০২৯৫০০১১৮১,কামাল উদ্দিন,সাবিনা আক্তার,"গাফারী চেয়ারম্যানের বাড়ী, উত্তর বগাচতর, বগাচতর, সীতাকুন্ড, চট্টগ্রাম",১,Male
১৭৩১,রিপন দাস,১৫০২৯৫০০১১৮২,দয়াল হরি,অস্টমী বালা,"জলদাস বাড়ী, উত্তর বগাচতর, সীতাকুন্ড, চট্টগ্রাম",১,Male
১৭৩২,আতিকুর রহমান,১৫০২৯৫০০১১৮৫,জয়নাল আবেদীন,ফেরদৌস আরা,"হেদু ভূঁইয়ার বাড়ী, উত্তর বগাচতর, সীতাকুন্ড, চট্টগ্রাম",১,Male
১৭৩৩,মোঃ জাবেদ হোসেন,১৫০২৯৫০০১১৮৬,মোহাম্মদ হানিফ,জেসমিন আক্তার,"তোয়ানী মীর বাড়ী, উত্তর বগাচতর, সীতাকুন্ড, চট্টগ্রাম",১,Male
১৭৩৪,মোঃ নাঈম উদ্দিন,১৫০২৯৫০০১১৮৮,মোঃ সাহাব উদ্দিন,আলেয়া বেগম,"তোয়ানী মীর বাড়ী, উত্তর বগাচতর, সীতাকুন্ড, চট্টগ্রাম",১,Male
১৭৩৫,মোঃ দবির মাহমুদ চৌধুরী,১৫০২৯৫০০১১৮৯,মৃত নিজাম উদ্দিন,খালেদা আক্তার শিপু,"মোক্রমআলী সারেং বাড়ী, উত্তর বগাচতর, সীতাকুন্ড, চট্টগ্রাম",১,Male
১৭৩৬,মোহাম্মদ সোহরাব হোসাইন,১৫০২৯৫০০১১৯০,মোঃ জামাল উল্যা্যাহ,হোসনে আরা বেগম,"আবদুল মোনাফ সওদাগরের বাড়ী, উত্তর বগাচতর, সীতাকুন্ড, চট্টগ্রাম",১,Male
১৭৩৭,মোহসেন উদ্দীন,১৫০২৯৫০০১১৯১,আবুল কালাম,জোসনা আরা বেগম,"কেরামত আলী বাড়ী, উত্তর বগাচতর, সীতাকুন্ড, চট্টগ্রাম",১,Male
১৭৩৮,মোঃ মীর হোসেন,১৫০২৯৫০০১১৯২,সামসু উদ্দিন,নাছিমা আক্তার,"তোয়ানী মীর বাড়ী, উওর বগাচতর, সীতাকুন্ড, চট্টগ্রাম",১,Male
১৭৩৯,বিধান দাশ,১৫০২৯৫০০১১৯৩,পন দাশ,সাবিত্রী রাণী,"বজেন্দ্র কবিরাজ বাড়ি, উত্তর বগাচতর, বগাচতর, সীতাকুন্ড, চট্টগ্রাম",১,Male
১৭৪০,তারেক হোসেন,১৫০২৯৫০০১১৯৪,হারুন অর রশিদ,নিলুফা আক্তার,"আবদুল ভূঁইয়া বাড়ী, উত্তর বগাচতর, সীতাকুন্ড, চট্টগ্রাম",১,Male
১৭৪১,মোহাম্মদ শরীফুল ইসলাম,১৫০২৯৫০০১১৯৫,মোঃ আবু নছর,জাহানারা বেগম,"গোলদার বাড়ী, উত্তর বগাচতর, সীতাকুন্ড, চট্টগ্রাম",১,Male
১৭৪২,মোহাম্মদ আলী,১৫০২৯৫০০১১৯৬,অলি উল্যাাহ,সাজেদা আক্তার,"গোলদার বাড়ী, উত্তর বগাচতর, সীতাকুন্ড, চট্টগ্রাম",১,Male
১৭৪৩,নেছার উদ্দিন মেজবা,১৫০২৯৫০০১১৯৭,মৃত রশিদ আহম্মদ নিজামী,কাউছার ইয়াছমীন,"আব্দুল মুনাফ সওদাগর বাড়ী, উত্তর বগাচতর, সীতাকুন্ড, চট্টগ্রাম৯৭চূড়ান্ত ভোটার তালিকাজেলা:চট্টগ্রামউপজেলা:সীতাকুন্ডইউনিয়ন:সৈয়দপুরডাকঘর:সীতাকুন্ডভোটার এলাকার কোড: ০২৯৫ভোটার এলাকার নাম: উত্তর বগাচতর",১,Male
১৭৪৪,মোঃ শাকিব উদ্দিন,১৫০২৯৫০০১২০১,কামাল উদ্দীন,সাবিনা আক্তার,"গাফফারী চেয়ারম্যানের বাড়ী, উঃ বগাচতর, বগাচতর, সীতাকুন্ড, চট্টগ্রাম",১,Male
১৭৪৫,মোহাম্মদ সজিব,১৫০২৯৫০০১২০২,মোঃ মোজাম্মেল হক,রেহানা বেগম,"জমদার বাড়ি, উত্তর বগাচতর, সীতাকুন্ড, চট্টগ্রাম",১,Male
১৭৪৬,মোহাম্মদ জাহিদ হাসান,১৫০২৯৫০০১২০৩,মোঃ নূরুল আমিন,খালেদা নাসরিন,"ওমর খঁা পাঠান বাড়ী, উত্তর বগাচতর, বগাচতর, সীতাকুন্ড, চট্টগ্রাম",১,Male
১৭৪৭,মোঃ মাহফুজুর রহমান,১৫০২৯৫০০১২০৪,সিরাজউদৌল্যাা,জোসনা বেগম,"হুরমত খা ভূইয়া বাড়ী, ১ নং, উত্তর বগাচতর, সীতাকুন্ড, চট্টগ্রাম",১,Male
১৭৪৮,আবদুল্যাা আল জাকারীয়া,১৫০২৯৫০০১২০৫,মোঃ ইসমাইল,রুমা আক্তার,"মানসফি ভূঁইয়ার বাড়ি, উত্তর বগাচত্তর, বাঘা ছাত্তার, সীতাকুন্ড, চট্টগ্রাম",১,Male
১৭৪৯,শেখ ফরিদ ইসলাম,১৫০২৯৫০০১২০৭,কলিম উদ্দিন,জাহেদা বেগম,"নূর আহং সারেং বাড়ি, উত্তর বগাচতর, সীতাকুন্ড, চট্টগ্রাম",১,Male
১৭৫০,মনিন্দ্র দাস,১৫০২৯৫০০১২০৯,হরি মোহন দাস,চাতক বালা,"জলদাস বাড়ী, উত্তর বগাচাতর, সীতাকুন্ড, চট্টগ্রাম",১,Male
১৭৫১,দিলীপ জলদাস,১৫০২৯৫০০১২১০,রবিন্দ্র জলদাস,প তারা,"জলদাস বাড়ী, বগাচতর, সীতাকুন্ড, চট্টগ্রাম",১,Male
১৭৫২,তারেক হোসেন,১৫০২৯৫০০১২১৩,মোহাম্মদ ইউনূছ,হাসনা বেগম,"হাবিব উল্যাাহ মীর বাড়ী, উঃ বগাচতর, সীতাকুন্ড, চট্টগ্রাম",১,Male
১৭৫৩,মোরশেদ হোসেন,১৫০২৯৫০০১২১৪,আবু জাফর,রহিমা বেগম,"নূর আহমেদ সারেং বাড়ি, বাঘা ছাত্তার, সীতাকুন্ড, চট্টগ্রাম",১,Male
১৭৫৪,আশিকুল আলম রহিত,১৫০২৯৫০০১২১৭,বদরুল আলম,শিরিনা আক্তার,"শেখ মনছুর কাজী বাড়ী, উওর বগাচতর, সীতাকুন্ড, চট্টগ্রাম",১,Male
১৭৫৫,শাহরিয়া রিমন,১৫০২৯৫০০১২১৮,আনোয়ারুল ইসলাম,জোসনা আরা বেগম,"কেরামত আলী বাড়ি, সাইদপুর, সীতাকুন্ড, চট্টগ্রাম",১,Male
১৭৫৬,মহসিন আর রশিদ,১৫০২৯৫০০১২২০,হারুন অর রশীদ,নাছিমা আক্তার,"আবদুল মুনাফ সওদাগরের বাড়ী, উত্তর বগাচতর, সীতাকুন্ড, চট্টগ্রাম",১,Male
১৭৫৭,মারুফুল ইসলাম,১৫০২৯৫০০১২২৪,মহিউদ্দিন,রোকেয়া বেগম,"সাম মাঝি বাড়ী, উঃ বগাচতর, উত্তর বগাচতর, সীতাকুন্ড, চট্টগ্রাম",১,Male
১৭৫৮,সজীব দাস,১৫০২৯৫০০১২২৬,অনাথ ব,রাধা রাণী,"জরদাস পাড়া, উত্তর বগাচতর, সীতাকুন্ড, চট্টগ্রাম",১,Male
১৭৫৯,জয়দেব দাশ,১৫০২৯৫০০১২২৭,হরি দাশ,বিটু রানী দাশ,"জলদাস বাড়ী, উত্তর বগাচতর, সীতাকুন্ড, চট্টগ্রাম",১,Male
১৭৬০,তৌহিদুল আলম,১৫০২৯৫০০১২২৯,নূরুল আলম,বেবী আক্তার,"কালামিয়া মাঝি বাড়ী, উওর বগাচতর, সীতাকুন্ড, চট্টগ্রাম",১,Male
১৭৬১,আব্দুল্যাাহ আল মাসুম,১৫০২৯৫০০১২৩০,মোঃ নূরুল গনি,নাছিমা আক্তার,"জমদার বাড়ী, উত্তর বগাচতর, সীতাকুন্ড, চট্টগ্রাম৯৮চূড়ান্ত ভোটার তালিকাজেলা:চট্টগ্রামউপজেলা:সীতাকুন্ডইউনিয়ন:সৈয়দপুরডাকঘর:সীতাকুন্ডভোটার এলাকার কোড: ০২৯৫ভোটার এলাকার নাম: উত্তর বগাচতর",১,Male
১৭৬২,ফয়সাল উদ্দিন,১৫০২৯৫০০১২৩১,মোঃ সাহাব উদ্দিন,নূর জাহান বেগম,"চৌকিদার বাড়ী, উত্তর বগাচতর, বগাচতর, সীতাকুন্ড, চট্টগ্রাম",১,Male
১৭৬৩,নাকিব মাহমুদ,১৫০২৯৫০০১২৩৩,মোঃ নাছির উদ্দিন,সাজেদা আক্তার,"আব্দুল ভূইয়ার বাড়ী, বগাচতর, সীতাকুন্ড, চট্টগ্রাম",১,Male
১৭৬৪,রীপু জলদাস,১৫০২৯৫০০১২৩৪,নেপাল,নিপুর বালা,"জলদাস বাড়ী, উত্তর বগাচতর, বগাচতর, সীতাকুন্ড, চট্টগ্রাম",১,Male
১৭৬৫,জানে আলম শিপন,১৫০২৯৫০০১২৩৫,মফিজুল হক,আকলিমা,"উজির আলী ফকিরের বাড়ী, উত্তর বগাচতর, সীতাকুন্ড, চট্টগ্রাম",১,Male
১৭৬৬,চন্দ্র দিয়া,১৫০২৯৫০০১২৩৭,কৃষ্ণ জলদাস,তুফানী,"জলদাস বাড়ী, উত্তর বগাচতর, বগাচতর, সীতাকুন্ড, চট্টগ্রাম",১,Male
১৭৬৭,নাঈম উদ্দীন,১৫০২৯৫০০১২৪০,মোঃ নাছির উদ্দিন,শাহানা আক্তার,"গাফারী চেয়ারম্যান বাড়ী, উঃ বগাচতর, বগাচতর, সীতাকুন্ড, চট্টগ্রাম",১,Male
১৭৬৮,বিজয় দাস,১৫০২৯৫০০১২৪১,যতীন্দ্র জলদাস,শ্রীী মতি,"জলদাস বাড়ী, উত্তর বগাচতর, বগাচতর, সীতাকুন্ড, চট্টগ্রাম",১,Male
১৭৬৯,নয়ন জলদাস,১৫০২৯৫০০১২৪৩,বাবুল জলদাশ,সাধন বালা,"জলদাস বাড়ী, উত্তর বগাচতর, সীতাকুন্ড, চট্টগ্রাম",১,Male
১৭৭০,রাকিব হুসাইন,১৫০২৯৫০০১২৪৫,মহিউদ্দিন,ফরিদা ইয়াছমীন,"মনূ ভূঁইয়া বাড়ি, উত্তর বগাচতর, সীতাকুন্ড, চট্টগ্রাম",১,Male
১৭৭১,মোঃ শরীফুল ইসলাম,১৫০২৯৫০০১২৪৬,মোঃ আলমগীর চৌধুরী,সাবিনা ইয়াছমিন,"আাস মিয়ার বাড়ী, উত্তর বগাচতর, সীতাকুন্ড, চট্টগ্রাম",১,Male
১৭৭২,মোহাম্মদ তহিদুল ইসলাম,১৫০২৯৫০০১২৪৭,মোঃ রেজাউল করিম,নাজমা আক্তার,"রাজা মিয়া চৌধুরী বাড়ী, উত্তর বগাচতর, বগাচতর, সীতাকুন্ড, চট্টগ্রাম",১,Male
১৭৭৩,আইনূল কবির,১৫০২৯৫০০১২৪৮,হুমায়ুন কবির,সাহানা আকতার,"বাহাদুল্যাাহ দজর্ি বাড়ী, উত্তর বগাচতর, সীতাকুন্ড, চট্টগ্রাম",১,Male
১৭৭৪,অন্তর দাস,১৫০২৯৫০০১২৪৯,মতিলাল দাস,স্যা রাণী দাশ,"জলদাস বাড়ী, উত্তর বগাচতর, সীতাকুন্ড, চট্টগ্রাম",১,Male
১৭৭৫,সাগর দাস,১৫০২৯৫০০১২৫০,সুধী রাম,নয়ন বালা,"জলদাস বাড়ী, উত্তর বগাচতর, বগাচতর, সীতাকুন্ড, চট্টগ্রাম",১,Male
১৭৭৬,আরমান হোসেন,১৫০২৯৫০০১২৫১,মফিজুর রহমান,দিল আফরোজ বেগম,"কেরামত আলীর বাড়ী, উত্তর বগাচতর, সীতাকুন্ড, চট্টগ্রাম",১,Male
১৭৭৭,মোঃ সায়েদ খঁান,১৫০২৯৫০০১২৫৩,জাফর উল্যাা,পেয়ারা বেগম,"হুরমত খা ভু◌্ইয়া বাড়ী, উত্তর বগাচতর, সীতাকুন্ড, চট্টগ্রাম",১,Male
১৭৭৮,বিজয় দাস,১৫০২৯৫০০১২৫৫,হরি মোহন দাস,কান বালা,"জলদাস বাড়ি, উত্তর বগাচত্তর, সীতাকুন্ড, চট্টগ্রাম",১,Male
১৭৭৯,নয়ন জলদাশ,১৫০২৯৫০০১২৫৬,মঙ্গল জল দাশ,মায়া রাণী,"জলদাস বাড়ী, উত্তর বগাচতর, সীতাকুন্ড, চট্টগ্রাম৯৯চূড়ান্ত ভোটার তালিকাজেলা:চট্টগ্রামউপজেলা:সীতাকুন্ডইউনিয়ন:সৈয়দপুরডাকঘর:সীতাকুন্ডভোটার এলাকার কোড: ০২৯৫ভোটার এলাকার নাম: উত্তর বগাচতর",১,Male
১৭৮০,তানজির,১৫০২৯৫০০১২৫৭,শামছুদ্দিন,কুলচুমা আকতার,"আব্দুল ভূইয়া বাড়ী, উঃ বগাচতর, সীতাকুন্ড, চট্টগ্রাম",১,Male
১৭৮১,মোঃ আরাফাত হোসেন,১৫০২৯৫০০১২৫৮,আমিনূল হক,হোসনেয়ারা বেগম,"রবি হুজুরের বাড়ী, উঃ বগাচতর, বগাচতর, সীতাকুন্ড, চট্টগ্রাম",১,Male
১৭৮২,জাহেদ হোসেন,১৫০২৯৫০০১২৫৯,বদিউজ্জামান,খতিজা বেগম,"হোরা কাজী বাড়ী, উত্তর বগাচতর, সীতাকুন্ড, চট্টগ্রাম",১,Male
১৭৮৩,দিদারুল আলম,১৫০২৯৫০০১২০০,আবুল হোসেন,নূরের নাহার,"৭৭২, বগাচতর, সীতাকুন্ড, চট্টগ্রাম",১,Male
১৭৮৪,মোঃ মিনহাজ উদ্দীন,১৫০২৯৫৩৪৯৮১৮,মফিজুর রহমান,রাজধন বেগম,"হাবিব উল্যাহ মীর বাড়ী, উঃ বগাচতর, বগাচতর, সীতাকুন্ড, চট্টগ্রাম",১,Male
১৭৮৫,আবু ছায়েদ,১৫০২৯৫০০১১৯৯,জয়নাল আবদিন,নূরুন নাহার,"উত্তর বগাচতর, বগাচতর, সীতাকুন্ড, চট্টগ্রাম",১,Male
১৭৮৬,মোঃ ইসমাইল উদ্দীন,১৫০২৯৫৩৪৯৮২২,আমিনূল হক,আবিধন,"হোরা কাজী বাড়ী, উত্তর বগাচতর, বগাচতর, সীতাকুন্ড, চট্টগ্রাম",১,Male
১৭৮৭,সাজ্জাদ হোসেন,১৫০২৯৫৩৪৯৮২৫,মোঃ মাহাবুবুল হক,আক্তার বানূ,"বজলের রহমানের ভূঁঞা বাড়ী, উত্তর বগাচতর, সীতাকুন্ড, চট্টগ্রাম",১,Male
১৭৮৮,এস এম সিরাজ উল্যাা খান,১৫০২৯৫৩৪৯৮১৯,রহিম ব,বিবি রহিমা,"নূরুল হক হাজী বাড়ি, বগাচতর, বাঘা ছাত্তার, সীতাকুন্ড, চট্টগ্রাম",১,Male
১৭৮৯,মোহাম্মদ গোলাম রহমান,১৫০২৯৫৩৪৯৮২৩,মোহাম্মদ আমির হোসেন,আনোয়ারা বেগম,"ওমর খঁা পাঠান বাড়ী, উত্তর বগাচতর, বাঘা ছাত্তার, সীতাকুন্ড, চট্টগ্রাম",১,Male
১৭৯০,আশরাফুল ইসলাম,১৫০২৯৫০০০১৭৮,মোঃ এরশাদ,মমতাজ বেগম,"লাতু চৌকিদার বাড়ী, উত্তর বগাচতর, বগাচতর, সীতাকুন্ড, চট্টগ্রাম",১,Male
১৭৯১,বিব হোসেন,১৫০২৯৫০০১২৬৬,মোহাম্মদ ইউনূছ,রিজিয়া বেগম,"লাতু চৌকিদার বাড়ী, উত্তর বগাচতর, বগাচতর, সীতাকুন্ড, চট্টগ্রাম",১,Male
১৭৯২,মোঃ রিয়াজ উদ্দীন,১৫০২৯৫০০১২৬৮,আনোয়ার আজিম,রাজিয়া সুলতানা,"মুনছুর কাজী বাড়ী, উত্তর বগাচতর, বগাচতর, সীতাকুন্ড, চট্টগ্রাম",১,Male
১৭৯৩,আব্দুল হাকিম,১৫০২৯৫০০১২৬৯,আব্দুল কাদের,পারভীন বেগম,"ছাবের আলী বাড়ী, বগাচতর, সীতাকুন্ড, চট্টগ্রাম",১,Male
১৭৯৪,ইমাম হোসেন,১৫০২৯৫০০১২৭০,আমান উল্যাাহ,রহিমা আক্তার,"০৮০৫, উত্তর বগাচতর, বগাচতর, সীতাকুন্ড, চট্টগ্রাম",১,Male
১৭৯৫,নাইম উদ্দিন,১৫০২৯৫০০১২৭৫,জালাল উদ্দিন,জোছনা আরা বেগম,"০৪৭৫ গোলদার বাড়ি, উত্তর বগাচতর, বগাচতর, সীতাকুন্ড, চট্টগ্রাম",১,Male
১৭৯৬,মোঃ মেহেদী হাসান,১৫০২৯৫০০১২৮০,মোঃ আলা উদ্দীন,রেহেনা আক্তার,"আব্দুল ভূঞা বাড়ী, উত্তর বগাচতর, বগাচতর, সীতাকুন্ড, চট্টগ্রাম",১,Male
১৭৯৭,মোঃ শিহাবুর রহমান,১৫০২৯৫০০১২৮২,মোঃ ছৈয়দের রহমান,শামিমা আক্তার,"২৩৮, গাফফারী চেয়ারম্যানের বাড়ী, উত্তর বগাচতর, বগাচতর, সীতাকুন্ড, চট্টগ্রাম১০০চূড়ান্ত ভোটার তালিকাজেলা:চট্টগ্রামউপজেলা:সীতাকুন্ডইউনিয়ন:সৈয়দপুরডাকঘর:সীতাকুন্ডভোটার এলাকার কোড: ০২৯৫ভোটার এলাকার নাম: উত্তর বগাচতর",১,Male
১৭৯৮,মোঃ মাসুদ,১৫০২৯৫০০১২৮৬,নূর মোহাম্মদ,কাওছার পারভীন,"৬৮৭, মুনছুর কাজী বাড়ী, উঃ বগাচতর, বগাচতর, সীতাকুন্ড, চট্টগ্রাম",১,Male
১৭৯৯,রাকিব হোসাইন,১৫০২৯৫০০১২৯০,আবু জাফর,রহিমা বেগম,"০২১০, উত্তর বগাচতর, বগাচতর, সীতাকুন্ড, চট্টগ্রাম",১,Male
১৮০০,মোহাম্মদ শাকিবুল ইসলাম,১৫০২৯৫০০১২৯৩,মোঃ শেখ ফরিদ,হাছিনা আক্তার,"০২৩৬, উত্তর বগাচতর, বগাচতর, সীতাকুন্ড, চট্টগ্রাম",১,Male
১৮০১,মেহেরাজ হোসেন,১৫০২৯৫০০১২৯৪,সাহাব উদ্দিন,বিবি মরিয়ম,"সাহাব উদ্দীনের বাড়ী, উত্তর বগাচতর, বগাচতর, সীতাকুন্ড, চট্টগ্রাম",১,Male
১৮০২,বিজয় জলদাস,১৫০২৯৫০০১২৯৬,মতুরা জলদাস,নিপুর বালা,"মতুরা বাড়ী, উঃ বগাচতর, বগাচতর, সীতাকুন্ড, চট্টগ্রাম",১,Male
১৮০৩,মোঃ আল জুবায়ের ফাহিম,১৫০২৯৫০০১২৯৭,মোঃ সোলেমান,ছালেহা বেগম,"তেয়োনী মীর বাড়ি, উত্তর বগাচতর, বগাচতর, সীতাকুন্ড, চট্টগ্রাম",১,Male
১৮০৪,মোঃ নূরুল আমিন রিয়াত,১৫০২৯৫০০১৩০০,নূরুল নবী,রেহেনা আক্তার,"০৩৫৭, উত্তর বগাচতর, বগাচতর, সীতাকুন্ড, চট্টগ্রাম",১,Male
১৮০৫,ইসরাত হাসান ভ,১৫০২৯৫০০১৩০১,মোঃ সাহাব উদ্দিন,নাছরিন আক্তার পলি,"সাহাব উদ্দীনের বাড়ী, উত্তর বগাচতর, বগাচতর, সীতাকুন্ড, চট্টগ্রাম",১,Male
১৮০৬,রিফাত,১৫০২৯৫০০১৩০৩,মোঃ রহমত উল্যাা,সাজেদা বেগম,"গোলদার বাড়ী ০৩৪৬, উত্তর বগাচতর, বগাচতর, সীতাকুন্ড, চট্টগ্রাম",১,Male
১৮০৭,বোরহান উদ্দিন,১৫০২৯৫০০১৩০৬,নিজাম উদ্দিন,ছকিনা আক্তার,"তোয়ানী বাড়ী, উত্তর বগাচতর, বগাচতর, সীতাকুন্ড, চট্টগ্রাম",১,Male
১৮০৮,আব্দুল্যাাহ আল আতাহা,১৫০২৯৫০০১৩০৯,আবদুল মুনাার,সাজেদা পারভিন,"হাজী গোলামনূর মাস্টারের বাড়ী, উত্তর বগাচতর, বগাচতর, সীতাকুন্ড, চট্টগ্রাম",১,Male
১৮০৯,আব্দুল আল নোমান,১৫০২৯৫০০১৩১২,মোহাম্মদ ইসমাইল,চশমা আরা বেগম,"০৩৬২, উত্তর বগাচতর, বগাচতর, সীতাকুন্ড, চট্টগ্রাম",১,Male
১৮১০,জগদিস চন্দ্র জলদাস,১৫০২৯৫০০১৩১৯,শ্রীীধাম জলদাস,মহারানী,"কালী কৃষ্ণ জলদাসের বাড়ী, উঃ বগাচতর, বগাচতর, সীতাকুন্ড, চট্টগ্রাম",১,Male
১৮১১,মোঃ শরীফ হোসেন ভূঁইয়া,১৫০২৯৫০০১৩২২,বেলায়েত হোসেন ভূঁইয়া,রাশেদা আক্তার,"তোফর আলী ভূঁইয়া বাড়ী, উঃ বগাচতর, বগাচতর, সীতাকুন্ড, চট্টগ্রাম",১,Male
১৮১২,মোঃ ইমতিয়াজ উদ্দিন,১৫০২৯৫০০১৩২৭,মোঃ ইমাম উদ্দিন,নাহিদা আক্তার,"আবদুল ভূঁইয়া বাড়ী, উত্তর বগাচতর, বগাচতর, সীতাকুন্ড, চট্টগ্রাম",১,Male
১৮১৩,তাওসিব ছামিউল,১৫০২৯৫০০১৩৩০,সানা উল্যা্যাহ,শিরিনা আক্তার,"আাস মিয়ার বাড়ী, উত্তর বগাচতর, বগাচতর, সীতাকুন্ড, চট্টগ্রাম",১,Male
১৮১৪,মাশরাফুল ইবনান,১৫০২৯৫০০১৩৩১,মোহাম্মদ হোসেন,তাহুরা আক্তার,"২৬৩, উত্তর বগাচতর, বগাচতর, সীতাকুন্ড, চট্টগ্রাম",১,Male
১৮১৫,আব্দুর রহমান সিরাজী,১৫০২৯৫০০১৩৩২,মোহাম্মদ সিরাজ,বিবি আয়শা,"কেরামত আলী সওঃ বাড়ী, উত্তর বগাচতর, বগাচতর, সীতাকুন্ড, চট্টগ্রাম১০১চূড়ান্ত ভোটার তালিকাজেলা:চট্টগ্রামউপজেলা:সীতাকুন্ডইউনিয়ন:সৈয়দপুরডাকঘর:সীতাকুন্ডভোটার এলাকার কোড: ০২৯৫ভোটার এলাকার নাম: উত্তর বগাচতর",১,Male
১৮১৬,আবদুল্যাা বিন মফিজ,১৫০২৯৫০০১৩৩৬,মফিজুর রহমান,কামরুজ্জাহান,"ছদিক মৌলভীর বাড়ী, উত্তর বগাচতর, বগাচতর, সীতাকুন্ড, চট্টগ্রাম",১,Male
১৮১৭,রাশেদুল আলম মিরাজ,১৫০২৯৫০০১৩৩৯,সামছুল আলম,আছমা খাতুন,"মুনছুর কাজী বাড়ী, উত্তর বগাচতর, বগাচতর, সীতাকুন্ড, চট্টগ্রাম",১,Male
১৮১৮,তোফাজ্জেল হোসেন সাগর,১৫০২৯৫০০১৩৪৩,আবুল কালাম,জাহানারা বেগম,"মুনছুর কাজী বড়ী, উঃ বগাচতর, বগাচতর, সীতাকুন্ড, চট্টগ্রাম",১,Male
১৮১৯,মোহাম্মদ সাজ্জাত হোসেন,১৫০২৯৫০০১৩৪৫,আবু জাফর,নাজমা আক্তার,"মুনছুর কাজী বাড়ী ০৭২২, উত্তর বগাচতর, বগাচতর, সীতাকুন্ড, চট্টগ্রাম",১,Male
১৮২০,মুশফিকুর জিহাদ,১৫০২৯৫০০১৩৪৮,আবদুল আনসার,জেবনা আফরোজ,"কেরামত আলী সওদাগরের বাড়ী, উত্তর বগাচতর, বগাচতর, সীতাকুন্ড, চট্টগ্রাম",১,Male
১৮২১,মাঈন উদ্দীন,১৫০২৯৫০০১৩৬৩,মুহাম্মদ ইিস,বিবি আয়েশা,"কেরামত আলী বাড়ী ০৬৪৬, উত্তর বগাচতর, বগাচতর, সীতাকুন্ড, চট্টগ্রাম",১,Male
১৮২২,ইমতিয়াছ হোসেন রিহান,১৫০২৯৫০০১৩৬৪,মোহাম্মদ সবুজ,আকলিমা বেগম,"০৩৪৭, উত্তর বগাচতর, বগাচতর, সীতাকুন্ড, চট্টগ্রাম",১,Male
১৮২৩,ইউনূছ মিয়া,১৫০২৯৫০০১৩৬৯,মৃত মোঃ জয়নাল আবেদীন,মনোয়ারা বেগম,"জয়নালের বাড়ী, উত্তর বগাচতর, বগাচতর, সীতাকুন্ড, চট্টগ্রাম",১,Male
১৮২৪,মোঃ হাসনাত হোসেন,১৫০২৯৫০০১৩৭০,মোঃ আবুল কাশেম,শামীমা ইয়াছিমন,"মুনছুর কাজীর বাড়ী, উত্তর বগাচতর, বগাচতর, সীতাকুন্ড, চট্টগ্রাম",১,Male
১৮২৫,মোঃ তাসনিমুল হাসান,১৫০২৯৫০০১৩৭৫,মৃত মোঃ আলমগীর হোসেন,নাজমা আক্তার,"০৪৮১, উত্তর বগাচতর, বগাচতর, সীতাকুন্ড, চট্টগ্রাম",১,Male
১৮২৬,তাওছিফুল ইসলাম,১৫০২৯৫০০১৩৮০,মোঃ ওমর ফারুক,রোজিনা আক্তার,"০৫২৮, হাজী গোলামনূর মাস্টার বাড়ী, উত্তর বগাচতর, বগাচতর, সীতাকুন্ড, চট্টগ্রাম",১,Male
১৮২৭,মির মাহিন,১৫০২৯৫০০১৩৮১,মনির হোসেন,আছমা আক্তার,"হুরমত খঁা বাড়ী, উত্তর বগাচতর, বগাচতর, সীতাকুন্ড, চট্টগ্রাম",১,Male
১৮২৮,জসিম উদ্দিন,১৫০২৯৫০০১৩৮৭,মৃত আমির হোসেন,পেয়ারা বেগম,"আমির হোসেনের বাড়ী, উত্তর বগাচতর, বগাচতর, সীতাকুন্ড, চট্টগ্রাম",১,Male
১৮২৯,মাহিম উদ্দীন,১৫০২৯৫০০১৩৮৮,নূর উদ্দিন,আকলিমা আক্তার,"আবু তাহের সওঃ বাড়ী, উত্তর বগাচতর, বগাচতর, সীতাকুন্ড, চট্টগ্রাম",১,Male
১৮৩০,মোঃ শাহরিয়াত হোসাইন,১৫০২৯৫০০১৩৯১,সামছুল আরেফিন মুহাম্মদ মাঈনূ হোসাইন,মমতাজ বেগম,"হাজী গোলামনূর মাস্টার বাড়ী, উঃ বগাচতর, বগাচতর, সীতাকুন্ড, চট্টগ্রাম",১,Male
১৮৩১,মোঃ চায়মন হাসান,১৫০২৯৫০০১৩৯২,মোঃ জসিম উদ্দিন,শাহানা আক্তার,"চদিক মোল্যাার বাড়ী, উঃ বগাচতর, বগাচতর, সীতাকুন্ড, চট্টগ্রাম",১,Male
১৮৩২,আশরাফুর রহমান,১৫০২৯৫০০১৩৯৩,মোঃ সেলিম,আলেয়া বেগম,"হেদু ভূঁইয়া বাড়ী, উঃ বগাচতর, বগাচতর, সীতাকুন্ড, চট্টগ্রাম",১,Male
১৮৩৩,শাহরিয়ার আলমাস সামি,১৫০২৯৫০০১৩৯৬,মোঃ মহিউদ্দীন,মোছাম্মৎ জান্নাতুন নাঈম,"৩৬৭০ নূরুল হক হাজী বাড়ী, উত্তর বগাচতর, বগাচতর, সীতাকুন্ড, চট্টগ্রাম১০২চূড়ান্ত ভোটার তালিকাজেলা:চট্টগ্রামউপজেলা:সীতাকুন্ডইউনিয়ন:সৈয়দপুরডাকঘর:সীতাকুন্ডভোটার এলাকার কোড: ০২৯৫ভোটার এলাকার নাম: উত্তর বগাচতর",১,Male
১৮৩৪,মোঃ তারিফুল ইসলাম,১৫০২৯৫০০১৩৯৭,ইউনূচ মিয়া,জাহানারা বেগম,"৩৯৮, রবিউল হাসানের বাড়ী, উঃ বগাচতর, বগাচতর, সীতাকুন্ড, চট্টগ্রাম",১,Male
১৮৩৫,নাজমুল হাছান,১৫০২৯৫০০১৩৯৮,সাহাদাত হোসেন,নাছিমা আক্তার,"শাহ আলম মাস্টার বাড়ী, উত্তর বগাচতর, বগাচতর, সীতাকুন্ড, চট্টগ্রাম",১,Male
১৮৩৬,তোফাজ্জল হোসেন ফরহাদ,১৫০২৯৫০০১৪০৫,নূরুল আলম,জরিনা বেগম,"৫৪৩১, উত্তর বগাচতর, বগাচতর, সীতাকুন্ড, চট্টগ্রাম",১,Male
১৮৩৭,সালমান আল সামি,১৫০২৯৫০০১৪০৭,মোশারফ হোসেন,লায়লা আক্তার,"আলমগীর আনসার বাড়ী, উত্তর বগাচতর, বগাচতর, সীতাকুন্ড, চট্টগ্রাম",১,Male
১৮৩৮,তাছকীদ আল তামিম,১৫০২৯৫০০১৪১২,মোহাম্মদ হারুন অর রশীদ,হাছিনা আক্তার,"হুরমত খঁা বাড়ী, উত্তর বগাচতর, বগাচতর, সীতাকুন্ড, চট্টগ্রাম",১,Male
১৮৩৯,মোঃ আরফিন ইসলাম সাফিত,১৫০২৯৫০০১৪১৩,মোঃ নজরুল ইসলাম,হাছিনা আক্তার,"গাফফারী চেয়ারম্যানের বাড়ী, উত্তর বগাচতর, বগাচতর, সীতাকুন্ড, চট্টগ্রাম",১,Male
১৮৪০,শাহরিয়ার হোসেন মুন,১৫০২৯৫০০১৪১৫,মোবারক হোসেন রাসেল,কহিনূর আক্তার,"হেদু ভূঁইয়া বাড়ী, উত্তর বগাচতর, বগাচতর, সীতাকুন্ড, চট্টগ্রাম",১,Male
১৮৪১,তাফসীরুল ইসলাম কাওসার,১৫০২৯৫০০১৪১৬,মোঃ মোজাম্মেল হক,দিলুয়ারা বেগম,"কেরামত আলী সওঃ বাড়ী, উঃ বগাচতর, বগাচতর, সীতাকুন্ড, চট্টগ্রাম",১,Male
১৮৪২,কামরুল হুদা,১৫০২৯৫০০১৪২০,মৃত ইাহীম হক,জোবেদা ইয়াছমিন,"হোসেন মৌলভী বাড়ী ০৪২৯, উত্তর বগাচতর, বগাচতর, সীতাকুন্ড, চট্টগ্রাম",১,Male
১৮৪৩,রাকিবুল হাসান,১৫০২৯৫০০১৪২৪,খায়রুল আলম,রিনা আক্তার,"বাহার মাঝী বাড়ী, উত্তর বগাচতর, বগাচতর, সীতাকুন্ড, চট্টগ্রাম",১,Male
১৮৪৪,মোঃ মেজবা উদ্দিন,১৫০২৯৫০০১৪২৫,আবদুর রহিম,নাজমা বেগম,"মুছা হাজী বাড়ী, উঃ বগাচতর, বগাচতর, সীতাকুন্ড, চট্টগ্রাম",১,Male
১৮৪৫,মিনহাজুল আজমির,১৫০২৯৫০০১৪২৭,আজিমুল হক,নূর নাহার বেগম,"হুরমত খঁা বাড়ী, উত্তর বগাচতর, বগাচতর, সীতাকুন্ড, চট্টগ্রাম",১,Male
১৮৪৬,মীর মোহাম্মদ আসিফ,১৫০২৯৫০০১৪২৮,শামছুদ্দীন,নাছিমা আক্তার,"তোয়ানী মীর বাড়ী, উত্তর বগাচতর, বগাচতর, সীতাকুন্ড, চট্টগ্রাম",১,Male
১৮৪৭,মোহাম্মদ আতিকুর রহমান,১৫০২৯৫৩৪৯৮২৯,মোহাম্মদ লুৎফুর রহমান,আয়েশা বেগম,"রফিউজ্জামান মাস্টার বাড়ী, উত্তর বগাচতর, বাঘা ছাত্তার, সীতাকুন্ড, চট্টগ্রাম",১,Male
১৮৪৮,জসিম উদ্দিন,১৫০২৯৫৩৪৯৮৩০,মোঃ নূর হোসেন,হাজেরা খাতুন,"মুনছুর কাজী বাড়ী, উত্তর বগাচতর, বগাচতর, সীতাকুন্ড, চট্টগ্রাম",১,Male
১৮৪৯,জিয়াউর রহমান,১৫০২৯৫৩৪৯৮৩১,আমিনূল হক,সুফিয়া বেগম,"গাফফারী চেয়ারম্যান বাড়ী, উত্তর বগাচতর, বগাচতর, সীতাকুন্ড, চট্টগ্রাম",১,Male
১৮৫০,মোঃ রিয়াজ উদ্দীন,১৫০২৯৫৩৪৯৮৩২,নাছির উদ্দিন,শাহানা আক্তার,"সাম মাঝি বাড়ী, উত্তর বগাচতর, সৈয়দপুর, সীতাকুন্ড, চট্টগ্রাম",১,Male
১৮৫১,মোঃ তারিকুল ইসলাম ভ,১৫০২৯৫৩৪৯৮৩৩,মোঃ নজরুল ইসলাম,হাছিনা আক্তার,"গাফফারী চেয়ারম্যানের বাড়ী, উত্তর বগাচতর, বগাচতর, সীতাকুন্ড, চট্টগ্রাম১০৩চূড়ান্ত ভোটার তালিকাজেলা:চট্টগ্রামউপজেলা:সীতাকুন্ডইউনিয়ন:সৈয়দপুরডাকঘর:সীতাকুন্ডভোটার এলাকার কোড: ০২৯৫ভোটার এলাকার নাম: উত্তর বগাচতর",১,Male
১৮৫২,সাইদুল হোসেন,১৫০২৯৫৩৪৯৮৩৪,লোকমান হোসেন,রুজিনা আক্তার,"হাজি বদিউজ্জামান বাড়ী, উত্তর বগাচতর, সীতাকুন্ড, চট্টগ্রাম",১,Male
১৮৫৩,মাহমুদুল হাসান মিলহান,১৫০২৯৫৩৪৯৮৩৬,মোহাম্মদ জাকারিয়া খালেদ,নাজমা আক্তার,"২৬৭, উত্তর বগাচতর, বগাচতর, সীতাকুন্ড, চট্টগ্রাম",১,Male
১৮৫৪,সালা উদ্দিন,১৫০২৯৫৩৪৯৮৩৮,আবুল মনছুর,চেনোয়ারা বেগম,"হুরমত খঁা ভূঁইয়া বাড়ী, উত্তর বগাচতর, বগাচতর, সীতাকুন্ড, চট্টগ্রাম",১,Male
১৮৫৫,আবু রেজা রিগান,১৫০২৯৫৩৪৯৮৩৯,আওরঙ্গজেব,কামরুজ্জাহান,"৭৪৫, আাস মিয়ার বাড়ী, উত্তর বগাচতর, বগাচতর, সীতাকুন্ড, চট্টগ্রাম",১,Male
১৮৫৬,নূরুল হুদা,১৫০২৯৫৩৪৯৮৪০,মৃত সিদ্দিক আহমেদ,মৃত চোককুনা খাতুন,"মুনছুর কাজী বাড়ী, উত্তর বগাচতর, বগাচতর, সীতাকুন্ড, চট্টগ্রাম",১,Male
১৮৫৭,নূরুল করিম,১৫০২৯৫৩৪৯৮৪২,মৃত মোঃ ফরিদ আহাম্মদ,নূর জাহান বেগম,"০১৬৪, উত্তর বগাচতর, বগাচতর, সীতাকুন্ড, চট্টগ্রাম",১,Male
১৮৫৮,মোহাম্মদ আলতাফ হোসেন,১৫০২৯৫৩৪৯৮৪৪,মৃত ফরিদ আহম্মদ,নূর জাহান বেগম,"কাদের মোল্যাাবাড়ী - ০১৬৪, ◌্উত্তর বগাচতর, বগাচতর, সীতাকুন্ড, চট্টগ্রাম",১,Male
১৮৫৯,সাইফুল ইসলাম,১৫০২৯৫৩৪৯৮৪৫,আবুল কালাম,আনোয়ারা বেগম,"আাস মিয়ার বাড়ী, উত্তর বগাচতর, জাফরনগর, সীতাকুন্ড, চট্টগ্রাম",১,Male
১৮৬০,রামজয় চক্রবত্র্তী,১৫০২৯৫৩৪৯৮৫১,শ্রীী বাসু দেব চক্রবত্র্তী,রিতা রানী চক্রবর্তী,"০০০৯, উত্তর বগাচতর, বগাচতর, সীতাকুন্ড, চট্টগ্রাম",১,Male
১৮৬১,জয়নাল আবেদীন,১৫০২৯৫৩৪৯৮৫৩,তাজু মিঞা,রুমা,"কালামিয়া মাঝি বাড়ী, উঃ বগাচতর, বগাচতর, সীতাকুন্ড, চট্টগ্রাম",১,Male
১৮৬২,আসরাফুল ইসলাম,১৫০২৯৫৩৪৯৮৫৫,মোঃ রবিউল আলম,অজিফা বেগম,"০২১৯, উঃ বগাচতর, বগাচতর, সীতাকুন্ড, চট্টগ্রাম",১,Male
১৮৬৩,মোঃ আব্দুল্যাাহ আল নোমান,১৫০২৯৫৩৪৯৮৬২,আবুল কালাম,আনোয়ারা বেগম,"০৬৬৪ হাজী জালাল আহম্মদ বাড়ী, উত্তর বগাচতর, বগাচতর, সীতাকুন্ড, চট্টগ্রাম",১,Male
১৮৬৪,গোলাম রানী,১৫০২৯৫৩৪৯৮৬৭,মৃত জয়নাল আবেদীন,নূরজাহান বেগম,"০২৮৪ মুছা কাজি বাড়ি, উঃ বগাচতর, বগাচতর, সীতাকুন্ড, চট্টগ্রাম",১,Male
১৮৬৫,মোহাম্মদ নাছির উদ্দীন,১৫০২৯৫৩৪৯৮৬৮,নূরের জামান,তাহেরুন নেছা,"নূর আহাং সারেং বাড়ী, উঃ বগাচতর, বগাচতর, সীতাকুন্ড, চট্টগ্রাম",১,Male
১৮৬৬,মোঃ আজমান হোসেন,১৫০২৯৫৩৪৯৮৬৯,মোঃ মোশারফ হোসেন,মাহফুজা সিদ্দিকা,"আবদুল ভূঁঞা বাড়ি, উত্তর বগাচতর, বগাচতর, সীতাকুন্ড, চট্টগ্রাম",১,Male
১৮৬৭,ষি জলদাস,১৫০২৯৫৩৪৯৮৭২,শ্রীীধাংসু জলদাস,দিপালী রানী,"জেলে বাড়ী, উত্তর বগাচতর, বগাচতর, সীতাকুন্ড, চট্টগ্রাম",১,Male
১৮৬৮,মোঃ রিফাত হোসেন,১৫০২৯৫৩৪৯৮৭৩,মোঃ রবিউল হোসেন,মোছাঃ খালেদা পারভীন,"দজর্ি বাড়ী, উত্তর বগাচতর, বগাচতর, সীতাকুন্ড, চট্টগ্রাম",১,Male
১৮৬৯,মোঃ রায়হান,১৫০২৯৫৩৪৯৮৭৪,নিজাম উদ্দীন,ছকিনা আক্তার,"তোয়ানী মীর বাড়ী, উত্তর বগাচতর, বগাচতর, সীতাকুন্ড, চট্টগ্রাম১০৪চূড়ান্ত ভোটার তালিকাজেলা:চট্টগ্রামউপজেলা:সীতাকুন্ডইউনিয়ন:সৈয়দপুরডাকঘর:সীতাকুন্ডভোটার এলাকার কোড: ০২৯৫ভোটার এলাকার নাম: উত্তর বগাচতর",১,Male
১৮৭০,মোঃ ইলিয়াছ,১৫০২৯৫৩৪৯৮৭৫,নজরুল ইসলাম,মনোয়ারা,"হেচা গাজীর বাড়ী, উত্তর বগাচতর, বগাচতর, সীতাকুন্ড, চট্টগ্রাম",১,Male
১৮৭১,আকরাম খঁান সালমান,১৫০২৯৫৩৪৯৮৭৭,মোঃ আজম খান,জোহরা আক্তার,"মোতালী ব্যাপারী বাড়ী ০৭৬০, উত্তর বগাচতর, বগাচতর, সীতাকুন্ড, চট্টগ্রাম",১,Male
১৮৭২,আরমান উদ্দীন,১৫০২৯৫৩৪৯৮৭৮,আজিমুল হক,নূর নাহার বেগম,"হুরমত খঁা ভূঁঞা বাড়ী, উত্তর বগাচতর, বগাচতর, সীতাকুন্ড, চট্টগ্রাম",১,Male
১৮৭৩,মোঃ আবু আহাম্মেদ সবুজ,১৫০২৯৫৩৪৯৮৭৯,মোঃ আবু তাহের,নূর নাহার,"আবু আহম্মেদ এর নতুন বাড়ী, উত্তর বগাচতর, বগাচতর, সীতাকুন্ড, চট্টগ্রাম",১,Male
১৮৭৪,মোহাম্মদ আবু ফয়েজ,১৫০২৯৫৩৪৯৮৮১,আবুল কালাম,মৃত ছবুরা খাতুন,"আব্দুল ভূইয়া বাড়ী, উত্তর বগাচতর, বগাচতর, সীতাকুন্ড, চট্টগ্রাম",১,Male
১৮৭৫,মোঃ মাসুদুর রহমান,১৫০২৯৫৩৪৯৮৮৩,মোঃ সিরাজুদৌল্যাা,জোসনা আক্তার,"হুরমত খঁা বাড়ী ০৮৯৮, উত্তর বগাচতর, বগাচতর, সীতাকুন্ড, চট্টগ্রাম",১,Male
১৮৭৬,মোঃ আলতাফ হোসাইন,১৫০২৯৫৩৪৯৮৮৪,মোঃ জাহের ইসলাম,হোসনে আরা বেগম,"লাতু চৌকিদার বাড়ী ০৯৮৮, উত্তর বগাচতর, বগাচতর, সীতাকুন্ড, চট্টগ্রাম",১,Male
১৮৭৭,আব্দুল হান্নান,১৫০২৯৫৩৪৯৮৮৫,মোঃ আব্দুল মতিন,নূর বানূ,"০২৪৯, উত্তর বগাচতর, বগাচতর, সীতাকুন্ড, চট্টগ্রাম",১,Male
১৮৭৮,মোঃ আজমির হোসেন,১৫০২৯৫৩৪৯৮৯৪,মোঃ আলমগীর,রোকেয়া বেগম,"শাহ আলম মাস্টার বাড়ী, উত্তর বগাচতর, বগাচতর, সীতাকুন্ড, চট্টগ্রাম",১,Male
১৮৭৯,মোঃ মনজুরুল ইসলাম,১৫০২৯৫৩৪৯৮৯৬,আবুল কালাম,নূর জাহান বেগম,"ধন কাজীর বাড়ী, উত্তর বগাচতর, বগাচতর, সীতাকুন্ড, চট্টগ্রাম",১,Male
১৮৮০,মোনতাসির আল মাহমুদ,১৫০২৯৫৩৪৯৯০৬,মোয়াজ্জেম হোসেন,সুরজাহান বেগম,"শাহ আলম মাস্টার বাড়ী, উত্তর বগাচতর, বগাচতর, সীতাকুন্ড, চট্টগ্রাম",১,Male
১৮৮১,মোঃ শহীদুল ইসলাম,১৫০২৯৫৩৪৯৯০৮,মৃত মোঃ রহিম ব,বিবি রহিমা,"নূরুল হক হাজী বাড়ী, উত্তর বগাচতর, বগাচতর, সীতাকুন্ড, চট্টগ্রাম",১,Male
১৮৮২,মোহাম্মদ করিম,১৫০২৯৫৩৪৯৯১০,আবুল কালাম,জোছনা আরা বেগম,"০৪৮১, উত্তর বগাচতর, বগাচতর, সীতাকুন্ড, চট্টগ্রাম",১,Male
১৮৮৩,সোলেমান মিয়া,১৫০২৯৫৩৪৯৯১১,মোঃ আবুল হোসেন,ফাতেমা খাতুন,"০৬৯৪, উত্তর বগাচতর, বগাচতর, সীতাকুন্ড, চট্টগ্রাম",১,Male
১৮৮৪,মোহাম্মদ রিজওয়ান হোসাইন,১৫০২৯৫৩৪৯৯১৬,ইসমাইল,জোসনা আরা বেগম,"ইসমাইলের বাড়ী, ফরাদপুর, সীতাকুন্ড, চট্টগ্রাম",১,Male
১৮৮৫,সামসুদ্দিন,১৫০২৯৫৩৪৯৯১৮,মুহাম্মদ সরোয়ার উদ্দিন,আছমা খানম,"সরোয়ার বাড়ী, উত্তর বগাচতর, বগাচতর, সীতাকুন্ড, চট্টগ্রাম",১,Male
১৮৮৬,সরিফুল ইসলাম,১৫০২৯৫৩৪৯৯১৯,মোঃ সোলেমান,ফিরোজা বেগম,"০৩৫৫, উত্তর বগাচতর, বগাচতর, সীতাকুন্ড, চট্টগ্রাম",১,Male
১৮৮৭,এমদাদ হোসেন,১৫০২৯৫৩৪৯৯২১,আবু তাহের,ছালেহা বেগম,"আমিনের বাড়ী, উত্তর বগাচতর, বগাচতর, সীতাকুন্ড, চট্টগ্রাম১০৫চূড়ান্ত ভোটার তালিকাজেলা:চট্টগ্রামউপজেলা:সীতাকুন্ডইউনিয়ন:সৈয়দপুরডাকঘর:সীতাকুন্ডভোটার এলাকার কোড: ০২৯৫ভোটার এলাকার নাম: উত্তর বগাচতর",১,Male
১৮৮৮,নূর উদ্দিন,১৫০২৯৫৩৪৯৯২২,মৃত আমির হোসেন,পেয়ারা বেগম,"হাসমত আলী মোর বাড়ী, উত্তর বগাচতর, বগাচতর, সীতাকুন্ড, চট্টগ্রাম",১,Male
১৮৮৯,জোবায়ের আলম,১৫০২৯৫৩৪৯৯২৮,হারুন অর রশীদ,সাহেদা আক্তার,"মক্রম আলী সারেং বাড়ী, উঃ বগাচতর, বগাচতর, সীতাকুন্ড, চট্টগ্রাম",১,Male
১৮৯০,মোঃ ইমতিয়াজ উদ্দীন,১৫০২৯৫৩৪৯৯৩২,মোহাম্মদ ইিস,বিবি আয়েশা,"কেরামত আলী বাড়ী, উত্তর বগাচতর, বগাচতর, সীতাকুন্ড, চট্টগ্রাম",১,Male
১৮৯১,রাফি আল মাহমুদ,১৫০২৯৫৩৪৯৯৩৪,মৃত নূরের ছোবাহান,মজর্িনা বেগম,"০৩৭৮, উত্তর বগাচতর, বগাচতর, সীতাকুন্ড, চট্টগ্রাম",১,Male
১৮৯২,কামরুল হাসান,১৫০২৯৫৩৪৯৯৪৪,হারুনূর রশিদ,হোসনে আরা বেগম,"মৌতালী ব্যাপারী বাড়ী, উত্তর বগাচতর, বগাচতর, সীতাকুন্ড, চট্টগ্রাম",১,Male
১৮৯৩,মীর মোহাম্মদ মাহমুদুল হাসান,১৫০২৯৫৩৪৯৯৪৫,মীর হাফেজ কানূ মিয়া,হোসনেয়ারা বেগম,"হুরমত খা বাড়ী, উত্তর বগাচতর, বগাচতর, সীতাকুন্ড, চট্টগ্রাম",১,Male
১৮৯৪,বুি রাম জলদাস,১৫০২৯৫৩৪৯৯৪৭,মৃত সুকুমার জলদাস,কানন বালা,"বগাচতর, উত্তর বগাচতর, বগাচতর, সীতাকুন্ড, চট্টগ্রাম",১,Male
১৮৯৫,মোহাম্মদ রায়হান উদ্দীন,১৫০২৯৫৩৪৯৯৫৮,মোহাম্মদ মফিজুর রহমান,সাহেরা বানূ,"০৩৮৪ ওমর খঁা পাঠান বাড়ী, উত্তর বগাচতর, বগাচতর, সীতাকুন্ড, চট্টগ্রাম",১,Male
১৮৯৬,মোঃ রায়হান উদ্দীন,১৫০২৯৫৩৪৯৯৬১,মোমিন আনছারি,আছমা বেগম,"আলী মিস্ত্রীর বাড়ী, উত্তর বগাচতর, বগাচতর, সীতাকুন্ড, চট্টগ্রাম",১,Male
১৮৯৭,আবদুল আলিম,১৫০২৯৫৩৪৯৯৬২,নূরুল গণী,ছবুরা খাতুন,"০৩৬৩, উঃ বগাচতর, বগাচতর, সীতাকুন্ড, চট্টগ্রাম",১,Male
১৮৯৮,জিষান হোসেন তুষার খান,১৫০২৯৫৩৪৯৯৬৩,রেজাউল করিম আকাশ,নাজমা বেগম,"হুরমত খঁা বাড়ি, উত্তর বগাচতর, বগাচতর, সীতাকুন্ড, চট্টগ্রাম",১,Male
১৮৯৯,আবদুল আজিজ,১৫০২৯৫৩৪৯৯৬৪,নূরুল গণী,ছবুরা খাতুন,"লাল মোহন গোমস্তার বাড়ী, উঃ বগাচতর, বগাচতর, সীতাকুন্ড, চট্টগ্রাম",১,Male
১৯০০,মোঃ মোরশেদ খান,১৫০২৯৫৩৪৯৯৬৫,মোঃ ইয়াহিয়া খান,ফেরদৌস আক্তার,"খোরশেদ আলম মাস্টার বাড়ী, উঃ বগাচতর, বগাচতর, সীতাকুন্ড, চট্টগ্রাম",১,Male
১৯০১,মোঃ আবদুল্যাাহ আল জহির,১৫০২৯৫৩৪৯৯৬৬,মোঃ জাফর উল্যা্যাহ খান,আফরোজা বেগম,"ওমর খা পাঠান বাড়ী, উত্তর বগাচতর, বগাচতর, সীতাকুন্ড, চট্টগ্রাম",১,Male
১৯০২,আবু রায়হান,১৫০২৯৫৩৪৯৯৬৭,হারুন অর রশীদ,বিবি কুলছুম,"০২৭০, উঃ বগাচতর, বগাচতর, সীতাকুন্ড, চট্টগ্রাম",১,Male
১৯০৩,অনিল দাস,১৫০২৯৫৩৪৯৯৬৮,দুঃখী রাম,রানী বালা,"০০৭৮, উত্তর বগাচতর, বগাচতর, সীতাকুন্ড, চট্টগ্রাম",১,Male
১৯০৪,নাজিম উদ্দিন,১৫০২৯৫৩৪৯৯৬৯,মাহবুল হক,ছেমনা আফরোজ,"আবদুল ভূঞা বাড়ী, উঃ বগাচতর, বগাচতর, সীতাকুন্ড, চট্টগ্রাম",১,Male
১৯০৫,মোহাম্মদ হোসেন,১৫০২৯৫৩৪৯৯৭০,মৃত আব্দুর রশিদ,মৃত ছায়েরা খাতুন,"মান সফি ভূঞা বাড়ী, উঃ বগাচতর, বগাচতর, সীতাকুন্ড, চট্টগ্রাম১০৬চূড়ান্ত ভোটার তালিকাজেলা:চট্টগ্রামউপজেলা:সীতাকুন্ডইউনিয়ন:সৈয়দপুরডাকঘর:সীতাকুন্ডভোটার এলাকার কোড: ০২৯৫ভোটার এলাকার নাম: উত্তর বগাচতর",১,Male
১৯০৬,সাব উদ্দিন,১৫০২৯৫৩৪৯৯৭১,মৃত আমির ব,সামসুন্নাহার বেগম,"মুনছুর কাজী বাড়ী, উত্তর বগাচতর, বগাচতর, সীতাকুন্ড, চট্টগ্রাম",১,Male
১৯০৭,মোহাম্মদ আনোয়ারুল ইসলাম,১৫০২৯৫৩৪৯৯৮২,মৃত মোহাম্মদ রহিম ব,মৃত মাজেদা খাতুন,"মক্রম আলী সারেং বাড়ী, উত্তর বগাচতর, বগাচতর, সীতাকুন্ড, চট্টগ্রাম",১,Male
১৯০৮,মোহাম্মদ আলমগীর,১৫০২৯৫৩৪৯৯৮৬,মৃত মোঃ অলি আহম্মদ,মৃত আমেনা খাতুন,"মক্রম আলী সারেং বাড়ী, উত্তর বগাচতর, বগাচতর, সীতাকুন্ড, চট্টগ্রাম",১,Male
১৯০৯,মোঃ বেলাল হোসেন,১৫০২৯৫৩৪৯৯৮৭,ওমর ফারুক,জুলেখা বিবি,"নূর আহম্মদ সারেং বাড়ী, উত্তর বগাচতর, বগাচতর, সীতাকুন্ড, চট্টগ্রাম",১,Male
১৯১০,রাজিব হোসেন,১৫০২৯৫৩৪৯৯৯৭,নিজাম উদ্দীন,আকলিমা,"লাল মোহন গোমস্তার বাড়ী, উঃ বগাচতর, বগাচতর, সীতাকুন্ড, চট্টগ্রাম",১,Male
১৯১১,সেলিম সরওয়ার,১৫০২৯৫৩৪৯৯৯৮,আনোয়ারুল ইসলাম,রওশন আরা পারভীন,"হাজী গোলাম নূর মাস্টার বাড়ী, উঃ বগাচতর, বগাচতর, সীতাকুন্ড, চট্টগ্রাম",১,Male
১৯১২,মোমিনূল হক নয়ন মনি,১৫০২৯৫৩৫০০০০,নূরুল হক,মায়মুনা খাতুন,"নূর মোহাঃ সারেং বাড়ী, উঃ বগাচতর, বগাচতর, সীতাকুন্ড, চট্টগ্রাম",১,Male
১৯১৩,আব্দুল্যাাহ আল জাকারিয়া,১৫০২৯৫৩৫০০০১,মোঃ জাফর উল্যা্যাহ খান,আফরোজা বেগম,"ওমর খঁা পাঠান বাড়ী ০৯৯৮, উত্তর বগাচতর, বগাচতর, সীতাকুন্ড, চট্টগ্রাম",১,Male
১৯১৪,মুজাহিদুল ইসলাম,১৫০২৯৫৩৫০০০২,মোহাম্মদ জানে আলম,আমেনা বেগম,"মুনছুর কাজী বাড়ী, উঃ বগাচতর, বগাচতর, সীতাকুন্ড, চট্টগ্রাম",১,Male
১৯১৫,মোঃ আজমল হোসেন,১৫০২৯৫৩৫০০০৮,মোঃ সিরাজ মিয়া,বিবি ফাতেমা,"আাস মিয়া বাড়ী, উঃ বগাচতর, বগাচতর, সীতাকুন্ড, চট্টগ্রাম",১,Male
১৯১৬,মোঃ মামুন,১৫০২৯৫৩৫০০০৯,নূর মোহাম্মদ,কাওছার পারভীন,"০৬৮৭ মুনছুর কাজী বাড়ী, উত্তর বগাচতর, বগাচতর, সীতাকুন্ড, চট্টগ্রাম",১,Male
১৯১৭,বিনাথ জলদাশ,১৫০২৯৫৩৫০০১১,মতুরা জলদাস,নিপুর বালা,"কাঙ্গঁাল হরি বাড়ী, উঃ বগাচতর, বগাচতর, সীতাকুন্ড, চট্টগ্রাম",১,Male
১৯১৮,আব্দুর রহমান,১৫০২৯৫৩৫০০১২,দিদারুল আলম,ছেনোয়ারা বেগম,"গোলদার বাড়ী, উত্তর বগাচতর, বগাচতর, সীতাকুন্ড, চট্টগ্রাম",১,Male
১৯১৯,চন্দ্র হরি জলদাস,১৫০২৯৫৩৫০০১৩,রাম চন্দ্র জলদাস,সুমতি বালা জলদাস,"রাম চন্দ্র জলদাসের বাড়ি, উত্তর বগাচতর, বগাচতর, সীতাকুন্ড, চট্টগ্রাম",১,Male
১৯২০,মোঃ কামরুল হাসান,১৫০২৯৫৩৫০০৩১,মোঃ ওমর ফারুক,সেলিনা আক্তার,"ওমর ফারুকের বাড়ী, উত্তর বগাচতর, বগাচতর, সীতাকুন্ড, চট্টগ্রাম",১,Male
১৯২১,আব্দুল্যাাহ আল মামুন,১৫০২৯৫৩৫০০৩২,এনামুল হক,খালেদা আক্তার,"হাফেজ রবিউল হোসেন বাড়ী ৩৯৪, উত্তর বগাচতর, সীতাকুন্ড, চট্টগ্রাম",১,Male
১৯২২,লিমন চন্দ্র জলদাস,১৫০২৯৫৩৫০০১৯,মানিক ছন্দ্র জলদাস,শিব রাণী,"অনন্ত কুমার জলদাসের বাড়ী, বাঘা ছাত্তার, সীতাকুন্ড, চট্টগ্রাম",১,Male
১৯২৩,মোহাম্মদ আবু জাফর,১৫০২৯৫৩৫০০২৬,আবুল কালাম,ছবুরা খাতুন,"আব্দুল ভূইয়া বাড়ী, উত্তর বগাচতর, বগাচতর, সীতাকুন্ড, চট্টগ্রাম১০৭চূড়ান্ত ভোটার তালিকাজেলা:চট্টগ্রামউপজেলা:সীতাকুন্ডইউনিয়ন:সৈয়দপুরডাকঘর:সীতাকুন্ডভোটার এলাকার কোড: ০২৯৫ভোটার এলাকার নাম: উত্তর বগাচতর",১,Male
১৯২৪,রাসেল,১৫০২৯৫৩৫০০২৯,প্রফুল্যা,ামল,"কালী কৃষ্ণ জলদাশের বাড়ী, বাঘা ছাত্তার, সীতাকুন্ড, চট্টগ্রাম",১,Male
১৯২৫,মোহাম্মদ নূরুন নবী,১৫০২৯৫৩৫০০৩০,মৃত আবদুল আজিজ,সুফিয়া খাতুন,"মুনছুর কাজির বাড়ী, উত্তর বগাচতর, বগাচতর, সীতাকুন্ড, চট্টগ্রাম",১,Male
১৯২৬,নঈম উদ্দীন,১৫০২৯৫৩৪৯৮২৮,আবুল কাসেম,আনোয়ারা বেগম,"হেদু ভূঁঞা বাড়ী, উত্তর বগাচতর, বাঘা ছাত্তার, সীতাকুন্ড, চট্টগ্রাম",১,Male
১৯২৭,মোঃ আবু সাঈদ,১৫০২৯৫৩৪৯৮৩৭,মো: আবু তাহের,মোছা: কামরুজাহান,"০৭৬৬, উঃ বগাচতর, বগাচতর, সীতাকুন্ড, চট্টগ্রাম",১,Male
১৯২৮,মোঃ জসিম উদ্দিন,১৫০২৯৫৩৫০০১৫,আবুল বাশার,সফিয়ের নেছা,"০৯৭০, উত্তর বগাচতর, বাঘা ছাত্তার, সীতাকুন্ড, চট্টগ্রাম",১,Male
১৯২৯,মোহাম্মদ আবু ছালেক,১৫০২৯৫৩৫০০১৭,আবুল হোসেন,রুফিয়া বেগম,"উত্তর বগাচতর, বগাচতর, সীতাকুন্ড, চট্টগ্রাম",১,Male
১৯৩০,জাহেদুল ইসলাম,১৫০২৯৫৩৫০০১৮,আবুল হোসেন,রুফিয়া বেগম,"০৯৩৬, উত্তর বগাচতর, বগাচতর, সীতাকুন্ড, চট্টগ্রাম",১,Male
১৯৩১,মোহাম্মদ নূরুল করিম,১৫০২৯৫৩৫০০২০,মোহাম্মদ নূরুন নবী,মোছাঃ ফরিদা বেগম,"মোক্রম আলী সারেং বাড়ী, বগাচতর, সীতাকুন্ড, চট্টগ্রাম",১,Male
১৯৩২,মোঃ গিয়াস উদ্দিন,১৫০২৯৫৩৫০০২১,মোঃ ইাহিম,বিবি হাজেরা,"৭১০, মোক্রম আলী সারেং বাড়ী, বগাচতর, সীতাকুন্ড, চট্টগ্রাম",১,Male
১৯৩৩,মোঃ আলা উদ্দিন,১৫০২৯৫৩৫০০২৫,মোঃ আবুল বাশার,সফিয়ার নেছা,"মান শফি ভূঁইয়া বাড়ি, উত্তর বগাচতর, বগাচতর, সীতাকুন্ড, চট্টগ্রাম",১,Male
১৯৩৪,মোহাম্মদ ফখরুল ইসলাম,১৫০২৯৫৩৫০০২৭,মোহাম্মদ আবু ছৈয়দ,রাহেলা বেগম,"আবু ছৈয়দ (মিঃ) বাড়ী, আবু ছৈয়দ (মিঃ) সড়ক, বগাচতর, সীতাকুন্ড, চট্টগ্রাম",১,Male
১৯৩৫,মিনহাজ বিন খায়ের,১৫০২৯৫০০০৭০২,মোঃ আবুল খায়ের,মমতাজ বেগম,"নূরুল হক হাজির বাড়ী, উত্তর বগাচতর, বগাচতর, সীতাকুন্ড, চট্টগ্রাম",১,Male
১৯৩৬,দয় দাস,১৫০২৯৫০০০৮০৫,মৃত জগন্নাথ জলদাস,নিদু বালা,"অনন্ত কুমার জলদাস বাড়ী, উত্তর বগাচতর, বাঘা ছাত্তার, সীতাকুন্ড, চট্টগ্রাম",১,Male
১৯৩৭,মোঃ মিনহাজুল ইসলাম,১৫০২৯৫০০১৩০৮,সিরাজোদুল্যা,সুরুজ জাহান,"আবদুল ভূঁইয়ার বাড়ী, উত্তর বগাচতর, বগাচতর, সীতাকুন্ড, চট্টগ্রাম",১,Male
১৯৩৮,সাকিবুল ইসলাম,১৫০২৯৫০০১৩১৬,মোহাম্মদ সাইফুল ইসলাম,রাজিয়া বেগম,"বাহার মাঝি বাড়ী, উত্তর বগাচতর, বগাচতর, সীতাকুন্ড, চট্টগ্রাম",১,Male
১৯৩৯,আশিকুর রহমান,১৫০২৯৫০০১৩১৮,মতিউর রহমান,আফরোজা বেগম,"গাফফারী চেয়ারম্যান বাড়ী, উত্তর বগাচতর, বগাচতর, সীতাকুন্ড, চট্টগ্রাম",১,Male
১৯৪০,মোহাম্মদ ইলিয়াস,১৫০২৯৫০০১৩২০,মোঃ ফজলুল হক,বিবি আমেনা,"নূরুল হক হাজী বাড়ী, উত্তর বগাচতর, সীতাকুন্ড, চট্টগ্রাম",১,Male
১৯৪১,আতাউর রহমান,১৫০২৯৫০০১৩২১,জয়নাল আবেদীন,ফেরদৌস আরা,"হেদু ভুঁইয়া বাড়ী, উত্তর বগাচতর, বগাচতর, সীতাকুন্ড, চট্টগ্রাম১০৮চূড়ান্ত ভোটার তালিকাজেলা:চট্টগ্রামউপজেলা:সীতাকুন্ডইউনিয়ন:সৈয়দপুরডাকঘর:সীতাকুন্ডভোটার এলাকার কোড: ০২৯৫ভোটার এলাকার নাম: উত্তর বগাচতর",১,Male
১৯৪২,মেহেদী হাসান,১৫০২৯৫০০১৩২৫,গিয়াস উদ্দীন,হোসনে আরা বেগম,"আব্দুল মজিদ বাড়ী, উত্তর বগাচতর, বগাচতর, সীতাকুন্ড, চট্টগ্রাম",১,Male
১৯৪৩,আসিকুল ইসলাম,১৫০২৯৫০০১৩২৬,আজিজুল হক,হাবিয়া খাতুন,"আব্দুর রউফ হাজী বাড়ী, উত্তর বগাচতর, বগাচতর, সীতাকুন্ড, চট্টগ্রাম",১,Male
১৯৪৪,দয় দাশ,১৫০২৯৫০০১৩২৮,মন্টু দাশ,মিনা দাশ,"বেছারাম কবিরাজ বাড়ী, উত্তর বগাচতর, বগাচতর, সীতাকুন্ড, চট্টগ্রাম",১,Male
১৯৪৫,আবদুল্যাাহ আল নাঈম,১৫০২৯৫০০১৩৩৩,আবদুল মান্নান,শিরিনা আক্তার,"সেকান্দার ভূঁইয়া বাড়ী, উত্তর বগাচতর, বগাচতর, সীতাকুন্ড, চট্টগ্রাম",১,Male
১৯৪৬,মো: মেহেদী হাসান ইমন,১৫০২৯৫০০১৩৩৭,মো: জাহাঙ্গীর আলম,তাহমিনা আক্তার,"আব্দুর রউফ হাজী বাড়ি, উত্তর বগাচতর, সীতাকুন্ড, চট্টগ্রাম",১,Male
১৯৪৭,আসাদুজ্জামান,১৫০২৯৫০০১৩৪৪,মোঃ আখতারুজ্জামান,নাজমা আক্তার,"লাতু চৌকিদার বাড়ী, উত্তর বগাচতর, বগাচতর, সীতাকুন্ড, চট্টগ্রাম",১,Male
১৯৪৮,মোহাম্মদ আরিফ হোসেন,১৫০২৯৫০০১৩৫০,মোঃ আবুল কালাম,সালমা আক্তার,"হাসমত আলী মেস্তরী বাড়ী, উত্তর বগাচতর, বগাচতর, সীতাকুন্ড, চট্টগ্রাম",১,Male
১৯৪৯,মোঃ তোফাজ্জল হোসেন,১৫০২৯৫০০১৩৫১,মোঃ নূরুল আমিন,জোছনা আরা বেগম,"৫৭৫, জমাদার বাড়ী উত্তর বগাচতর, উত্তর বগাচতর, বগাচতর, সীতাকুন্ড, চট্টগ্রাম",১,Male
১৯৫০,মহি উদ্দীন,১৫০২৯৫০০১৩৫৪,নূরুল আবছার,খুরশেদা বেগম,"মুহুরী বাড়ী, উত্তর বগাচতর, বগাচতর, সীতাকুন্ড, চট্টগ্রাম",১,Male
১৯৫১,মুহাম্মদ মাইনূদ্দীন,১৫০২৯৫০০১৩৫৫,মৃত ছলিম উল্যাহ,শাহীনূর বেগম,"লমির বাড়ী, উত্তর বগাচতর, বগাচতর, সীতাকুন্ড, চট্টগ্রাম",১,Male
১৯৫২,মোহাম্মদ ইাহিম মিয়া,১৫০২৯৫০০১৩৫৭,মোঃ আবুল হোসেন,ফাতেমা খাতুন,"০৬৯৪, উত্তর বগাচতর,কমরআলী,, বগাচতর, সীতাকুন্ড, চট্টগ্রাম",১,Male
১৯৫৩,বেলায়েত হোসাইন,১৫০২৯৫০০১৩৫৮,মৃত নূরুল ইসলাম,মৃত আছিয়া খাতুন,"আমান উল্যাাহ মুহুরী বাড়ী, উত্তর বগাচতর, বগাচতর, সীতাকুন্ড, চট্টগ্রাম",১,Male
১৯৫৪,মোঃ নূরুল গনি,১৫০২৯৫০০১৩৬০,মৃত মোঃ ফরিদ আহম্মদ,নূর জাহান বেগম,"আবদুল কাদের মোল্যাা বাড়ী, উত্তর বগাচতর, বগাচতর, সীতাকুন্ড, চট্টগ্রাম",১,Male
১৯৫৫,মোহাম্মদ আবুল কাশেম,১৫০২৯৫০০১৩৬১,মোহাম্মদ আবুল বশর,বিবি রহিমা,"মুছা কাজী বাড়ী, উত্তর বগাচতর, বগাচতর, সীতাকুন্ড, চট্টগ্রাম",১,Male
১৯৫৬,মেহেদী হাসান,১৫০২৯৫০০১৩৬৭,ওমর ফারুক,সেলিনা আক্তার,"গাফফারী চেয়ারম্যান বাড়ী, উত্তর বগাচতর, বগাচতর, সীতাকুন্ড, চট্টগ্রাম",১,Male
১৯৫৭,মোহাম্মদ রিফাত হোসেন,১৫০২৯৫০০১৩৬৮,মোঃ হামিদুল ইসলাম,নাছিমা বেগম,"মুছা কাজী বাড়ি, বগাচতর, উত্তর বগাচতর, সীতাকুন্ড, চট্টগ্রাম",১,Male
১৯৫৮,মোঃ খালেদ হাসান মি,১৫০২৯৫০০১৩৭৬,মোঃ জাহাঙ্গীর আলম,তাহমিনা আক্তার,"আব্দুর রউফ হাজী বাড়ী, উত্তর বগাচতর, সীতাকুন্ড, চট্টগ্রাম",১,Male
১৯৫৯,শরিফুল ইসলাম,১৫০২৯৫০০১৩৭৭,ইউনূচ মিয়া,জাহানারা বেগম,"হাফেজ রবিউল হোসেনের বাড়ী, উত্তর বগাচতর, বগাচতর, সীতাকুন্ড, চট্টগ্রাম১০৯চূড়ান্ত ভোটার তালিকাজেলা:চট্টগ্রামউপজেলা:সীতাকুন্ডইউনিয়ন:সৈয়দপুরডাকঘর:সীতাকুন্ডভোটার এলাকার কোড: ০২৯৫ভোটার এলাকার নাম: উত্তর বগাচতর",১,Male
১৯৬০,মোঃ রায়হান পারভেজ,১৫০২৯৫০০১৩৭৮,মোঃ হারুন অর রশিদ,মৃত বিবি আমেনা খাতুন,"মুছা কাজী বাড়ী, উত্তর বগাচতর, বগাচতর, সীতাকুন্ড, চট্টগ্রাম",১,Male
১৯৬১,বিব দাস,১৫০২৯৫০০১৩৭৯,রবীন্দ্র,রুপী তারা,"চুল্যাা বাপের বাড়ী, উত্তর বগাচতর, বগাচতর, সীতাকুন্ড, চট্টগ্রাম",১,Male
১৯৬২,মোহাম্মদ সাইফুল ইসলাম,১৫০২৯৫৩৫০০৩৬,মোহাম্মদ আবুল বাশার,ছকিনা খাতুন,"শাহ আলম মাস্টার বাড়ী, উত্তর বগাচত্তর, বাঘা ছাত্তার, সীতাকুন্ড, চট্টগ্রাম",১,Male
১৯৬৩,মোহাম্মদ জহির আহমেদ,১৫০২৯৫৩৫০০৩৭,মৃত আহমেদুর রহমান,মৃত ফয়জুন নেছা,"মুনছুর কাজী বাড়ী, উত্তর বগাচতর, বাঘা ছাত্তার, সীতাকুন্ড, চট্টগ্রাম",১,Male
১৯৬৪,মোঃ নূরুজ্জামান তানভীর,১৫০২৯৫৩৫০০৩৮,মোহাম্মদ ইউনূস মিয়া,রোকেয়া বেগম,"হাজী গোলাম নূর মাস্টার বাড়ী, উত্তর বগাচতর, বগাচতর, সীতাকুন্ড, চট্টগ্রাম",১,Male
১৯৬৫,মোহাম্মদ হুমায়ুন কবির,১৫০২৯৫৩৫০০৩৯,নূরের জামান,মাফিয়া বেগম,"বাহার মাঝি নতুন বাড়ি, উত্তর বগাচতর, বগাচতর, সীতাকুন্ড, চট্টগ্রাম",১,Male
১৯৬৬,মোঃ তানবীর হোসেন রভীন,১৫০২৯৫০০১৩১১,মোঃ আলাউদ্দিন,জাহেদা আক্তার,"হাবিব উল্যাাহ মীর বাড়ী, উত্তর বগাচতর, বগাচতর, সীতাকুন্ড, চট্টগ্রাম",১,Male
১৯৬৭,ইফতেখার আহমেদ,১৫০২৯৫০০১৩১৩,মোহাম্মদ নাসির উদ্দিন,মুসলিমা আক্তার,"মানশফি ভূইয়া বাড়ি, বাঘা ছাত্তার, সীতাকুন্ড, চট্টগ্রাম",১,Male
১৯৬৮,মোহাম্মদ রবিউল হোসেন,১৫০২৯৫০০১৩২৩,মোহাম্মদ ইউনূছ,রিজিয়া বেগম,"লাতু চৌকিদার বাড়ী, উত্তর বগাচতর, বগাচতর, সীতাকুন্ড, চট্টগ্রাম",১,Male
১৯৬৯,সাইফুল ইসলাম,১৫০২৯৫০০১৩৪৯,মৃত রবিউল হোসেন,লায়লা বেগম,"কেরামত আলি সওদাগর বাড়ী, উত্তর বগাচতর, বগাচতর, সীতাকুন্ড, চট্টগ্রাম",১,Male
১৯৭০,মোহাম্মদ মহি উদ্দীন,১৫০২৯৫০০১৩৫২,রুহুল আমিন,আয়েশা খাতুন,"মোক্রম আলী সারেং বাড়ী, উত্তর বগাচতর, বগাচতর, সীতাকুন্ড, চট্টগ্রাম",১,Male
১৯৭১,মোঃ সাহাব উদ্দিন,১৫০২৯৫০০১৩৫৩,মৃত মোঃ নূর হোসেন,রাবেয়া খাতুন,"লাল মোহাম্মদ গোমস্তার বাড়ী, উত্তর বগাচতর, বাঘা ছাত্তার, সীতাকুন্ড, চট্টগ্রাম",১,Male
১৯৭২,মশিউর রহমান,১৫০২৯৫০০১৩৫৬,মফিজুর রহমান,মনোয়ারা বেগম,"তোফর আলী ভূঁইয়া বাড়ি, উত্তর বগাচতর, বগাচতর, সীতাকুন্ড, চট্টগ্রাম",১,Male
১৯৭৩,নূরুল নবী,১৫০২৯৫০০১৩৫৯,মোঃ আবুল বশর,জহুরা খাতুন,"হাসমত আলী মিস্ত্রী বাড়ী, উত্তর বগাচতর, বগাচতর, সীতাকুন্ড, চট্টগ্রাম",১,Male
১৯৭৪,মোহাম্মদ মীর হোসাইন,১৫০২৯৫০০১৩৬২,মৃত রোসনের জামান,মৃত ছায়েদা খাতুন,"হাবিব উল্যাাহ মীর বাড়ী, উত্তর বগাচতর, বগাচতর, সীতাকুন্ড, চট্টগ্রাম",১,Male
১৯৭৫,মোঃ ফজলে আমিন,১৫০২৯৫৩৫০০৩৪,মোঃ রুহুল আমিন,মোসাঃ ফিরোজা বেগম,"আনসার আলী মেস্ত্রী বাড়ী, উত্তর বগাচতর, বগাচতর, সীতাকুন্ড, চট্টগ্রাম",১,Male
১৯৭৬,মোঃ ওমর ফারুক,১৫০২৯৫৩৫০০৪৫,মোঃ আবুল কালাম,জাহানারা বেগম,"০৪৯৪, উত্তর বগাচতর, বগাচতর, সীতাকুন্ড, চট্টগ্রাম",১,Male
১৯৭৭,মোঃ সাইফুল ইসলাম,১৫০২৯৫৩৫০০৭০,নূর ইসলাম,রহিমা খাতুন,"বাহার মাঝির বাড়ী, উত্তর বগাচতর, বগাচতর, সীতাকুন্ড, চট্টগ্রাম১১০চূড়ান্ত ভোটার তালিকাজেলা:চট্টগ্রামউপজেলা:সীতাকুন্ডইউনিয়ন:সৈয়দপুরডাকঘর:সীতাকুন্ডভোটার এলাকার কোড: ০২৯৫ভোটার এলাকার নাম: উত্তর বগাচতর",১,Male
১৯৭৮,মোঃ শরিফুল ইসলাম,১৫০২৯৫৩৫০০৭২,শাহ আলম,আলেয়া বেগম,"৮৯৫, উত্তর বগাচতর, বগাচতর, সীতাকুন্ড, চট্টগ্রাম",১,Male
১৯৭৯,এমদাদ হোসেন,১৫০২৯৫৩৫০০৭৯,শফিউল আলম,আমাতুন নূর,"মোক্রম আলী সারেং বাড়ী, উত্তর বগাচতর, বগাচতর, সীতাকুন্ড, চট্টগ্রাম",১,Male
১৯৮০,মোঃ ওমর ফারুক,১৫০২৯৫৩৫০০৮০,মোঃ আমিনূল হক,আবিধন,"উত্তর বগাচতর, বগাচতর, সীতাকুন্ড, চট্টগ্রাম",১,Male
১৯৮১,মোঃ নজরুল,১৫০২৯৫৩৫০০৮২,মোঃ কামাল,রেনূ আক্তার,"৮১০, উত্তর বগাচতর, বগাচতর, সীতাকুন্ড, চট্টগ্রাম",১,Male
১৯৮২,মোঃ সাজিদুর রহমান,১৫০২৯৫০০১৩৮৪,মৃত মোঃ রফিকুল ইসলাম,মোছাঃ সাজেদা আক্তার,"হাজী আবদুল কাদের মোল্যাা বাড়ী, উত্তর বগাচতর, বাকখালী, সীতাকুন্ড, চট্টগ্রাম",১,Male
১৯৮৩,মোফাজ্জল হোসেন জিসান,১৫০২৯৫৩৫০০৮৯,মহিম উল্যাাহ,ফেরদৌস আরা বেগম,"শাহ আলম মাস্টার বাড়ী, উত্তর বগাচতর, বগাচতর, সীতাকুন্ড, চট্টগ্রাম",১,Male
১৯৮৪,মোহাম্মদ আলতাফ হোসাইন,১৫০২৯৫৩৫০০৯০,মৃত মোহাম্মদ নূরুল ইসলাম,মৃত বিবি আছিয়া,"আমান উল্যাহ মুহুরী বাড়ী ০৪৯৯, উত্তর বগাচতর, ◌্বগাচতর, সীতাকুন্ড, চট্টগ্রাম",১,Male
১৯৮৫,সালমান পারভেজ,১৫০২৯৫৩৫০০৯১,মোঃ জহিরুল হক,শামিনা ইয়াছমিন,"আব্দুল ভূঁইয়া বাড়ী, উত্তর বগাচতর, বগাচতর, সীতাকুন্ড, চট্টগ্রাম",১,Male
১৯৮৬,মোঃ আবুল কালাম,১৫০২৯৫৩৫০০৯২,মৃত ছালামত উল্যাাহ,মৃত ছবিরা খাতুন,"কেরামত আলীর বাড়ি, উত্তর বগাচতর, বগাচতর, সীতাকুন্ড, চট্টগ্রাম",১,Male
১৯৮৭,সাকিবুর রহমান,১৫০২৯৫৩৫০০৯৫,আবু জাফর মোঃ দিদারুল আলম,রাহেলা আক্তার,"আাস মিয়ার বাড়ি, সাইদপুর, সীতাকুন্ড, চট্টগ্রাম",১,Male
১৯৮৮,মোহাম্মদ ইউছুফ মিয়া,১৫০২৯৫৩৫০০৯৬,মোহাম্মদ সিরাজুল হক,ছকিনা খাতুন,"ওমর খঁা পাঠান বাড়ি, উত্তর বগাচতর, বগাচতর, সীতাকুন্ড, চট্টগ্রাম",১,Male
১৯৮৯,সাখাওয়াত হোসেন,১৫০২৯৫৩৫০০৯৭,মোঃ আলা উদ্দিন,রিজিয়া বেগম,"হাশমত আলী মেস্তরী বাড়ী, উত্তর বগাচতর, বাঘা ছাত্তার, সীতাকুন্ড, চট্টগ্রাম",১,Male
১৯৯০,তানভীর মাহমুদ,১৫০২৯৫৩৫০০৯৮,মাহমুদ হোসাইন,শাহীন আক্তার সালমা,"হাজী গোলাম নূর মাস্টার বাড়ী, উত্তর বগাচতর, সীতাকুন্ড, চট্টগ্রাম",১,Male
১৯৯১,মোহাম্মদ মুসলিম উদ্দীন,১৫০২৯৫৩৫০০৯৯,নূর হোসেন,হোসনে আরা বেগম,"হাবিব উল্যাাহ মীর বাড়ী, উত্তর বগাচতর, সীতাকুন্ড, চট্টগ্রাম",১,Male
১৯৯২,ওমর,১৫০২৯৫৩৫০১০০,মোহাম্মদ ইসমাইল,জোসনা আরা বেগম,"বজলু রহমান ভূঁইয়া বাড়ী, উত্তর বগাচতর, বগাচতর, সীতাকুন্ড, চট্টগ্রাম",১,Male
১৯৯৩,মোহাম্মদ রাকিব উদ্দিন বাবু,১৫০২৯৫৩৫০১০১,মোঃ শাহ জাহান,মনজুরা আক্তার,"হোিং নং-৩৬,, উত্তর বগাচতর, বগাচতর, সীতাকুন্ড, চট্টগ্রাম",১,Male
১৯৯৪,মোহাম্মদ গোলাম কিবরিয়া,১৫০২৯৫৩৫০১০৩,মৃত নূরুল হুদা,আনোয়ারা বেগম,"বশির উল্যা ভুঁইয়া বাড়ী, উত্তর বগাচতর, বগাচতর, সীতাকুন্ড, চট্টগ্রাম",১,Male
১৯৯৫,আবু ছালেক ফয়সাল,১৫০২৯৫৩৫০১০৫,তাজুল ইসলাম,সামসুন নাহার,"মুনচুর কাজীর নতুন বাড়ী, উত্তর বগাচতর, বগাচতর, সীতাকুন্ড, চট্টগ্রাম১১১চূড়ান্ত ভোটার তালিকাজেলা:চট্টগ্রামউপজেলা:সীতাকুন্ডইউনিয়ন:সৈয়দপুরডাকঘর:সীতাকুন্ডভোটার এলাকার কোড: ০২৯৫ভোটার এলাকার নাম: উত্তর বগাচতর",১,Male
১৯৯৬,আরাফাত হোসেন তামিম,১৫০২৯৫৩৫০১০৬,মো: নূরুল হক,কমলা বেগম,"১০৮৯, উওর বগাচতর,বগাচতর, উওর বগাচতর, সীতাকুন্ড, চট্টগ্রাম",১,Male
১৯৯৭,মোঃ বোরহান উদ্দীন,১৫০২৯৫৩৫০১০৭,রবিউল হোসেন,আয়েশা খাতুন,"মৌতালী ব্যাপারী বাড়ী, উত্তর বগাচতর, বগাচতর, সীতাকুন্ড, চট্টগ্রাম",১,Male
১৯৯৮,মোহাম্মদ আবু ইউছুপ,১৫০২৯৫৩৫০১০৮,মোহাম্মদ আবুল কাসেম,আনোয়ারা বেগম,"হেদু ভূঁইয়া বাড়ী, উত্তর বগাচতর, বগাচতর, সীতাকুন্ড, চট্টগ্রাম",১,Male
১৯৯৯,আনন্দা দাশ,১৫০২৯৫৩৫০১০৯,জহরলাল দাস,কলা রানী দাশ,"বেচারাম কবিরাজ বাড়ী, উত্তর বগাচতর, সৈয়দপুর, সীতাকুন্ড, চট্টগ্রাম",১,Male
২০০০,মোহাম্মদ জুলফিকার আলী,১৫০২৯৫৩৫০১১০,মৃত মোহাম্মদ ফয়েজ আহম্মদ,ফারিদা আক্তার,"হুরমত খঁা ভূইয়া বাড়ী, উত্তর বগাচতর, বগাচতর, সীতাকুন্ড, চট্টগ্রাম",১,Male
২০০১,সাহাব উদ্দীন,১৫০২৯৫৩৫০১১১,নূরুল ইসলাম,আছিয়া খাতুন,"০২৮৮, উত্তর বগাচতর, বগাচতর, সীতাকুন্ড, চট্টগ্রাম",১,Male
২০০২,মোহাম্মদ আব্দুল আজিজ,১৫০২৯৫৩৫০১১২,মোহাম্মদ হাছান,দেলাফরোজ বেগম,"কেরামত আলী সওদাগর বাড়ী, উত্তর বগাচতর, বগাচতর, সীতাকুন্ড, চট্টগ্রাম",১,Male
২০০৩,গোলাম মোতর্ুজা মাশরাফি,১৫০২৯৫৩৫০১১৩,মোহাম্মদ গোলাম কিবরিয়া,ফাতেমা বেগম,"বশির উল্যা ভুঁইয়া বাড়ী, উত্তর বগাচতর, বগাচতর, সীতাকুন্ড, চট্টগ্রাম",১,Male
২০০৪,মোহাম্মদ নূরুল আমিন,১৫০২৯৫৩৫০১১৪,নূরুল আবছার,ছেমনা আক্তার,"হোসেনেজ্জামান মৌলভী বাড়ী, উত্তর বগাচতর, বগাচতর, সীতাকুন্ড, চট্টগ্রাম",১,Male
২০০৫,ফিরোজ খান,১৫০২৯৫৩৫০১১৫,শাহ এমরান ভূইয়া,জাহানারা বেগম,"মান সফি ভূঁইয়া বাড়ী, বাঘা ছাত্তার, সীতাকুন্ড, চট্টগ্রাম",১,Male
২০০৬,মোঃ তানজিমুর রহমান,১৫০২৯৫৩৫০১১৭,মৃত মোঃ রফিকুল ইসলাম,মোছাঃ সাজেদা আক্তার,"হাজী আবদুল কাদের মোল্যাা বাড়ী, উত্তর বগাচতর, বগাচতর, সীতাকুন্ড, চট্টগ্রাম",১,Male
২০০৭,তাপস দাশ,১৫০২৯৫৩৫০১১৮,মতিলাল,স্যা,"২১৬, উত্তর বগাচতর, বাঘা ছাত্তার, সীতাকুন্ড, চট্টগ্রাম",১,Male
২০০৮,মোঃ জাবেদ হোসেন,১৫০২৯৫৩৫০১০২,শফিকুল ইসলাম,কহিনূর বেগম,"উত্তর বগাচতর, বগাচতর, সীতাকুন্ড, চট্টগ্রাম",১,Male
২০০৯,মোহাম্মদ মুছা,১৫০২৯৫৩৫০১২০,আবুল বশর,ফিরোজা বেগম,"০৯৬৭/ ছদিক মৌলভী বাড়ী, উত্তর বগাচতর, বগাচতর, সীতাকুন্ড, চট্টগ্রাম",১,Male
২০১০,মোঃ মিছবাহুল আলম,১৫০২৯৫৩৫০১২১,এস এম সিরাজ উল্যাা খান,তৌহিদা আক্তার,"সিরাজ সাহেবের বাড়ি, বগাচতর, সীতাকুন্ড, চট্টগ্রাম",১,Male
২০১১,তাওরাত আল মেহেদী,১৫০২৯৫৩৫০১২২,মোহাম্মদ ইউনূছ,হাসনা বেগম,"হাবিবুল্যাাহ মির বাড়ী, উত্তর বগাচতর, বগাচতর, সীতাকুন্ড, চট্টগ্রাম",১,Male
২০১২,মোঃ তাওহিদুল ইসলাম,১৫০২৯৫৩৫০১২৩,মৃত রুহুল আমিন,বিবি হালিমা,"জমাদার বাড়ী, উত্তর বগাচতর, বগাচতর, সীতাকুন্ড, চট্টগ্রাম",১,Male
২০১৩,শাহাদাত হোসেন,১৫০২৯৫৩৫০১২৪,আবু নূর,মজর্িনা আক্তার,"নূর আহম্মদ সারেং বাড়ী, উত্তর বগাচতর, বাঘা ছাত্তার, সীতাকুন্ড, চট্টগ্রাম১১২চূড়ান্ত ভোটার তালিকাজেলা:চট্টগ্রামউপজেলা:সীতাকুন্ডইউনিয়ন:সৈয়দপুরডাকঘর:সীতাকুন্ডভোটার এলাকার কোড: ০২৯৫ভোটার এলাকার নাম: উত্তর বগাচতর",১,Male
২০১৪,মাহমুদুল হাসান,১৫০২৯৫৩৫০১২৯,মোহাম্মদ আনোয়ারুল ইসলাম,সেলিনা আক্তার,"মোক্রম আলী সারেং বাড়ী, উত্তর বগাচতর, সীতাকুন্ড, চট্টগ্রাম",১,Male
২০১৫,আলা উদ্দীন,১৫০২৯৫৩৫০১৩০,মৃত খোরশেদ আলম,অজিবা খাতুন,"হাবিব উল্যাাহ মীর বাড়ী, উত্তর বগাচতর, বগাচতর, সীতাকুন্ড, চট্টগ্রাম",১,Male
২০১৬,নূরুল মুমিন,১৫০২৯৫৩৫০১৩৪,মৃত আবুল হোসেন,নূর নাহার,"আব্দুর রউফ হাজী বাড়ী, উত্তর বগাচতর, বাঘা ছাত্তার, সীতাকুন্ড, চট্টগ্রাম",১,Male
২০১৭,মিনহাজুর রহমান ভূঁইয়া,১৫০২৯৫৩৫০১৩৭,মৃত মোহাম্মদ মফিজুর রহমান,মোছাম্মদ ছেমনা আফরোজ,"মান শফিক ভূঁইয়ার বাড়ি, উত্তর বগাচতর, বগাচতর, সীতাকুন্ড, চট্টগ্রাম",১,Male
২০১৮,আলি আকবর,১৫০২৯৫৩৫০১৪৫,মৃত মোঃ আবুল খায়ের,মৃত করফুলের নেছা,"০৭৪৯, হুরমত খঁা ভূঁইয়া বাড়ী, উত্তর বগাচতর, বগাচতর, সীতাকুন্ড, চট্টগ্রাম",১,Male
২০১৯,শাহাদাত হোসেন রিফাত,১৫০২৯৫৩৫০১৪৯,নূরুল হুদা,শামসু নাহার,"০৮৭০, মনছুর কাজী বাড়ী, উত্তর বগাচতর, বগাচতর, সীতাকুন্ড, চট্টগ্রাম",১,Male
২০২০,মেহেদি হাসান রিয়াজ,১৫০২৯৫৩৫০১৫৩,দিদারুল আলম,তছলিমা আক্তার,"০৯৪৪, আলহা হাবিব উল্যাার বাড়ী, উত্তর বগাচতর, সীতাকুন্ড, চট্টগ্রাম",১,Male
২০২১,নূর মোহাম্মদ পারভেজ,১৫০২৯৫৩৫০১৭৭,মোঃ নূরুল আবছার,ফেরদৌস আরা বেগম,"০৯৩০, নূরুল হক হাজীর বাড়ী, উত্তর বগাচতর, বগাচতর, সীতাকুন্ড, চট্টগ্রাম",১,Male
২০২২,মোঃ নাইমুল ইসলাম,১৫০২৯৫৩৫০১৭৮,এফতেখার হোসেন,রুবিনা আক্তার,"০৩৪৫, জমাদার বাড়ী, উত্তর বগাচতর, বগাচতর, সীতাকুন্ড, চট্টগ্রাম",১,Male
২০২৩,মোহাম্মদ ছাির হোসেন,১৫০২৯৫৩৫০১৭৯,মোহাম্মদ ফয়জুল ইসলাম,জাহেদা বেগম,"০৬৭৭, মোক্রম আলী সারেং বাড়ী, উত্তর বগাচতর, বগাচতর, সীতাকুন্ড, চট্টগ্রাম",১,Male
২০২৪,মারুফুল ইসলাম রিমন,১৫০২৯৫৩৫০১৮০,মোঃ এরশাদ,মমতাজ বেগম,"০৮৩৩/লাতু চৌকিদারের বাড়ি, উত্তর বগাচতর, বগাচতর, সীতাকুন্ড, চট্টগ্রাম",১,Male
২০২৫,মোঃ নূর কিবরিয়া,১৫০২৯৫৩৫০১৮১,একরামুল হক,শিরিনা আকতার,"০৭০৮/মোক্রম আলী সেরাং বাড়ি, উঃ বগাচতর, বগাচতর, সীতাকুন্ড, চট্টগ্রাম",১,Male
২০২৬,সারাফাত হোসেন,১৫০২৯৫৩৫০১৮২,মোঃ বেলায়েত হোসেন,সাজেদা আক্তার,"হুরমত খঁা বাড়ী, উঃ বগাচতর, বগাচতর, সীতাকুন্ড, চট্টগ্রাম",১,Male
২০২৭,দিদারুল আলম,১৫০২৯৫৩৫০১৮৩,মোঃ জসিম উদ্দিন,বিবি জাহেদা,"০৯১০/মুনসুর কাজীর বাড়ী, উঃ বগাচতর, বগাচতর, সীতাকুন্ড, চট্টগ্রাম",১,Male
২০২৮,মাহারুপ হাসান,১৫০২৯৫৩৫০১৮৪,মোঃ আলা উদ্দিন,ঝর্না আরা বেগম,"০৫৭২/ মান শফি ভূঁইয়া বাড়ি, উত্তর বগাচতর, বগাচতর, সীতাকুন্ড, চট্টগ্রাম",১,Male
২০২৯,জোবায়েল হোসেন,১৫০২৯৫৩৫০১৮৫,জেবাল হোসেন,পারভীন আক্তার,"মীর বাড়ী, পূর্ব সৈয়দপুর, সৈয়দপুর, সীতাকুন্ড, চট্টগ্রাম",১,Male
২০৩০,মোঃ তানভীর হোসেন রায়হান,১৫০২৯৫৩৫০১৮৬,অলি উল্যা্যাহ,আলেয়া বেগম,"৭৫৪৯ মানি শফি ভূঁইয়া বাড়ি, উত্তর বগাচতর, বগাচতর, সীতাকুন্ড, চট্টগ্রাম",১,Male
২০৩১,রাকিফুল ইসলাম,১৫০২৯৫৩৫০১৮৭,মোহাম্মদ নূরুল আমিন,রাহেলা আক্তার,"আব্দুর রউফ হাজীর বাড়ী, উত্তর বগাচতর, বগাচতর, সীতাকুন্ড, চট্টগ্রাম১১৩চূড়ান্ত ভোটার তালিকাজেলা:চট্টগ্রামউপজেলা:সীতাকুন্ডইউনিয়ন:সৈয়দপুরডাকঘর:সীতাকুন্ডভোটার এলাকার কোড: ০২৯৫ভোটার এলাকার নাম: উত্তর বগাচতর",১,Male
২০৩২,বদরুল হুদা,১৫০২৯৫৩৫০১৮৮,মোঃ বেলাল হোসেন,সাজেদা আক্তার,"শাহ আলম মাস্টার বাড়ী, উত্তর বগাচতর, বগাচতর, সীতাকুন্ড, চট্টগ্রাম",১,Male
২০৩৩,মোঃ সাইদুল ইসলাম,১৫০২৯৫৩৫০১৮৯,জহরুল হক,মৃত সামসুন্নাহার,"০৩৪০/ আকরম গোলামের বাড়ী, উত্তর বগাচতর, বগাচতর, সীতাকুন্ড, চট্টগ্রাম",১,Male
২০৩৪,মোহাম্মদ আলী হোসাইন,১৫০২৯৫৩৫০১৯০,মোহাম্মদ হোসাইন,হাছিনা আক্তার,"০৫১৭/ মুছা কাজী বাড়ী, বগা চত্তর, সীতাকুন্ড, চট্টগ্রাম",১,Male
২০৩৫,সজীব দাস,১৫০২৯৫৩৫০১৯২,সুধী রাম,নয়ন বালা,"০০৭৬/ চুল্যাা বাপেরে বাড়ী, উত্তর বগাচতর, বগাচতর, সীতাকুন্ড, চট্টগ্রাম",১,Male
২০৩৬,নাজমুল হাসান রিপাত,১৫০২৯৫৩৫০১৯৩,নূরের ছাফা,রুনা আক্তার,"হোরা কাজী বাড়ি, বগাচতর, সীতাকুন্ড, চট্টগ্রাম",১,Male
২০৩৭,রিফাত হোসেন,১৫০২৯৫৩৫০১৯৪,মৃত গিয়াস উদ্দিন,মজর্িনা আক্তার,"নিজামুল হকের বাড়ী, #১০২৭, উত্তর বগাচতর, বগাচতর, সীতাকুন্ড, চট্টগ্রাম",১,Male
২০৩৮,নাজিমুল হক,১৫০২৯৫৩৫০১৯৫,মোঃ রিদোয়ানূল হক,নূর জাহান বেগম,"লাতু চৌকিদার বাড়ী,০৮৪৬, উত্তর বগাচতর, বগাচতর, সীতাকুন্ড, চট্টগ্রাম",১,Male
২০৩৯,মোঃ আরমান হোসেন,১৫০২৯৫৩৫০১৯৬,আমিনূল হক,হোছনে আরা বেগম,"০৪১৪, হাফেজ রবিউল হোসেনের বাড়ি, উত্তর বগাচতর, সীতাকুন্ড, চট্টগ্রাম",১,Male
২০৪০,আল জুবায়ের হোসাইন,১৫০২৯৫৩৫০১৯৭,সামছুল আলম,মৃত আছিয়া বেগম,"কেরামত আলী সওদাগর বাড়ী, উত্তর বগাচতর, বগাচতর, সীতাকুন্ড, চট্টগ্রাম",১,Male
২০৪১,মোহাম্মদ নূরুন নবী,১৫০২৯৫৩৫০১৯৮,মৃত মোহাম্মদ রুহুল আমিন,রোকেয়া বেগম,"আব্দুল ভূঁইয়া বাড়ী, উত্তর বগাচতর, বগাচতর, সীতাকুন্ড, চট্টগ্রাম",১,Male
২০৪২,মোঃ সাজ্জাদ হোসেন,১৫০২৯৫৩৫০২০১,মোঃ সাহাব উদ্দিন,বিবি খাদিজা,"হাজী গোলাম নূর মাস্টার বাড়ী, উত্তর বগাচতর, বগাচতর, সীতাকুন্ড, চট্টগ্রাম",১,Male
২০৪৩,ভুঁইয়া সাবিদ বিন হোসাইন,১৫০২৯৫৩৫০২০২,মোহাম্মদ তোফাজ্জল হোসাইন,রোমানা আক্তার,"মান সফি ভূঁইয়া বাড়ী, উত্তর বগাচতর, বগাচতর, সীতাকুন্ড, চট্টগ্রাম",১,Male
২০৪৪,মোঃ রাকিবুল ইসলাম,১৫০২৯৫৩৫০২০৩,মোহাম্মদ আনোয়ারুল ইসলাম,মমতাজ বেগম,"০৪১৭, উত্তর বগাচতর, সীতাকুন্ড, চট্টগ্রাম",১,Male
২০৪৫,মুসলিম উদ্দিন,১৫০২৯৫৩৫০২০৫,মোঃ শাহ আলম,হাসনা বেগম,"তোয়ানি মীর বাড়ী, উত্তর বগাচতর, সীতাকুন্ড, চট্টগ্রাম",১,Male
২০৪৬,সিহাব উদ্দীন,১৫০২৯৫৩৫০২০৬,মোঃ সাহাব উদ্দিন,আলেয়া বেগম,"০১৯৮, তোকার মীর বাড়ী, উত্তর বগাচতর, বগাচতর, সীতাকুন্ড, চট্টগ্রাম",১,Male
২০৪৭,শরীফুদ্দীন,১৫০২৯৫৩৫০২০৭,মোঃ সাহাব উদ্দিন,আলেয়া বেগম,"০১৯৮, তোকার মীর বাড়ী, উত্তর বগাচতর, বগাচতর, সীতাকুন্ড, চট্টগ্রাম",১,Male
২০৪৮,মোঃ ইউসুপ,১৫০২৯৫৩৫০২০৮,মোঃ রফিওজ্জামান,মামনা খাতুন,"তোয়ানী মীর বাড়ী, #১১০৭, উত্তর বগাচতর, বগাচতর, সীতাকুন্ড, চট্টগ্রাম",১,Male
২০৪৯,মোঃ আতিকুর রহমান,১৫০২৯৫৩৫০২১৪,মোঃ নূর হোসেন,রোকেয়া বেগম,"শাহ আলমের বাড়ি, উঃ বগাচতর, বগাচতর, সীতাকুন্ড, চট্টগ্রাম১১৪চূড়ান্ত ভোটার তালিকাজেলা:চট্টগ্রামউপজেলা:সীতাকুন্ডইউনিয়ন:সৈয়দপুরডাকঘর:সীতাকুন্ডভোটার এলাকার কোড: ০২৯৫ভোটার এলাকার নাম: উত্তর বগাচতর",১,Male
২০৫০,রাকিব হোসেন,১৫০২৯৫৩৫০২২৮,নিজাম উদ্দীন,আকলিমা,"লাল মোহন গোমস্তা বাড়ী, #০৮৫৪, উত্তর বগাচতর, বগাচতর, সীতাকুন্ড, চট্টগ্রাম",১,Male
২০৫১,আব্দুর রহীম,১৫০২৯৫৩৫০২৪৬,আবুল কাশেম,সাহেদা বেগম,"মুনছুর কাজির বাড়ী, উত্তর বগাচতর, বগাচতর, সীতাকুন্ড, চট্টগ্রাম",১,Male
২০৫২,মোহাম্মদ হারুন,১৫০২৯৫৩৫০২৪৭,জাগীর হোসেন,জাহানারা বেগম,"মনূ ভূঁইয়া বাড়ী, উত্তর বগাচতর, বগাচতর, সীতাকুন্ড, চট্টগ্রাম",১,Male
২০৫৩,পলাশ চন্দ্র দাস,১৫০২৯৫৩৫০২৪৮,অভিচরণ,বাসুন্তী রানী জলদাস,"কালী কৃষ্ণ জলদাস বাড়ী, উত্তর বগাচতর, বগাচতর, সীতাকুন্ড, চট্টগ্রাম",১,Male
২০৫৪,দয় দাস,১৫০২৯৫৩৫০২৪৯,রবিন্দ্র জলদাস,শিী রানী জল দাস,"জলদাস বাড়ী, #০১৯৯, উত্তর বগাচতর, বগাচতর, সীতাকুন্ড, চট্টগ্রাম",১,Male
২০৫৫,আবু তাহের,১৫০২৯৫৩৫০২৫০,মৃত আবদুল কুদ্দুছ,মৃত আনোয়ারা বেগম,"নূর আহম্মদের বাড়ি, উঃ বগাচতর, বগাচতর, সীতাকুন্ড, চট্টগ্রাম",১,Male
২০৫৬,অজয় রাম দাস,১৫০২৯৫৩৫০২৫১,খুদি রাম,প্রেমবালা,"চুল্যাা বাপের বাড়ী, #০০৭২, উত্তর বগাচতর, বগাচতর, সীতাকুন্ড, চট্টগ্রাম",১,Male
২০৫৭,বোরহান উদ্দীন ইরফান,১৫০২৯৫৩৫০২৫২,নূরুল হুদা,রাশেদা আক্তার,"হোসেনূজ্জামান মৌলভী বাড়ী, উত্তর বগাচতর, বগাচতর, সীতাকুন্ড, চট্টগ্রাম",১,Male
২০৫৮,আবু ছালেক,১৫০২৯৫৩৫০২৫৩,নূর ইসলাম,কোহিনূর আক্তার,"নূর ইসলামের বাড়ী, দিণ বগাচতর, বগাচতর, সীতাকুন্ড, চট্টগ্রাম",১,Male
২০৫৯,আরাফাত আল মোহতাদি,১৫০২৯৫৩৫০২৫৪,মোঃ নূরুাফা,রীমা আক্তার,"মৌলভী হোসেনেজ্জামানের বাড়ী, উত্তর বগাচতর, বগাচতর, সীতাকুন্ড, চট্টগ্রাম",১,Male
২০৬০,ওমর ফারুক,১৫০২৯৫৩৫০২৫৫,আবুল বশর,বিবি আসমা,"তোয়ানী মীর বাড়ী, #১১০৯, উত্তর বগাচতর, বগাচতর, সীতাকুন্ড, চট্টগ্রাম",১,Male
২০৬১,প্রদীপ দাশ,১৫০২৯৫৩৫০২৫৬,সুধী রাম,নয়ন বালা,"চুল্যাা বাপের বাড়ী, উত্তর বগাচতর, বগাচতর, সীতাকুন্ড, চট্টগ্রাম",১,Male
২০৬২,মিছবাহ উদ্দীন,১৫০২৯৫৩৫০২৬৩,বদিউজ্জামান,খতিজা বেগম,"হোরা কাজী বাড়ী, উত্তর বগাচতর, বগাচতর, সীতাকুন্ড, চট্টগ্রাম",১,Male
২০৬৩,তপন দাশ,১৫০২৯৫৩৫০২৬৪,বলরাম দাশ,সীতা রাণী,"চুল্যাা বাপের বাড়ী, #০০৫৯, উত্তর বগাচতর, বগাচতর, সীতাকুন্ড, চট্টগ্রাম",১,Male
২০৬৪,ইমন জলদাস,১৫০২৯৫৩৫০২৬৫,কালি দাস,দেবী রাণী,"অনন্ত কুমার জলদাস বাড়ী, উত্তর বগাচতর, বগাচতর, সীতাকুন্ড, চট্টগ্রাম",১,Male
২০৬৫,সুমল দাশ,১৫০২৯৫৩৫০২৬৬,দুখিরাম দাশ,রানী বালা,"অনন্ত কুমার জলদাসের বাড়ী, বাঘা ছাত্তার, সীতাকুন্ড, চট্টগ্রাম",১,Male
২০৬৬,পরশ দাশ,১৫০২৯৫৩৫০২৬৮,মতিলাল,স্যা,"অনন্ত কুমার জলদাস বাড়ী, উত্তর বগাচতর, বগাচতর, সীতাকুন্ড, চট্টগ্রাম",১,Male
২০৬৭,সুমীর দাস,১৫০২৯৫৩৫০২৬৯,দুলাল,রবিবালা,"চুল্যাা বাপের বাড়ী, উত্তর বগাচতর, বগাচতর, সীতাকুন্ড, চট্টগ্রাম১১৫চূড়ান্ত ভোটার তালিকাজেলা:চট্টগ্রামউপজেলা:সীতাকুন্ডইউনিয়ন:সৈয়দপুরডাকঘর:সীতাকুন্ডভোটার এলাকার কোড: ০২৯৫ভোটার এলাকার নাম: উত্তর বগাচতর",১,Male
২০৬৮,শিফন দাস,১৫০২৯৫৩৫০২৭২,প্রিয় নাথ,ধনপতি,"অনন্ত কুমার জলদাস বাড়ী, উত্তর বগাচতর, বগাচতর, সীতাকুন্ড, চট্টগ্রাম",১,Male
২০৬৯,অমীর চন্দ্র দাস,১৫০২৯৫৩৫০২৭৫,দুলাল,রবি বালা,"চুল্যাা বাপের বাড়ী, উত্তর বগাচতর, বগাচতর, সীতাকুন্ড, চট্টগ্রাম",১,Male
২০৭০,আরাফাত হোসাইন ফাহিম,১৫০২৯৫৩৫০২৭৭,এমদাদ উল্যাহ,পারবিন আক্তার,"মোতালী ব্যাপারী বাড়ী, উত্তর বগাচতর, বাঘা ছাত্তার, সীতাকুন্ড, চট্টগ্রাম",১,Male
২০৭১,সরওয়ার উদ্দীন,১৫০২৯৫৩৫০২৭৮,মফিজুর রহমান,রাজধন বেগম,"হাবিব উল্যাাহ মীর বাড়ী, উত্তর বগাচতর, বগাচতর, সীতাকুন্ড, চট্টগ্রাম",১,Male
২০৭২,শাহাদাত হোসেন,১৫০২৯৫৩৫০২৭৯,মোঃ শহীদ,আনজু আরা,"০৫৬৩ বাহার মাঝি বাড়ি, উঃ বগাচতর, বগাচতর, সীতাকুন্ড, চট্টগ্রাম",১,Male
২০৭৩,আলিম উদ্দিন,১৫০২৯৫৩৫০২৮০,মৃত রহিম উল্যাাহ,আনোয়ারা বেগম,"কেরামত আলী বাড়ী, উত্তর বগাচতর, বগাচতর, সীতাকুন্ড, চট্টগ্রাম",১,Male
২০৭৪,অরুন জলদাস,১৫০২৯৫৩৫০২৮১,ননাই,লালমতি,"কালীকৃষ্ণ জলদাস বাড়ী, #০০৮৩, উত্তর বগাচতর, বগাচতর, সীতাকুন্ড, চট্টগ্রাম",১,Male
২০৭৫,সীপক দাস,১৫০২৯৫৩৫০২৮২,কৃষ্ণ,কমলা,"ঠাকুর বাড়ী, #০৩১৭, উত্তর বগাচতর, বগাচতর, সীতাকুন্ড, চট্টগ্রাম",১,Male
২০৭৬,রনি দাস,১৫০২৯৫৩৫০২৮৩,পবিত্র দাস,চাা রাণী,"#০১১২, অনন্ত কুমার জলদাস বাড়ী, উত্তর বগাচতর, বগাচতর, সীতাকুন্ড, চট্টগ্রাম",১,Male
২০৭৭,মোহাম্মদ ইমাম হোসেন,১৫০২৯৫৩৫০২৯৫,মৃত মোহাম্মদ সিরাজুল মোস্তফা,মৃত শরীফা বেগম,"মোহাম্মদ শফি ভূঁইয়া বাড়ী, উত্তর বগাচতর, বগাচতর, সীতাকুন্ড, চট্টগ্রাম",১,Male
২০৭৮,আবুল হোসেন,১৫০২৯৫৩৫০১২৫,নূরুল গনি,সরিফা খাতুন,"মুনছুর কাজী বাড়ি, উত্তর বগাচতর, বগাচতর, সীতাকুন্ড, চট্টগ্রাম",১,Male
২০৭৯,মোঃ এনামুল হক,১৫০২৯৫৩৫০১৩২,আব্দুর জার,হাফিজা খাতুন,"আবদুল জার মিস্ত্রি বাড়ী, বগাচতর, সীতাকুন্ড, চট্টগ্রাম",১,Male
২০৮০,মোহাম্মদ সেকান্দার,১৫০২৯৫৩৫০১৩৫,মোঃ আবুল খায়ের,করপুলের নেছা,"০৭৪৭, উত্তর বগাচতর, সীতাকুন্ড, চট্টগ্রাম",১,Male
২০৮১,মোহাম্মদ শাহজাহান,১৫০২৯৫৩৫০২৮৭,এবাদুল রহমান,তরিকুল নেছা,"আবদুর রউফ হাজী বাড়ী, উঃ বগাচতর, বগাচতর, সীতাকুন্ড, চট্টগ্রাম",১,Male
২০৮২,আবু ছালেহ মেশকাত,১৫০২৯৫৩৫০২৯০,মোঃ এনামুল হক,জয়নাব বেগম,"আব্দুর জার মিস্ত্রী বাড়ী, উত্তর বগাচতর, বগাচতর, সীতাকুন্ড, চট্টগ্রাম",১,Male
২০৮৩,মোঃ মেহেদী হাসান,১৫০২৯৫৩৫০২৯৩,মোঃ এনামুল হক,জয়নাব বেগম,"আব্দুর জার মিস্ত্রী বাড়ী, উত্তর বগাচতর, বগাচতর, সীতাকুন্ড, চট্টগ্রাম",১,Male
২০৮৪,মোঃ আবু সুফিয়ান,১৫০২৯৫৩৫০২৯৬,মোঃ এনামুল হক,মোছাম্মৎ জয়নব বেগম,"আব্দুর জার মিস্ত্রী বাড়ী, উত্তর বগাচতর, বগাচতর, সীতাকুন্ড, চট্টগ্রাম",১,Male
২০৮৫,গিয়াস উদ্দিন (বাবলু),১৫০২৯৫৩৫০২৯৭,আমিনূর জামান,বিবি মরিয়ম,"আব্দুল ভূঁইয়া বাড়ী, উত্তর বগাচতর, বগাচতর, সীতাকুন্ড, চট্টগ্রাম১১৬চূড়ান্ত ভোটার তালিকাজেলা:চট্টগ্রামউপজেলা:সীতাকুন্ডইউনিয়ন:সৈয়দপুরডাকঘর:সীতাকুন্ডভোটার এলাকার কোড: ০২৯৫ভোটার এলাকার নাম: উত্তর বগাচতর",১,Male
২০৮৬,শাহীন উদ্দীন,১৫০২৯৫৩৫০২৯৯,গিয়াস উদ্দিন বাবুল,শাহানাজ বেগম,"আব্দুল ভূঁইয়া বাড়ী, উত্তর বগাচতর, বগাচতর, সীতাকুন্ড, চট্টগ্রাম",১,Male
২০৮৭,নূর ইসলাম,১৫০২৯৫৩৫০৩০০,সাহাব মিয়া,দেলোয়ারা বেগম,"নূরুল হক হাজীর বাড়ী, উত্তর বগাচতর, বগাচতর, সীতাকুন্ড, চট্টগ্রাম",১,Male
২০৮৮,মোঃ নজরুল ইসলাম,১৫০২৯৫৩৫০৩০১,নূর হোসাইন,আবেদা খাতুন,"নূর হোসেন মিস্ত্রী বাড়ী, উত্তর বগাচতর, বগাচতর, সীতাকুন্ড, চট্টগ্রাম",১,Male
২০৮৯,বিকাশ চন্দ্র দাস,১৫০২৯৫৩৫০৩০৭,রবীন্দ্র চন্দ্র দাস,বি রানী দাস,"রবেন্দ্র কবিরাজ বাড়ী, উত্তর বগাচতর, বগাচতর, সীতাকুন্ড, চট্টগ্রাম",১,Male
২০৯০,বাদল দাস,১৫০২৯৫৩৫০৩১২,ামা চরণ দাস,সুমতি বালা দাস,"বজেন্দ্র কবিরাজ বাড়ী, উত্তর বগাচতর, বগাচতর, সীতাকুন্ড, চট্টগ্রাম",১,Male
২০৯১,মোঃ মির রায়হান,১৫০২৯৫৩৫০১৩৩,মনির হোসেন,আছমা আক্তার,"হুরমত খঁা ভূইঁয়া বাড়ী, উত্তর বগাচতর, বগাচতর, সীতাকুন্ড, চট্টগ্রাম",১,Male
২০৯২,তোফাজ্জল হোসেন,১৫০২৯৫০০০১৩৫,মোঃ মহিম,ফেরদৌস আরা বেগম,"০৫০৭/শাহ আলম মাস্টারের বাড়ি, বগাচতর, সীতাকুন্ড, চট্টগ্রাম",১,Male
২০৯৩,বিকাশ দাস,১৫০২৯৫০০০২৪৮,ধন বাসী,যমুনা,"কালি কৃষ্ণ জলদাসের বাড়ী, উত্তর বগাচতর, বগাচতর, সীতাকুন্ড, চট্টগ্রাম",১,Male
২০৯৪,আকাশ চন্দ্র দাস,১৫০২৯৫০০১৪২৯,অভিচরণ,বাসুন্তী রানী জলদাস,"০০৯০, কালী কৃষ্ণ জলদাস বাড়ী, বগাচতর, সীতাকুন্ড, চট্টগ্রাম",১,Male
২০৯৫,নাজমুল হোসেন,১৫০২৯৫০০১৪৩২,মোঃ শামসুল হুদা,রুমি বেগম,"০২৯৬ আমান উল্যাাহ মুহুরী বাড়ি, উঃ বগাচতর, বগাচতর, সীতাকুন্ড, চট্টগ্রাম",১,Male
২০৯৬,অর্পন দাশ ভ,১৫০২৯৫০০১৪৩৩,নির্মল চন্দ্র দাশ,রুমা দাস,"০৬৯৯/ বেছারাম কবিরাজ বাড়ী, উঃ বগাচতর, বগাচতর, সীতাকুন্ড, চট্টগ্রাম",১,Male
২০৯৭,মোঃ শামছুল আরফিন তামিম,১৫০২৯৫০০১৪৩৪,মোহাম্মদ সামছুদ্দোহা,সাজেদা আক্তার,"০২৩৮, মৌলভী হোসেনেজ্জামানের বাড়ী, উত্তর বগাচতর, বগাচতর, সীতাকুন্ড, চট্টগ্রাম",১,Male
২০৯৮,আতিক হোসেন মারুফ,১৫০২৯৫০০১৪৩৫,আবু নছর,সালমা আক্তার,"২০/নূর আহাম্মদ সারেং বাড়ী, উঃ বগাচতর, বগাচতর, সীতাকুন্ড, চট্টগ্রাম",১,Male
২০৯৯,মোহাম্মদ রাশেদুল ইসলাম,১৫০২৯৫০০১৪৩৬,আবুল কাশেম,হাছিনা আক্তার,"তোয়ানী মীর বাড়ী, #১১০৮, উত্তর বগাচতর, বগাচতর, সীতাকুন্ড, চট্টগ্রাম",১,Male
২১০০,ভ দাশ,১৫০২৯৫০০১৪৩৭,সিু,সবিতা,"অনন্ত কুমার জলদাসের বাড়ী, বগাচতর, সীতাকুন্ড, চট্টগ্রাম",১,Male
২১০১,আরাফাত হোসেন,১৫০২৯৫০০১৪৩৮,নূরুল্যাহ,রোকেয়া বেগম,"০৪৮৫, শাহ আলম মাস্টার বাড়ি, উত্তর বগাচতর, বগাচতর, সীতাকুন্ড, চট্টগ্রাম",১,Male
২১০২,শাফায়েত হোসেন,১৫০২৯৫০০১৪৪০,মোঃ দেলোয়ার হোসেন,আকলিমা আক্তার,"৮৬৬/মনছুর কাজী বাড়ী, উত্তর বগাচতর, বগাচতর, সীতাকুন্ড, চট্টগ্রাম",১,Male
২১০৩,মোঃ আমজাদ হোসেন,১৫০২৯৫০০১৪৪৪,মোহাম্মদ সিরাজ মিয়া,বিবি ফাতেমা,"আাস মিয়ার বাড়ি, উত্তর বগাচতর, উত্তর বগাচতর, সীতাকুন্ড, চট্টগ্রাম১১৭চূড়ান্ত ভোটার তালিকাজেলা:চট্টগ্রামউপজেলা:সীতাকুন্ডইউনিয়ন:সৈয়দপুরডাকঘর:সীতাকুন্ডভোটার এলাকার কোড: ০২৯৫ভোটার এলাকার নাম: উত্তর বগাচতর",১,Male
২১০৪,মোঃ সালমান বিন জাফর,১৫০২৯৫০০১৪৪৫,মোঃ আবু জাফর,তাহমিনা আক্তার,"নূরুল হক হাজীর বাী, উ: বগাচতর, বগাচতর, সীতাকুন্ড, চট্টগ্রাম",১,Male
২১০৫,আবদুল আহাদ,১৫০২৯৫০০১৪৪৬,বেলায়েত হোসেন,বিবি ফাতেমা,"মৌলভী ছদিকের বাড়ী, উত্তর বগাচতর, বগাচতর, সীতাকুন্ড, চট্টগ্রাম",১,Male
২১০৬,রিয়াজ উদ্দিন,১৫০২৯৫০০১৪৪৮,আবদুল মান্নান,শামছুন্নাহার,"০৬৩২/আব্দুর রউফ হাজী বাড়ী, উঃ বগাচতর, বগাচতর, সীতাকুন্ড, চট্টগ্রাম",১,Male
২১০৭,সাকাওয়াত হোসেন,১৫০২৯৫০০১৪৪৯,আবু তাহের,ফারভীন আক্তার,"০১২৮, হোরা কাজী বাড়ী, উত্তর বগাচতর, বগাচতর, সীতাকুন্ড, চট্টগ্রাম",১,Male
২১০৮,মোঃ মেহেদী হাসান,১৫০২৯৫০০১৪৫০,নূরুল গণি,বিবি আলেয়া,"০৪১৫, হাফেজ রবিউল হোসেনের বাড়ি, উত্তর বগাচতর, উত্তর বগাচতর, সীতাকুন্ড, চট্টগ্রাম",১,Male
২১০৯,সরিফ দাশ,১৫০২৯৫০০১৪৫২,অনাথ বু,রাধা রানী,"অনন্ত কুমার জলদাসের বাড়ী, #০২০৫, উত্তর বগাচতর, বগাচতর, সীতাকুন্ড, চট্টগ্রাম",১,Male
২১১০,অজয় দাস,১৫০২৯৫০০১৪৫৩,হরি মহন,কান,"০২০৬/ অনন্ত কুমার জলদাসের বাড়ী, উত্তর বগাচতর, বগাচতর, সীতাকুন্ড, চট্টগ্রাম",১,Male
২১১১,মোঃ জাবেদ হোসেন,১৫০২৯৫০০১৪৫৪,মোঃ জয়নাল আবেদীন,জেবুন নাহার,"০১৩২, হোরা কাজী বাড়ী, বগাচতর, সীতাকুন্ড, চট্টগ্রাম",১,Male
২১১২,নির্মল চন্দ্র জলদাস,১৫০২৯৫০০১৪৫৭,গৌরাঙ্গ জলদাস,রাজ লী জলদাস,"জেলে পাড়া, সৈয়দপুর, বগাচতর, সীতাকুন্ড, চট্টগ্রাম",১,Male
২১১৩,মোঃ তৌফিকুল আলম বাী,১৫০২৯৫৩৫০৩০৪,মোঃ জানে আলম,জোসনা আক্তার,"হাবীব উল্যাা মীর বাড়ী, উত্তর বগাচতর, সীতাকুন্ড, চট্টগ্রাম",১,Male
২১১৪,মুহাম্মদ নূরউদ্দীন,১৫০২৯৫৩৫০৩০৫,জয়নাল আবেদীন,নূরজাহান বেগম,"#৫০৬, মুছা হাজীর বাড়ী,, উত্তর বগাচতর, বগাচতর, সীতাকুন্ড, চট্টগ্রাম",১,Male
২১১৫,মোহাম্মদ আবুল কাশেম,১৫০২৯৫৩৫০৩০৬,মৃত নূরুল গনি,শরিফা খাতুন,"মুনছুর কাজীর বাড়ী, উত্তর বগাচতর, বগাচতর, সীতাকুন্ড, চট্টগ্রাম",১,Male
২১১৬,আবদুল শাকিব,১৫০২৯৫৩৫০৩০৯,এনামুল হক,খালেদা আক্তার,"০৪১৬, উত্তর বগাচতর, বগাচতর, সীতাকুন্ড, চট্টগ্রাম",১,Male
২১১৭,সাজ্জাদ হোসেন,১৫০২৯৫৩৫০৩১৩,রেজাউল করিম,রুজিনা আক্তার,"আব্দুল কাদের মোল্যাা বাড়ী/০১৪০, উত্তর বগাচতর, বগাচতর, সীতাকুন্ড, চট্টগ্রাম",১,Male
২১১৮,মোঃ নূরুল আনোয়ার,১৫০২৯৫৩৫০৩১৯,মোঃ ফরিদ আহম্মদ,মোছাম্মদ নূরজাহান বেগম,"কাদের মোল্যাা বাড়ী, উত্তর বগাচতর, বগাচতর, সীতাকুন্ড, চট্টগ্রাম",১,Male
২১১৯,আবুল হাসেম,১৫০২৯৫৩৫০৩১৬,আবদুল হক,খায়রের নেছা,"নূর আহম্মদ সারেং বাড়ী, উত্তর বগাচতর, বগাচতর, সীতাকুন্ড, চট্টগ্রাম",১,Male
২১২০,রতন দাস,১৫০২৯৫৩৫০৩১৭,বলরাম,শোভা রাণী,"চুল্যাা বাপের বাড়ী, উত্তর বগাচতর, বগাচতর, সীতাকুন্ড, চট্টগ্রাম",১,Male
২১২১,আকাশ দাস,১৫০২৯৫৩৫০৩১৮,বিষ্ণু জলদাস,রা জলদাস,"অদর চন্দ্র জলদাস বাড়ী, উত্তর বগাচতর, বগাচতর, সীতাকুন্ড, চট্টগ্রাম১১৮চূড়ান্ত ভোটার তালিকাজেলা:চট্টগ্রামউপজেলা:সীতাকুন্ডইউনিয়ন:সৈয়দপুরডাকঘর:সীতাকুন্ডভোটার এলাকার কোড: ০২৯৫ভোটার এলাকার নাম: উত্তর বগাচতর",১,Male
২১২২,মুহাম্মদ মুছা,১৫০২৯৫৩৫০৩১৫,মৃত খোরশেদ আলম,মৃত রাবেয়া খাতুন,"মোক্রম আলী সারেং বাড়ী, উত্তর বগাচতর, বগাচতর, সীতাকুন্ড, চট্টগ্রাম",১,Male
২১২৩,ইকবাল হোসেন,১৫০২৯৫৩৫০৩২০,মোঃ হেলাল,রুমা আক্তার,"আমান উল্যাা মুহুরী বাড়ী, উত্তর বগাচতর, বগাচতর, সীতাকুন্ড, চট্টগ্রাম",১,Male
২১২৪,মেহেরাফ হোসেন,১৫০২৯৫০০১৪৬১,মোশারফ হোসেন,কহিনূর আক্তার,"সাম মাঝি বাড়ী, উত্তর বগাচতর, বগাচতর, সীতাকুন্ড, চট্টগ্রাম১১৯রেজিেশন অফিসার",১,Male
